customer_id,age,gender,marital_status,education,employment_status,employment_length_years,annual_income,monthly_debt_payments,debt_to_income_ratio,credit_score,number_of_open_credit_lines,number_of_delinquencies_last_2yrs,has_mortgage,home_ownership,loan_amount_requested,loan_term_months,loan_purpose,interest_rate_pct,previous_default,region,application_date,default_status
CR101996,50.0,Female,Divorced,Bachelor, Employed ,4.0,63380.92,881.56,0.167,793.0,3,0,Yes, Own ,8975.14,48,Home Improvement,29.21,no,Central,11-13-2021,0
CR104171,, Male ,SINGLE,Master,Employed,12.4,47601.51,1410.85,0.356,676.0,16,0,No,Rent,4584.66,48,Education,12.26,No,West,28/11/2023,0
CR101214,22.0,Male,Married,Bachelor,Retired,0.0,24012.33,919.64,0.46,714.0,14,0, No , Mortgage ,58206.39,36,Other,4.61,No,East,12/04/2021,0
CR100245,22.0,MALE,Single,Master,Employed,7.0,18784.85,383.87,0.245,561.0,11,0,No,Own,28542.66,60,Debt Consolidation,8.73,No,South,2023-04-05,0
CR100937,26.0,Male,Married,High School,Employed,15.0,70762.11,2160.07,0.366,595.0,15,0,Y,Mortgage,55638.83,12,Car,13.02,No,West,2022-06-05,0
CR100016,47.0,Female,Single,Master,Employed,4.6,,3216.68,0.417,729.0,14,0,No,,5716.62,24,Education,18.75,NO,South,10-26-2021,0
CR104534,19.0,Male,Single,Master,SELF-EMPLOYED,5.7,33284.88,525.68,0.19,593.0,18,0,No,Other,28890.03,36,car,7.65,No,East,2021-02-21,1
CR103081,65.0,male, Single ,PhD,Self-Employed,1.0,26603.45,742.78,0.335,652.0,0,2,,,35759.24,48,Home Improvement,25.08,NO,Central,24/12/2021,0
CR104402,41.0,Male,Single,Bachelor,Employed,8.4,31531.95,83.9,0.032,346.0,4,1,NO,Mortgage,52661.59,12,Debt Consolidation,21.28,No,central,01/08/2023,1
CR101957,48.0,Female,Married,PHD,Retired,,113114.99,2637.05,0.28,480.0,8,1, No ,Mortgage,48742.65,48,Home_Improvement,16.58,No,Central,01-26-2021,0
CR103223,62.0,MALE,Divorced,Master, Employed ,0.4,20051.91,815.01,0.488,488.0,16,0,Yes,Rent,49118.99,36,debt consolidation,13.51,YES,south,2021-09-17,1
CR104504,18.0,Male,Divorced,MASTER,Employed,8.5,25118.0,652.03,0.312,514.0,6,0,,Other,48254.22,60,Debt Consolidation,23.86,No,South,10-20-2023,1
CR104430,71.0,Female,Single,Bachelor,Employed,18.0,19542.75,847.06,0.52,646.0,5,1,Y,Rent,16224.98,36,debt consolidation,9.81,No,West,2022-02-15,0
CR103003,73.0,Male,Widowed,Bachelor, Unemployed ,18.6,36479.42,581.06,0.191,363.0,19,0,Yes,Rent,26501.01,12,Home Improvement,9.67,No,Central,2023-04-18,1
CR100097,57.0,Female,Married,High School,EMPLOYED,12.7,,1105.35,0.443,318.0,11,0,NO,Own,57192.04,60,Other,23.91,no,Central,10-01-2022,0
CR100344,70.0,Female,SINGLE,Bachelor,SELF-EMPLOYED,8.6,40134.98,1532.21,,542.0,12,0,No,Rent,42771.73,24,Education,6.35,No,north,06/06/2022,1
CR104273,36.0,Male,Married,Bachelor,Retired,5.3,35532.08,992.22,0.335,461.0,19,0,1,Rent,3890.33,60,Debt Consolidation,9.64,No,Central,23/08/2024,0
CR103471,0.0,Male,Married,,Employed,16.2,29994.93,1109.21,0.444,798.0,11,1,Yes,mortgage,45865.38,12,Car,24.52,NO,North,02/01/2022,0
CR100774,67.0,Male,Single,Other,Self-Employed,,19584.13,360.17,,,13,0,No,Own,40561.94,60,Other,19.76,No,NORTH,09-28-2023,1
CR102485,,female,Single,Other,self-employed,9.3,60949.17,2050.65,0.404,566.0,16,1, N ,Rent,38083.7,60,Business,16.97,,North,15/08/2023,0
CR104316,74.0,female,Married,phd,Employed,0.0,70187.6,2891.36,0.494,777.0,12,1,No,Own,49680.92,60, Debt Consolidation ,5.68,No,East,2024-07-31,0
CR100492,61.0,Male,Married,Bachelor,Employed,8.7,40527.45,113.03,0.033,623.0,11,0,No,Rent,40037.7,24,Business,28.6, No ,Central,13/12/2024,0
CR103758,22.0,Male,Married,master,Employed,8.8,30731.85,1070.59,0.418,832.0,18,0,No,Rent,24579.92,36,Debt_Consolidation,16.88,No, Central ,02/08/2022,0
CR103408,56.0,Male,Single,High School,EMPLOYED,7.9,18246.44,285.14,0.188,521.0,13,0,Yes,Other,59440.15,36,Car,8.1,NO,SOUTH,10/03/2021,0
CR100482,32.0,Male,Married,High_School,Self-Employed,5.1,15782.95,673.83,0.512,748.0,12,0,No,,30638.05,12,MEDICAL,11.91,No,West,2022-07-12,0
CR101148,57.0,Male,Married,High School,Employed,4.1,82548.47,2880.18,0.419,582.0,4,0,Yes,Rent,9213.51,12,Home Improvement,15.21,,North,10-12-2023,0
CR104266,38.0,Female,Single,bachelor,Employed,8.5,35018.48,408.79,0.14,530.0,16,1,No,Own,48638.19,24,Car,14.45,Yes,East,08-05-2021,0
CR101856,39.0,Female,Divorced,Master, Unemployed ,14.4,81010.38,840.74,0.125,617.0,5,2,No,Own,53530.52,12,Home Improvement,8.46,No,East,03-05-2021,0
CR101419,45.0,Male,Married,Bachelor, Employed ,2.9,30413.71,1292.38,0.51,788.0,4,2,YES,Rent,2934.68,48,Home Improvement,10.36,Yes,East,21/06/2023,1
CR100042,58.0,Female, Single ,High School,Employed,17.9,27256.48,1096.48,0.483,663.0,1,0, Yes , Own ,40988.09,24,Education,8.75,no,South,10-24-2024,0
CR104412,37.0,Male,Single,Bachelor,Employed,3.4,,169.31,0.236,,1,0,1,Rent,53055.25,12,Home Improvement,29.42, No ,north,02/12/2023,0
CR104345,47.0,Male,Married,High School,Employed,6.0,44115.21,1866.61,0.508,354.0,6,1,Yes,,39913.18,12,Other,5.11,No,East,2023-01-08,1
CR102775,35.0,Female,MARRIED,Bachelor,Unemployed,0.0,38958.01,202.92,0.063,445.0,11,0,No,Own,37985.76,36,Debt Consolidation,24.6,no,Central,2024-11-05,1
CR104113,74.0,Male,divorced,PhD,Employed,5.8,29338.76,659.05,0.27,708.0,16,0,YES, Rent ,32966.56,48,DEBT CONSOLIDATION,18.98,No,Central,2021-05-23,0
CR101207,59.0,Female,Married,Bachelor,Employed,12.8,40686.65,530.69,0.157,100.0,15,0,No,Rent,15326.25,24,Business,24.74,Yes,West,31/03/2023,0
CR101799,48.0,Female,Married,High_School,Retired,0.0,57919.1,901.47,0.187,378.0,17,0, No ,Rent,59276.71,24,Debt Consolidation,18.02,No,North,2023-06-17,0
CR102519,75.0, Male ,Divorced,Master,Employed,12.9,49257.09,1948.61,0.475,807.0,14,0,No,Rent,37324.37,24,Business,29.88,No,West,2024-08-18,0
CR101990,48.0,Male,Married,Master,SELF-EMPLOYED,3.2,43942.08,1185.75,0.324,711.0,13,0,YES,Rent,21278.39,12, Debt Consolidation ,27.08,No,East,12/04/2024,0
CR104306,60.0,Male,MARRIED,Master,Employed,0.0,,655.75,0.453,452.0,0,0,no,Own,38620.09,12,DEBT CONSOLIDATION,23.0,No,Central,04-29-2024,0
CR104236,72.0,Female,Single,Master,Employed,12.8,65149.48,1437.29,0.265,326.0,17,1,,MORTGAGE,14885.06,36,Debt Consolidation,18.1,No,Central,2021-12-17,0
CR103355,43.0,Female,Married,Bachelor,Employed,19.6,61220.55,1296.64,0.254,324.0,9,0,Yes,Mortgage,43951.06,24,Debt Consolidation,20.46,Yes,north,2021-04-13,1
CR103519,71.0,Male,Single,master,Employed,5.6,49413.78,82.67,0.02,627.0,18,0,No,Rent,20503.47,12,DEBT CONSOLIDATION,28.66,No,South,24/12/2024,0
CR101753,40.0,Male,Married,PhD,Employed,13.0,36837.22,906.22,0.295,302.0,19,0,No,Mortgage,4569.22,24,Debt Consolidation,12.88,No, East ,2022-05-02,0
CR103427,69.0,other,DIVORCED,Bachelor,Employed,6.7,83332.6,2062.24,0.297,821.0,17,1,Yes,,4651.42,60,Debt Consolidation,8.93,No,West,16/12/2021,1
CR104037,53.0,Male,WIDOWED,Other,Unemployed,,14536.21,611.38,0.505,342.0,4,0, Y ,Rent,9212.01,24,EDUCATION,22.65,,North,04-21-2022,1
CR102369,28.0,Male,Divorced,Master,Unemployed,11.3,39476.02,1360.43,0.414,491.0,6,0,Y,Own,27960.25,24,Debt Consolidation,6.61,No,Central,05-10-2024,1
CR104260,31.0,Female,Married,,employed,13.4,24846.87,151.84,0.073,349.0,10,1,Yes,Mortgage,49937.98,60,Business,29.43,No,South,2022-09-16,1
CR100046,43.0,Male,Married,Bachelor,Employed,10.7,43263.87,962.05,0.267,588.0,16,2,No,Own,39077.67,24,Car,5.57,No,East,07-13-2022,1
CR103401,71.0,Female,Married,High School,Employed,7.6,24350.29,664.22,0.327,413.0,0,0,NO,Rent,16246.48,36,Education,23.65,, Central ,09-24-2021,0
CR104445,42.0,male,Married,High School,EMPLOYED,9.7,58286.25,1932.32,0.398,667.0,10,0,No,mortgage,36117.26,48,Business,26.2,Yes,South,27/05/2024,0
CR103575,57.0,Female,Married,Bachelor,employed,5.0,10656.5,380.62,0.429,361.0,6,0,,,26538.49,60,Other,29.43,yes, South ,2024-06-03,1
CR103990,61.0,Female,Married,Other,Employed,7.5,42297.26,273.24,0.078,606.0,14,0,1,,29863.11,24,Debt Consolidation,16.94,No,West,2022-04-12,0
CR101627,51.0,male,Married,High School,Employed,12.0,35817.24,1135.87,0.381,,5,0,Yes,RENT,17731.37,60,Education,21.24, No , West ,06/05/2022,1
CR103583,35.0,Female,,Bachelor,Employed,9.8,54108.86,1847.57,,405.0,19,0,No,Own,30270.71,12,Debt Consolidation,16.64,No,north,11/07/2024,1
CR102707,35.0,Male,Married,Bachelor,Employed,10.3,14740.27,197.97,0.161,427.0,17,0,No,Rent,26853.39,36,Business,17.65,YES,south,2023-08-13,1
CR102396,72.0,Female,,BACHELOR,Self-Employed,17.9,85896.03,3823.41,0.534,368.0,7,0,No,mortgage,57196.88,60,Debt Consolidation,7.79,No,North,01-29-2022,1
CR101808,,Female,Single,High School,Employed,10.7,45221.49,583.71,0.155,642.0,5,2,Yes,Mortgage,32773.99,60,car,12.56,No,South,26/08/2024,0
CR101455,21.0,Male,Divorced,Bachelor,Employed,11.6,31707.53,910.14,0.344,595.0,17,1,N,,15254.26,48,Business,25.82,No,South,2022-08-21,1
CR101456,75.0,FEMALE,Single,High School,EMPLOYED,3.3,93702.8,2227.18,0.285,337.0,8,1,,Mortgage,15331.78,12,Debt Consolidation,27.98,NO,South,04-26-2024,1
CR101381,34.0, Female ,,Other,Employed,10.7,52855.9,699.16,0.159,791.0,11,0,Yes,Rent,25043.3,12,Debt Consolidation,21.28,No,South,03/08/2023,0
CR102419,42.0,Male,Single,bachelor,Self-Employed,14.5,76520.53,3145.66,0.493,785.0,15,0,No,rent,11075.89,24, Debt Consolidation ,12.37, No ,East,04-10-2024,0
CR103854,45.0,Female, Divorced ,other,Self-Employed,2.7,138000.79,2661.02,0.231,529.0,6,0,No,Mortgage,53346.39,48,Medical,13.08,No,west,2021-10-18,0
CR103221,32.0,Female,Single,Bachelor,Unemployed,4.9,69106.02,1394.93,0.242,740.0,8,1,No,,38994.44,12,Car,5.05,No,West,2024-11-20,0
CR104281,,Male,SINGLE,Other,Employed,14.2,48905.21,1618.4,0.397,725.0,3,1,Yes, Own ,49165.0,48,Education,25.03,No,west,09/12/2021,1
CR104287,64.0,Male,Single,High School,Employed,9.5,73061.36,2688.05,0.442,448.0,19,0,No,Mortgage,8337.29,60,Debt Consolidation,22.7,NO,Central,2021-02-19,1
CR101450,35.0,Female,,Master,Employed,15.8,41134.66,668.76,0.195,414.0,5,2,No,Rent,58538.28,36,Debt Consolidation,18.01,No,South,11-17-2023,1
CR103841,46.0,Female, Divorced ,Master,Retired,10.8,54781.97,1477.2,0.324,737.0,16,1,Yes,,24720.81,36,Business,24.34,No,Central,2024-01-24,0
CR100606,36.0,Male,Single,High School,Unemployed,11.9,31375.09,1064.54,0.407,,8,0,No,Rent,42335.04,48,other,8.27,No,East,2023-09-14,0
CR104211,59.0,Male,,Bachelor,Employed,0.9,35271.65,1227.33,0.418,733.0,15,0,Yes,Rent,58338.79,12,HOME IMPROVEMENT,24.79,No,west,08-19-2024,0
CR100085,,Male,Single,Bachelor,Employed,11.4,47929.46,2127.82,2.3888111101184344,302.0,12,0,No, Mortgage ,5125.12,48,Education,6.87,NO,North,01-26-2023,0
CR104212,42.0,Male,Married,,Employed,6.2,21693.06,795.52,0.44,507.0,7,1,No, Own ,17662.54,48,Car,26.31,No, East ,2021-10-07,0
CR100538,49.0, Male ,Married,High School,Employed,6.4,25189.08,974.74,0.464,346.0,9,0,No,Mortgage,36073.75,36,Car,11.79,No,North,2021-01-26,0
CR102770,,Male,,,Self-Employed,16.3,29017.42,654.09,0.27,507.0,9,0,Yes,Rent,17208.49,48,OTHER,25.77,no,NORTH,2023-05-16,0
CR102861,71.0,Female,single,,employed,17.5,25879.66,43.31,0.02,311.0,1,0,Yes,Rent,40693.59,24,DEBT CONSOLIDATION,28.14,No,North,06/03/2023,1
CR102939,,Female,Married,Bachelor,Unemployed,4.5,24343.83,1050.93,0.518,,18,2,Yes, Rent ,28681.05,12,Education,14.39,No,East,12/12/2023,1
CR102479,25.0,MALE, Married ,Master,Employed,2.3,38399.79,667.67,0.209,577.0,1,0,Y,rent,29904.42,48,OTHER,20.74,No,South,26/09/2023,0
CR101656,67.0,Female,Married,High School,Employed,0.0,22384.91,541.37,0.29,761.0,7,0,No,Rent,51579.35,24, Education ,22.0,yes,East,12/07/2022,1
CR101790,51.0,Female,Married,High School,Employed,15.3,84219.15,3598.46,0.513,680.0,6,2,No,OWN,57827.32,48,Car,25.81,Yes,West,2021-12-13,1
CR103580,69.0,Male,,master,Self-Employed,4.2,29301.93,1056.87,0.433,598.0,15,0,No,OTHER,46187.52,24,Debt Consolidation,17.78,No,North,2024-08-22,1
CR101813,46.0,Male,Single,bachelor,Employed,,17103.69,134.78,0.095,831.0,5,0,No,Mortgage,4100.5,12,Medical,24.61,no,Central,29/03/2021,0
CR101206,47.0,Female,Married,Bachelor,employed,12.9,77380.05,3471.85,0.538,773.0,15,0,No,Rent,27695.58,12,Home Improvement,18.12,No, North ,2024-11-21,0
CR101578,24.0,male,Single,High School,Self-Employed,1.4,119844.78,2880.86,0.288,689.0,6,0,No,Mortgage,50465.98,24,Home_Improvement,6.09,No,North,24/10/2021,0
CR102281,38.0,Female,Single,BACHELOR,Employed,0.5,26188.69,1079.71,0.495,362.0,12,1,Yes, Own ,6955.92,24,Debt Consolidation,11.42,No,Central,30/07/2023,1
CR100192,53.0,Male,Married,Master,Employed,0.0,14395.7,101.61,0.085,642.0,1,0,No,Rent,40783.0,60,Medical,6.1,No,central,04-29-2023,0
CR100222,58.0,Female,Divorced,Bachelor,Self-Employed,0.0,53088.0,1451.05,0.328,507.0,10,0,No,RENT,39875.54,60,Education,18.33,No,North,08-08-2024,1
CR100394,59.0,FEMALE,Divorced,Master,EMPLOYED,4.6,44255.38,830.3,0.225,453.0,18,0,Y,Rent,40979.54,36,Debt Consolidation,26.21,NO,South,28/02/2024,0
CR101850,22.0,Other,,High School,Employed,0.0,35992.81,1035.97,0.345,642.0,11,1,No,Mortgage,44736.3,24,Medical,28.56,No,East,05-13-2023,1
CR100311,56.0,Female,Single,Bachelor,Retired,7.1,65829.93,2455.78,,485.0,18,0,No,Own,43466.81,24,Other,22.23,No,East,09-19-2021,1
CR103089,45.0,Female,Married,Bachelor, Employed ,3.1,34655.13,627.44,0.217,728.0,14,0, Y ,Own,26499.36,12,Other,28.6,No,south,03/06/2022,0
CR104275,62.0,Male,Single,Master,Retired,8.4,53970.16,2156.14,0.479,401.0,14,0,Yes,Own,45463.19,48,Medical,19.57,No,Central,08-26-2021,1
CR100640,56.0, Male ,single,High School,employed,9.3,17848.15,307.04,,684.0,6,1,no,Mortgage,16800.91,60,Business,18.88,,East,2023-08-01,0
CR101075,27.0,Male,Married,Bachelor,Employed,,54442.55,1262.85,0.278,808.0,8,0,No,Rent,2892.08,24,Debt Consolidation,6.8,No,east,02-24-2022,0
CR101767,45.0,Male,divorced,Other,Employed,5.2,64611.53,2894.88,0.538,613.0,16,2,No,Other,24957.27,12,Car,26.93,No,North,10/11/2024,0
CR104584,52.0,Female,Married,High School,Self-Employed,0.0,,1510.42,,,13,0,Yes,RENT,26814.05,36,Medical,8.68,No, East ,11-08-2021,0
CR101144,37.0,Female,Single,High School,employed,6.7,15800.9,286.58,0.218,414.0,16,1,No,Rent,34220.66,60,Debt Consolidation,23.07,yes,East,2022-07-22,1
CR101319,41.0,male,Widowed,BACHELOR,Employed,18.4,64589.25,1077.27,0.2,,3,0,yes,,49559.15,48,Education,16.37,No,south,01-21-2021,0
CR102233,26.0,Female,Divorced,Master,Employed,,36583.44,1413.67,0.464,625.0,4,1,Yes,,24886.68,24, Debt Consolidation ,10.55,No,North,21/12/2021,0
CR101610,63.0,Female,Single,Bachelor,Self-Employed,10.4,55940.11,2018.53,0.433,544.0,5,1,No,RENT,43436.58,60,Medical,4.75,,WEST,12/07/2021,0
CR103553,59.0,Male,SINGLE, Bachelor ,employed,2.5,36864.04,1025.25,0.334,794.0,7,0,1,Own,48501.77,36,HOME IMPROVEMENT,22.18,No, East ,12-07-2021,0
CR102219,29.0,Male, Divorced ,Bachelor, Self-Employed ,7.4,24768.75,722.91,0.35,802.0,14,0,No,RENT,50877.26,60, Debt Consolidation ,27.98,No,South,2023-06-27,0
CR104403,,Male,Single,Master,Self-Employed,16.8,48428.83,686.35,,363.0,15,1, No ,Mortgage,23738.72,36,debt consolidation,17.95,No,East,29/03/2022,0
CR103260,43.0,Male,Single,Bachelor,Employed,12.4,22153.55,580.06,0.314,536.0,4,2,1,,31367.88,48,Home Improvement,20.41,No,South,07-11-2024,0
CR100707,51.0,Male,Divorced,Bachelor,Self-Employed,19.9,39220.66,227.98,0.07,495.0,3,0,No,Own,54127.51,36,Home Improvement,20.57,NO,west,04-19-2023,0
CR104020,25.0,Female,MARRIED,High School,employed,6.7,36965.47,242.25,0.079,585.0,19,1,Yes, Other ,32553.8,24,Home Improvement,24.97,No,North,16/11/2023,0
CR102390,44.0,Female,,Master,Retired,7.6,54628.14,1628.73,0.358,702.0,2,0, Y ,Mortgage,47596.98,48,Education,25.72,No,SOUTH,06-18-2024,1
CR102924,42.0,Female,,Master,EMPLOYED,10.9,30315.92,802.62,0.318,633.0,12,0,No,Rent,50332.25,36,EDUCATION,18.11,No, North ,09-27-2022,1
CR103684,74.0,Female,SINGLE,,Employed,1.1,22096.89,258.27,0.14,551.0,17,0,,Mortgage,21072.65,48,Medical,13.16, No ,West,16/09/2023,1
CR102880,20.0,Male,Married,Master,Retired,11.1,24127.77,59.78,0.03,592.0,4,1,,Mortgage,41967.76,36,Debt Consolidation,9.36,yes,Central,2024-09-14,0
CR102152,67.0,Female,Married,bachelor,EMPLOYED,14.1,121956.78,471.6,0.046,541.0,10,2,Y,Mortgage,17877.96,24,BUSINESS,11.33,No,West,02-13-2022,0
CR101707,70.0,Female,divorced,Master,Employed,8.7,123017.34,3109.44,0.303,481.0,1,0,No,Rent,48659.22,12,Debt Consolidation,24.14,No,East,2023-12-29,0
CR104314,61.0, Male ,Married,,Unemployed,14.9,42267.01,1333.36,0.379,,9,0,NO,Rent,58146.18,36,Debt Consolidation,18.02,Yes, West ,2023-08-07,1
CR102198,51.0,Male,Married,Bachelor,Unemployed,13.9,22600.75,700.47,0.372,306.0,1,0,Yes,,10579.67,36,Car,6.99,No,East,10-30-2022,1
CR102064,52.0,Male,Single,Bachelor,Employed,9.5,32436.36,611.31,0.226,350.0,18,2,No,Rent,27486.61,60,DEBT CONSOLIDATION,25.85,No,West,25/02/2021,0
CR100433,25.0,Female,Single,Bachelor,employed,6.9,33731.01,674.51,0.24,664.0,10,0,No,Mortgage,33688.92,12, Debt Consolidation ,14.43,No,North,11/08/2021,0
CR100788,49.0,Male,Married,PHD,Employed,6.1,22623.6,39.88,0.021,578.0,14,1,No,,52952.84,36,other,7.16,No,north,29/03/2022,0
CR100929,51.0,Female,divorced,Master,Employed,,19492.34,50.86,,738.0,0,1,No,,3693.64,60,Other,20.6,No,east,05-27-2022,0
CR102107,26.0,MALE,,Bachelor,Self-Employed,10.9,41364.13,361.97,0.105,551.0,13,0,Yes, Rent ,28343.14,12,Home_Improvement,28.75,No,CENTRAL,2021-05-17,0
CR100766,53.0,Female,Single, PhD ,Employed,21.0,29904.33,334.34,,,1,0,1,Mortgage,3466.97,12,DEBT CONSOLIDATION,6.24,No,Central,28/06/2021,1
CR103872,68.0,male,Single,High School,Unemployed,3.5,67957.95,1721.25,0.304,420.0,11,0,No,Other,38361.47,60,Debt_Consolidation,18.37,,east,01-20-2024,1
CR101010,33.0,Male,Single,Bachelor,Retired,8.4,60590.4,2741.61,0.543,,15,0,No,Rent,25831.49,60,Other,9.33,No,West,2022-02-26,0
CR102972,52.0,Female,Married,High School,Employed,4.2,21783.7,622.03,,328.0,2,0,No,Rent,19958.18,12,Debt Consolidation,9.25,No,North,09/07/2021,1
CR101349,52.0,Female,Single,HIGH SCHOOL,Employed,13.0,45228.59,862.11,0.229,468.0,12,0,no,Mortgage,29858.08,12,DEBT CONSOLIDATION,7.83,No,East,2023-08-01,0
CR100958,74.0,Female,Single,Master,Self-Employed,9.7,92414.44,1404.62,0.182,301.0,5,0,No,Mortgage,27763.64,48,Car,29.44,Yes,CENTRAL,2021-11-18,1
CR104159,19.0,Male,Married,Bachelor,Employed,8.7,31422.41,952.59,0.364,576.0,17,0,No,Rent,34166.2,12,Debt Consolidation,16.15,No,south,31/07/2022,0
CR102083,56.0,FEMALE,Married,BACHELOR,Employed,4.9,,935.78,,643.0,6,0, No , Rent ,35710.13,24,Education,10.76,No,East,13/04/2021,0
CR101152,42.0,Female,Widowed,Bachelor,Employed,4.6,17020.04,366.27,0.258,680.0,4,0,no,Mortgage,32851.22,24,Education,17.39,No,East,03/01/2023,0
CR100475,63.0,MALE,Single,Bachelor,Employed,3.6,11936.73,202.99,0.204,,11,0,0,Rent,4974.61,12,Debt Consolidation,12.94,NO,West,10-16-2024,0
CR100955,53.0,Female,Married,Bachelor,Self-Employed,11.2,38941.05,184.8,0.057,349.0,0,0,Y,rent,42750.54,48,Home Improvement,10.29,no,West,06-18-2024,1
CR103029,,Female,WIDOWED,High School,Unemployed,13.6,92101.3,1846.93,0.241,492.0,10,0,No,Own,20088.95,12,Other,17.16,No,South,28/06/2023,0
CR103000,63.0,female,Married,High School,Retired,11.0,78923.48,2355.53,0.358,615.0,13,0,No,Mortgage,15812.58,36,Home Improvement,18.84,No,North,08/10/2023,1
CR103640,59.0,female,Married,Master,Employed,6.2,,927.43,0.345,471.0,17,0,N,Mortgage,29562.7,12,Debt Consolidation,19.88,,West,21/05/2021,0
CR104519,42.0,Other,Single,Bachelor,Retired,4.2,38499.5,389.53,0.121,,7,0,N,RENT,36599.85,12,Debt Consolidation,23.66,No,West,06-24-2024,1
CR104017,26.0,Female,Divorced,PhD,EMPLOYED,2.6,33752.26,836.51,0.297,465.0,1,0,, Own ,20355.88,12,Medical,25.91,No,West,2022-11-20,0
CR104400,39.0,Male,Married,High_School,Employed,10.0,37970.93,1180.09,0.373,526.0,3,0,NO,RENT,53677.52,24,Medical,20.42,NO,West,02/07/2023,1
CR102989,42.0,Male,Married,,Employed,4.6,18028.63,51.63,0.034,472.0,4,2,No,Mortgage,46254.23,24,Debt Consolidation,22.79,No,South,11/04/2021,0
CR104208,31.0,MALE,Single,Bachelor,employed,6.9,42772.76,1703.55,0.478,616.0,5,0,,RENT,29869.51,48,MEDICAL,29.57,No,East,2021-04-13,0
CR103163,36.0,Female,MARRIED,,Unemployed,14.5,17767.05,44.46,0.03,601.0,14,0,Yes,Own,27560.25,24,Other,19.42,,North,15/11/2022,0
CR100121,56.0,Female,,Bachelor,Employed,8.7,26526.55,701.14,0.317,356.0,9,1,No,,28343.1,24,Education,5.33,NO,North,2021-11-19,1
CR100831,31.0,Male,Divorced,Bachelor,Unemployed,9.4,26874.01,1119.05,0.5,456.0,4,1,No,Other,48062.18,24, Other ,16.29,No,West,2023-12-16,0
CR103193,29.0, Other ,MARRIED,High School,EMPLOYED,2.2,31243.95,620.3,,407.0,15,0,Yes, Own ,15257.26,36,Business,18.44,No,South,2021-11-22,0
CR100920,68.0,Female,Single,Bachelor, Employed ,9.6,24197.08,202.14,0.1,543.0,1,0,no,Rent,52332.84,60,Education,10.78,Yes,SOUTH,2024-02-15,0
CR100911,28.0,Male, Married ,Other,EMPLOYED,11.5,20144.61,59.54,0.035,462.0,16,0,Yes,Mortgage,58943.21,36,Business,12.45, No ,west,28/06/2021,0
CR103098,28.0,Male,SINGLE,Bachelor,Employed,15.3,88559.45,2887.91,0.391,693.0,16,1,,Rent,56780.09,12,Debt Consolidation,12.37,Yes,South,09/01/2021,0
CR102204,44.0,Female,Single,Bachelor,Employed,4.5,38423.02,282.37,0.088,783.0,1,0,0, Mortgage ,6655.09,48,Education,11.97,No,West,08-24-2023,0
CR100693,72.0,female,Married,HIGH SCHOOL,Self-Employed,0.0,14271.4,522.82,0.44,668.0,15,0,Yes,Mortgage,38360.12,36,Medical,6.89,no,North,25/11/2024,0
CR100043,38.0,female,Married,bachelor,Employed,13.2,36647.0,637.31,0.209,361.0,18,0,No,Other,2278.4,24,OTHER,6.02,No,East,05/06/2024,0
CR101763,52.0,Female,single,Bachelor,Employed,0.0,43699.8,1363.68,0.374,554.0,12,0, 0 ,Mortgage,54628.38,36,Home_Improvement,28.63,Yes,South,10-28-2021,1
CR102743,72.0,Female,Married,Bachelor,Employed,10.0,30033.46,1192.26,0.476,460.0,17,1,Yes,Mortgage,58343.83,48,MEDICAL,9.24,No,South,05-25-2022,0
CR100330,49.0,Female,Divorced,BACHELOR,Employed,2.8,,668.45,,727.0,8,1,no,Own,44274.13,60,Home Improvement,6.89,YES,East,17/03/2022,1
CR101281,60.0,Male,Married,High School,Employed,21.3,17121.01,576.64,0.404,302.0,6,0,No, Rent ,59328.21,24,Education,27.51,no, West ,03-24-2022,0
CR101476,46.0,Male,Widowed,Master,Employed,3.7,101567.9,4123.42,0.487,,9,0,,rent,43024.68,60,Home Improvement,14.01,,South,2023-03-28,0
CR101555,27.0,Female,Married,master,Employed,3.9,66348.88,655.18,0.118,845.0,10,1,Yes,,27291.57,24, Education ,27.71,no,South,2022-04-23,0
CR100696,59.0,Male, Married ,Other,RETIRED,8.6,44993.53,1020.92,0.272,674.0,3,0,NO,Mortgage,5892.82,60,Home Improvement,7.9,No,Central,10/11/2024,0
CR100420,71.0,Male,Divorced,High School,Employed,4.3,14904.07,85.4,0.069,644.0,8,0,N,Own,29982.12,60,Car,8.53,No,West,13/07/2021,0
CR103248,26.0,Male, Married ,HIGH SCHOOL,Employed,10.0,39716.75,745.66,0.225,769.0,19,0,Yes,Own,34876.11,36, Business ,6.23,No,West,2023-03-04,0
CR102282,36.0,Female,Single,Bachelor,Employed,0.0,20227.73,224.4,0.133,407.0,6,0,no,,3584.92,60,Debt Consolidation,21.77,YES,West,30/11/2022,0
CR104141,67.0,Male,single, Bachelor ,Unemployed,13.4,37959.89,1466.79,0.464,845.0,12,2,Yes,Own,32581.81,36,Car,16.55,Yes,SOUTH,2021-06-17,1
CR103360,75.0,Male,MARRIED,High School,Retired,19.9,,515.91,0.109,408.0,18,1,No,Mortgage,43268.38,60,Debt Consolidation,29.24,No,East,08-19-2021,1
CR100761,50.0, Female ,Divorced,HIGH SCHOOL,Employed,9.3,69925.47,1251.28,0.215,682.0,10,1, Yes ,Rent,14717.0,24,other,24.82,no,CENTRAL,2023-12-25,0
CR100346,75.0,Female,divorced,High School,Employed,4.3,31603.74,625.01,0.237,734.0,16,1,Yes,RENT,28802.36,36,BUSINESS,4.61,,West,19/04/2021,0
CR100117,26.0,Female,Divorced,Other,Retired,0.0,48030.26,2102.24,0.525,825.0,3,1,Yes,,10562.0,12,Education,12.35,NO,West,03-07-2023,1
CR103196,31.0,Male,Married,High School,Employed,15.1,55756.47,898.85,0.193,428.0,11,2,No,Mortgage,23708.89,60,Car,7.22,No,North,04-25-2024,0
CR101778,35.0,Male, Single ,Bachelor,Employed,4.9,57372.79,171.42,0.036,770.0,2,1, Yes ,Mortgage,17836.51,60,Medical,24.04,NO,Central,2021-04-28,0
CR102000,68.0,Female,Single,Bachelor,Employed,8.9,21158.57,929.19,0.527,594.0,8,0,Yes,Rent,25309.81,36,Debt Consolidation,15.12,No,Central,2021-10-13,0
CR101441,47.0, Male ,Single,MASTER,Employed,0.0,31616.84,837.13,0.318,,4,0,Yes,,29646.45,36,Debt Consolidation,6.23,No,East,03-16-2023,0
CR101141,37.0,Male,Married,Master,Employed,8.2,93120.54,1676.99,0.216,385.0,8,2,No,Mortgage,41784.13,24,Car,23.14,No,South,10-05-2022,1
CR103925,51.0,Other, Single ,Bachelor,Employed,3.7,37938.2,1031.96,0.326,748.0,1,0,No,OWN,44740.14,12,Other,6.16,Yes,North,29/08/2021,0
CR103413,23.0,Female,Divorced, High School ,Unemployed,,23116.59,146.13,0.076,425.0,4,0,No,Mortgage,50122.22,60,Medical,15.48,No,North,18/03/2024,1
CR103913,49.0,Male,Single,Bachelor, Employed ,17.2,30006.46,484.73,0.194,311.0,16,2,Yes,rent,24629.67,24,Business,10.55,No,South,06-08-2022,0
CR101143,66.0, Female ,Single,,Employed,5.1,68714.11,1203.49,0.21,831.0,10,0, Yes ,,39586.27,36,Education,9.34, No ,Central,25/11/2023,0
CR100510,75.0,Male,Married,Master,Employed,6.2,113114.75,3312.62,0.351,653.0,13,0,No,Mortgage,11912.85,60,Education,12.05,,East,08/02/2021,0
CR103490,24.0,FEMALE,SINGLE,Master,Employed,14.0,38790.61,1034.48,0.32,841.0,4,0,no,RENT,50866.85,60,Debt Consolidation,16.11,,West,2022-01-22,0
CR101478,31.0,Male,Married,Bachelor,Employed,10.7,20551.85,813.01,0.475,,5,1,1,Mortgage,49871.64,48,Car,25.58,No,east,19/03/2021,0
CR101223,55.0,MALE,Married,,Employed,1.5,64997.93,2018.13,0.373,378.0,1,0,Yes,,22042.46,12, Business ,23.75,No,East,07-03-2024,1
CR100201,70.0,Female,Divorced,Bachelor,Employed,14.1,28400.09,1235.38,0.522,331.0,12,0,No,,58441.64,24,Business,17.45,No, West ,04-29-2023,0
CR102929,55.0,Male,Married,PhD,Employed,3.6,30773.21,74.52,0.029,624.0,13,0,No,,40630.43,24,Car,27.0,No,East,06-27-2022,0
CR103949,28.0,Male,Single,Bachelor,Retired,4.5,35332.03,679.63,0.231,758.0,18,0,No,Rent,16566.09,60,Debt Consolidation,7.47,No,west,19/07/2022,0
CR102699,24.0,Female,Married,Bachelor,Self-Employed,12.8,27285.9,409.57,0.18,681.0,14,1,Yes,Rent,6937.86,24,Car,23.02,No,East,18/09/2021,1
CR103186,62.0,Female,Divorced,Bachelor,Self-Employed,0.0,26054.76,1192.25,0.549,,0,0,no,Rent,40665.57,12,Other,6.35,No,West,2021-03-14,0
CR103150,59.0,Female,,Bachelor,Self-Employed,1.6,79058.46,1003.86,0.152,723.0,17,1,No,,32623.71,36,Home Improvement,26.25,Yes,East,2021-04-15,1
CR101407,68.0,Female,Married,Bachelor,employed,0.0,69825.21,2682.58,0.461,702.0,6,0,No,OWN,51221.96,12,Home Improvement,6.96,, East ,2022-07-20,0
CR102651,68.0,Female,MARRIED,Bachelor,Employed,,64120.56,2812.14,0.526,681.0,17,0,Yes,Mortgage,6741.75,48,Business,28.36,No,CENTRAL,27/02/2021,0
CR102917,,Female,Widowed,Master, Self-Employed ,6.9,12674.25,67.5,0.064,447.0,2,0,No,Rent,57301.9,48,Education,8.76,No,West,10/01/2022,1
CR101472,44.0,Female,Single,Master,RETIRED,0.3,132214.23,1938.56,0.176,322.0,13,0, 1 ,Own,43322.75,48,CAR,6.85,no, North ,22/11/2021,1
CR103810,31.0, Female ,Married,High School,Employed,13.1,79980.77,2029.62,0.305,,0,0,No,,59654.84,48,Other,11.55,No,South,09-07-2024,0
CR100686,41.0,Male,Single,Bachelor,Self-Employed,14.4,45665.08,1041.46,0.274,480.0,8,0, Yes ,Rent,37002.78,24,Debt Consolidation,20.44,No,Central,03-20-2023,1
CR101357,25.0,Male,single,Bachelor,employed,999.0,25245.28,75.14,,761.0,6,1,No,Mortgage,39932.35,24,Home Improvement,17.01,No,South,15/09/2022,1
CR103648,75.0,Male,Married,Bachelor,Employed,8.6,15622.47,577.06,0.443,303.0,1,0, No ,Mortgage,50157.23,48,Debt_Consolidation,12.65,no,South,2022-05-11,0
CR103522,66.0,Male,MARRIED,Bachelor,Employed,21.6,9726.0,138.01,0.17,591.0,10,0,Yes,Rent,55488.93,24,Other,9.27,No,East,2023-01-31,0
CR103773,25.0,Male,Single,High School,Unemployed,4.5,125975.31,326.53,0.031,378.0,5,0,No,Other,31375.18,48,Car,25.7,,East,29/05/2023,0
CR104493,33.0,MALE,Married,High School,Employed,7.8,78112.66,2854.52,0.439,692.0,17,1,No,Mortgage,33420.41,48,Debt Consolidation,13.98,No,Central,2021-05-13,0
CR103968,, Female ,Single,master,Self-Employed,0.0,44645.98,826.37,0.222,793.0,12,0,Yes,own,18974.98,24,HOME IMPROVEMENT,10.51,No,South,02-20-2022,0
CR100376,60.0,Male,,BACHELOR,Retired,5.4,23058.52,1047.48,0.545,514.0,2,1,no,Own,25700.46,24,Medical,21.96,No,south,30/09/2021,0
CR102304,71.0,FEMALE,Widowed,BACHELOR,Retired,10.1,17174.15,291.34,0.204,574.0,1,0,Yes, Rent ,18663.33,12,Medical,15.48,No,South,2022-04-01,1
CR100747,36.0,Male,Married,High_School,SELF-EMPLOYED,,114650.07,1537.37,,338.0,15,0,Y,Own,50469.82,36,Debt Consolidation,6.67,Yes,East,02-28-2022,1
CR100494,34.0,Male, Single ,Other,Self-Employed,16.9,42174.6,1454.93,0.414,371.0,0,1,NO,Own,32923.95,36,Debt Consolidation,29.17, No ,East,2024-02-04,0
CR104115,45.0,Male,Married,High School,Retired,13.3,15594.21,554.99,0.427,702.0,13,0,Yes,own,59166.57,60,Debt Consolidation,7.81,no,Central,15/07/2022,1
CR103666,52.0,Female,Single,High_School,Self-Employed,0.0,28777.52,1047.18,0.437,334.0,3,1,No,Rent,47919.36,12,Debt Consolidation,16.13,No,West,10-09-2022,1
CR103353,,Female,Single,Bachelor,Unemployed,17.4,21263.49,419.44,0.237,412.0,1,1,NO,Own,28688.52,12,Car,23.66,No,EAST,29/06/2021,1
CR103517,70.0,Male,Married,MASTER,SELF-EMPLOYED,1.5,,4964.27,0.502,325.0,14,0,No,Own,9354.04,12,Home_Improvement,23.32,No,Central,2024-09-08,1
CR100537,24.0,Male,Married,bachelor,Employed,2.2,23074.89,700.08,0.364,354.0,12,1,No,own,20692.81,36,Home Improvement,18.83,No,central,2023-05-22,1
CR100274,42.0,Male,single,Bachelor,Employed,4.8,59768.07,1821.7,0.366,677.0,5,0,No,OWN,53893.6,48,Debt Consolidation,13.68,Yes,South,12-09-2022,1
CR104009,,Female,,PhD,Self-Employed,6.8,41023.17,1398.88,0.409,705.0,0,1,No,Rent,29587.64,48,Debt Consolidation,11.59,No,North,2024-05-08,0
CR100413,25.0,Male,Divorced, Bachelor ,Employed,12.7,26456.38,1191.93,0.541,312.0,8,2,Y,Mortgage,17733.77,12,Education,14.53,No,North,2023-12-16,1
CR102074,58.0,Male,Divorced,Bachelor,Employed,0.0,14489.29,611.35,0.506,787.0,14,0,No,Mortgage,33818.07,24,Business,11.15,No,East,2021-05-09,0
CR103696,35.0,Female,Widowed,High School,Self-Employed,24.4,23971.02,52.66,0.026,608.0,11,0,No,RENT,58106.36,60,Debt Consolidation,19.78,, North ,2024-06-28,0
CR102448,63.0,Female,Divorced,Master,Self-Employed,5.4,,225.78,0.045,311.0,7,0,No,Mortgage,6572.73,36,Debt Consolidation,7.81,No,North,05-21-2022,0
CR103545,54.0,Female,Single,Master,employed,4.9,65586.44,1915.21,0.35,573.0,5,0,Yes,Mortgage,26780.32,12,Debt Consolidation,20.57,No,WEST,06-12-2023,0
CR102892,,Male,widowed,High School,Employed,9.9,48448.24,1211.21,,804.0,17,1,y, Mortgage ,22056.11,12,Home Improvement,23.77,Yes,East,28/05/2021,0
CR100029,43.0,Female,Widowed,Master,EMPLOYED,5.9,31878.97,1127.81,0.425,516.0,12,0,No,Mortgage,8783.67,48,Other,24.44,,Central,27/03/2024,0
CR103807,27.0,Male, Divorced ,High School,Retired,0.0,15495.94,374.51,0.29,323.0,13,0,yes,rent,56495.34,48, Other ,29.58,No,West,2021-10-25,0
CR102242,44.0, Male ,Married,Bachelor,Employed,8.0,,728.68,0.225,536.0,6,0,Yes,Rent,51005.27,60,Other,18.21,No,South,07-27-2024,0
CR103787,19.0,Female,married,High_School, Employed ,3.7,17047.13,50.11,0.035,641.0,12,0,No,RENT,33238.7,36,DEBT CONSOLIDATION,15.75,No,North,04/09/2024,0
CR100331,39.0,Female,married,Master,Employed,15.6,47605.76,857.86,0.216,614.0,7,2,N,MORTGAGE,16849.82,24,Education,9.62,,Central,07-06-2022,0
CR102965,52.0,female,MARRIED,Master,Employed,13.2,26118.45,1003.71,0.461,375.0,16,0,Y,Own,27334.96,24,Home Improvement,25.57,,East,11-20-2023,0
CR104166,44.0,male,Divorced,High School, Self-Employed ,7.7,155303.78,4893.98,0.378,,12,0,no,Other,42849.73,60,DEBT CONSOLIDATION,16.06,No,South,2022-04-02,0
CR103942,71.0,Male,Married,Master,EMPLOYED,0.0,74872.71,451.38,0.072,376.0,17,0,No,Rent,28423.87,12,Debt Consolidation,10.05,no,North,02/07/2023,1
CR103176,53.0,Male,Single,Bachelor,Employed,4.8,36992.18,555.69,,672.0,5,0,Yes,Mortgage,41779.1,36,Home Improvement,10.21, No ,Central,10-23-2024,0
CR101641,20.0,Male,Single,High School,Employed,0.0,58163.54,1849.73,0.382,769.0,4,0,Yes,Mortgage,2575.15,24, Car ,16.81,No,West,2022-04-02,0
CR103381,63.0,Female,Married,BACHELOR,RETIRED,8.9,41835.39,1370.73,0.393,628.0,14,0,No,,12709.82,36,Medical,27.03,Yes,West,2022-08-11,1
CR103867,65.0,Female,Single,HIGH SCHOOL,employed,3.2,29952.45,989.12,0.396,371.0,6,0,,Own,7700.21,12,HOME IMPROVEMENT,6.77,No,Central,09-20-2023,1
CR102122,51.0,Male,,High School,employed,3.5,11163.65,35.94,,575.0,7,0,No,Own,7419.62,12, Business ,25.34,No,central,2021-04-24,1
CR102004,999.0,Male,Married, Master ,Employed,1.9,56277.95,949.73,0.203,635.0,2,1,No,Mortgage,27342.03,36,Car,28.5,No,CENTRAL,11-04-2021,0
CR100333,66.0,Female,Single,BACHELOR,Self-Employed,0.0,35369.56,408.33,0.139,357.0,7,0,NO,rent,58459.2,36,Education,22.02,No,Central,07-15-2021,0
CR103135,18.0,Female,Single,Bachelor,Employed,,41250.81,207.31,0.06,706.0,1,0,No,Mortgage,4804.6,48,Car,13.48,No,East,25/02/2023,0
CR101178,33.0,Male,single,Bachelor,Employed,2.2,16177.2,63.07,0.047,592.0,4,0,Yes,Own,40376.48,60,car,4.82,No,East,15/06/2022,0
CR102163,70.0,Male,Single,High School,Employed,,52019.38,1219.25,0.281,743.0,17,0,No, Mortgage ,29034.63,48,business,14.4,Yes,Central,19/07/2024,1
CR104479,49.0,Female,Married,Bachelor, Retired ,3.5,17117.88,588.59,0.413,831.0,10,0, No ,Rent,56500.22,60,Debt Consolidation,6.96,NO,West,14/02/2021,0
CR103588,55.0, Other ,Married,High School,Employed,7.9,67953.49,138.61,0.024,658.0,5,0,Yes,Mortgage,12853.1,60,Education,6.44,Yes,North,2024-06-19,0
CR104301,56.0,Male,Married,Bachelor,Employed,5.3,68117.86,1454.1,,661.0,4,0,NO, Rent ,43110.58,48,Business,10.57, No ,North,2024-02-01,0
CR101642,43.0,Male,Single,HIGH SCHOOL,Employed,6.1,48092.68,1960.19,,508.0,0,1,Yes,Mortgage,31286.83,48,Debt Consolidation,26.33,No,CENTRAL,17/05/2022,0
CR102705,34.0,Male,Single,Bachelor, Employed ,8.8,20555.26,518.85,0.303,483.0,7,1,Yes,Mortgage,10963.29,60,Home_Improvement,10.81,No,central,02-07-2023,1
CR101254,55.0,Female,Married,Bachelor,Retired,3.5,40398.21,1082.25,0.321,,9,1,No,mortgage,27516.92,60,Business,16.39,no,CENTRAL,02-21-2021,1
CR102278,39.0,Female,Single,BACHELOR,SELF-EMPLOYED,4.8,18184.05,468.88,0.309,711.0,12,0,No,Other,21169.06,60,Debt_Consolidation,28.84, No ,South,10-27-2022,0
CR101029,37.0,Male,Married,Bachelor,employed,12.6,24113.3,893.56,0.445,462.0,4,0,0,RENT,6171.98,48,Education,8.03,No,West,2023-09-01,1
CR101497,63.0,female,Single,,Employed,3.0,67084.11,918.84,3.219195971419941,692.0,8,0,Yes,,5796.87,48,Home Improvement,22.09,No,East,04-30-2022,1
CR103546,41.0,Male,married,High School,self-employed,11.3,64838.9,719.3,0.133,463.0,5,1,0,Mortgage,26404.87,24,Medical,16.51,No,North,07-19-2021,0
CR103001,56.0,Male,Single,Master,Employed,2.7,46977.54,380.36,0.097,,5,0,Yes,Mortgage,53099.96,12,Other,4.62,No,north,11/06/2022,0
CR102260,19.0,Female,Single,Master, Employed ,2.5,115554.59,2524.53,,815.0,12,0,,Rent,4550.2,24,Other,5.34,No,North,01-17-2023,0
CR103501,55.0,Male,Single,Bachelor,Employed,1.8,37638.9,1015.99,0.324,689.0,17,0,No,Other,8238.15,60,Debt Consolidation,26.63,No,North,07-23-2024,0
CR101663,50.0,Male, Single ,High School,Employed,12.4,37780.21,1463.83,0.465,409.0,6,0,YES,Own,52246.68,48,Education,18.0,No,West,18/09/2021,0
CR104378,27.0,Male,MARRIED,High School,Retired,16.5,38739.06,1161.51,0.36,792.0,17,0,No,Mortgage,43800.37,60,Business,6.44,,South,2024-07-03,0
CR100146,,female,married, Bachelor , Unemployed ,0.0,29018.42,343.79,0.142,469.0,0,0,No,Mortgage,58693.52,48,Medical,26.11,No,South,31/05/2021,0
CR103603,54.0,Male,Married,Bachelor, Employed ,10.2,14014.93,336.21,0.288,663.0,12,1,No,Rent,36872.29,24,Medical,7.41,YES,Central,2023-05-10,0
CR100854,34.0,Female,Single,,Employed,10.1,32324.7,1012.53,0.376,650.0,5,0,No,Mortgage,11607.99,48,DEBT CONSOLIDATION,11.61,no,WEST,15/08/2021,0
CR103767,61.0,Female,Widowed,,Employed,,24805.19,561.87,,671.0,1,0,0,Rent,2174.69,60,Debt Consolidation,23.39,no,East,2023-10-20,0
CR103543,62.0,Male,Divorced,Bachelor,Employed,12.9,47631.1,1834.24,0.462,386.0,11,1,No,Own,36182.32,48,Car,8.46,No,Central,05-30-2023,0
CR102098,,Male,Single,Bachelor,Self-Employed,2.7,104117.08,2248.11,,,6,0,0,Rent,3006.85,60,Debt Consolidation,28.91,No,West,04-19-2023,1
CR100785,52.0, Female ,Married,Master,unemployed,3.2,28476.96,1169.7,0.493,456.0,11,0,No,Rent,10421.21,12,Education,20.41,No,West,06/10/2024,0
CR101463,20.0,Female,Single,Bachelor,Retired,9.1,41805.86,70.16,0.02,555.0,15,1,Y,Other,26880.43,24,Debt Consolidation,24.65,No,West,03-16-2022,0
CR103790,24.0,Male,Married,Bachelor,Employed,1.0,24689.16,360.58,0.175,316.0,1,0,No,Own,50454.23,24,Home Improvement,18.75,NO,North,04-10-2023,1
CR101699,73.0,Male,Married,Bachelor,Employed,10.9,28096.75,160.17,0.068,726.0,4,1,No,,42733.06,12,medical,9.84,No,NORTH,29/07/2024,1
CR103430,32.0,Female,Married, Bachelor ,Employed,7.7,28383.84,680.97,,650.0,11,2,y,Rent,27427.22,60,Debt Consolidation,10.62,NO,West,12-21-2021,0
CR101355,46.0,Female,Married,high school,Employed,2.7,157974.97,504.21,0.038,768.0,11,2, No ,Own,41267.03,24,Debt Consolidation,22.97,No,South,2023-07-08,0
CR101783,,Male,Married,High School,Employed,3.8,43071.35,692.7,0.193,641.0,1,0,No,Rent,4225.48,48,Home Improvement,16.37,No,Central,22/06/2022,0
CR102330,21.0,male,Married,High School,Self-Employed,8.8,22237.74,89.75,0.048,642.0,4,0,Yes,mortgage,54584.92,36,Other,29.73,No,EAST,2024-05-22,0
CR102858,60.0,female,Single,Bachelor,Employed,12.4,26085.23,557.42,0.256,317.0,1,0,Yes,Rent,14088.25,12,Other,17.43,,South,09-02-2022,1
CR100515,24.0,Male,SINGLE,Bachelor, Unemployed ,14.5,47442.49,1287.36,0.326,800.0,17,0,No,Rent,10279.18,12,Business,10.93,, Central ,12-25-2021,1
CR101380,74.0,Female,Single,Master,Employed,13.4,47218.85,1741.99,0.443,455.0,7,0, No ,Own,15902.68,48,Debt Consolidation,6.7,,West,24/02/2023,0
CR101459,47.0,Female,Married, High School ,Retired,8.9,37041.88,1221.99,0.396,471.0,12,0,No,Mortgage,18354.44,12,Car,12.47,No,Central,12-07-2022,0
CR102745,41.0,Male,Widowed, Master ,Self-Employed,5.4,28514.22,895.83,0.377,567.0,16,0,NO, Mortgage ,13332.47,36,Car,15.04,,South,2022-03-28,0
CR101797,28.0,Female,Single,High School,Employed,11.1,58415.79,2304.84,0.473,553.0,7,1,Yes,,15629.38,48,Business,6.96,No,East,03-11-2024,1
CR102186,35.0,Female,Married,PhD,Employed,16.0,12053.39,443.87,0.442,760.0,7,0,Yes,Rent,39973.7,48,Home Improvement,12.45,No,North,20/09/2021,0
CR104553,50.0,Female,Single,Bachelor,Self-Employed,2.0,42778.42,878.81,0.247,741.0,4,0,NO,MORTGAGE,41917.46,24,Debt Consolidation,9.94,No,West,05-07-2023,0
CR104168,47.0,Male,,High School,Unemployed,5.9,17723.8,738.44,0.5,,10,0,Yes,Other,15244.6,48,Home Improvement,27.26,Yes,West,21/11/2022,1
CR100998,73.0,Male,MARRIED, Bachelor ,Employed,7.0,13336.3,263.05,0.237,685.0,10,1,0,Rent,51060.89,60,Car,25.49,No,North,2022-12-19,0
CR102502,61.0,Male,Married,Bachelor,Employed,14.6,11575.39,325.5,0.337,440.0,9,1,Yes,Mortgage,11330.33,36,Debt_Consolidation,24.43,NO,EAST,19/10/2022,0
CR100237,43.0,Male, Single ,Bachelor,Retired,13.8,40142.21,927.96,0.277,661.0,15,1,No,Other,31152.69,48,Education,15.16,Yes,East,02-13-2023,1
CR102150,37.0,Female, Married ,high school,Employed,9.6,32862.92,150.49,0.055,478.0,10,0,Yes,Own,48044.04,12,Medical,5.69,No,East,2023-10-14,1
CR103185,73.0,Male,Divorced,Bachelor,Employed,0.0,26340.55,914.36,,,8,0,No,Rent,46057.77,24, Business ,19.99,YES,Central,2022-03-16,0
CR102366,37.0,Female,Single,Bachelor,Employed,21.3,34796.97,386.3,0.133,814.0,19,0,No,Rent,53624.38,24,Home Improvement,8.43,No,East,04-24-2023,0
CR103912,29.0,Male,Single,High School,Self-Employed,8.7,98280.9,1915.95,0.234,550.0,15,0,Yes,Mortgage,57050.58,12,Home Improvement,8.05,No,NORTH,09-27-2022,0
CR103482,64.0,Female, Single ,Bachelor, Employed ,0.9,109074.83,2447.1,0.269,535.0,9,0,, Rent ,10330.91,36,Debt Consolidation,16.11,no,North,12-22-2022,1
CR100212,63.0,female,Single,Master,Self-Employed,15.2,23191.3,840.24,0.435,783.0,2,0, No ,Own,18056.41,36,Debt Consolidation,5.3,No,Central,2023-08-24,0
CR103963,39.0, Female ,Single,Master,Employed,8.1,30968.16,196.02,0.076,343.0,12,1,0,Mortgage,35379.33,24,Business,17.92,No,Central,10/01/2023,1
CR101182,58.0,Female,Married,bachelor,Unemployed,1.8,16039.3,150.76,0.113,781.0,5,0, 1 ,Rent,57260.47,12,Other,5.69,No,West,2023-11-03,1
CR104509,74.0,Female,Single,Master,Employed,,65902.43,2578.24,0.469,556.0,10,1,No,Own,5821.35,48,Home Improvement,26.71,No,South,2021-10-19,0
CR100483,64.0,Male,Single,High School,Employed,8.7,103779.85,579.91,0.067,360.0,11,0,No, Mortgage ,9838.7,36,Medical,18.92, No ,North,2022-01-31,0
CR103874,54.0,Female,single,Master,Employed,6.9,32695.93,561.84,0.206,428.0,8,2,No,Rent,39651.37,12, Debt Consolidation ,5.34,No,South,22/02/2021,0
CR101843,67.0,Male,Married,High School,Self-Employed,6.3,31975.33,1452.04,0.545,450.0,10,0,no,MORTGAGE,43596.61,24,Car,9.88,No,north,2023-05-29,1
CR104398,22.0,male,Single,High School,Retired,9.3,15201.21,119.91,0.095,557.0,14,0,No,Mortgage,54807.03,12,Medical,29.5,no, West ,01/05/2021,1
CR103549,55.0,Male,Married,Master,EMPLOYED,6.3,85175.88,689.4,0.097,612.0,15,0,No,Mortgage,26739.92,48,Debt Consolidation,18.09,No,East,09-30-2021,0
CR102363,24.0,Male,Single,Bachelor,Employed,8.3,71975.21,233.87,0.039,470.0,19,0,NO,Rent,45265.25,48,Home Improvement,7.88,No,Central,2023-02-12,0
CR100980,52.0,Male,DIVORCED,High School,Unemployed,0.0,24667.42,963.44,0.469,520.0,11,0,,Mortgage,35507.66,48,debt consolidation,22.19,No,East,10-08-2021,1
CR101704,71.0,FEMALE,Single,Bachelor,Employed,8.4,56102.39,156.37,0.033,,9,0,YES,Rent,18456.68,60,HOME IMPROVEMENT,15.05,Yes,East,04/09/2022,1
CR103687,72.0,Female,Married,Master, Employed ,11.1,72920.6,699.11,0.115,625.0,2,0,No,Rent,11910.84,24,Car,25.79,No,South,10/01/2024,0
CR103173,37.0,Male,MARRIED,Master,Employed,5.8,37722.32,950.46,0.302,777.0,2,0,1,Mortgage,38519.51,60,Debt Consolidation,20.41,no,East,2024-06-12,0
CR101928,28.0,Male,Single,bachelor,Retired,14.8,70329.05,1833.05,,810.0,10,0,N,,7537.68,60,Debt Consolidation,8.77,No, South ,2022-04-14,0
CR103281,61.0,Female,Married,High School,Employed,18.4,46378.86,292.58,0.076,676.0,3,0,No, Mortgage ,41911.66,24,Debt Consolidation,26.03,NO,Central,01-29-2021,0
CR100228,49.0,Female,Married,master,Employed,5.1,26342.68,475.71,0.217,776.0,12,0,0,OWN,44466.36,36,Debt Consolidation,26.75,No,East,23/09/2022,0
CR102690,60.0,Male,,high school,Retired,15.1,41642.5,1399.66,0.403,358.0,15,0,,Own,35009.17,48,Home Improvement,5.16,,West,04-24-2022,0
CR100304,49.0,Female,Single,Bachelor,Employed,13.0,33154.15,1295.51,0.469,496.0,4,2,Yes,Mortgage,16985.45,60,Business,24.08,No,East,07-21-2023,1
CR101907,27.0,Male,Widowed,,Self-Employed,3.8,,571.34,0.259,450.0,0,1,No,Mortgage,18011.59,48,Other,13.69,No,CENTRAL,03/06/2021,0
CR101586,65.0,female,Divorced,Master,Unemployed,0.0,25245.31,87.58,0.042,597.0,6,0,No,Mortgage,43387.26,12,Debt Consolidation,25.91,no,South,2024-06-08,0
CR100924,32.0,Male,Married,Bachelor,Employed,1.5,24552.23,890.95,0.435,774.0,8,1,Yes,Other,55841.54,36,Medical,9.26, No ,South,16/05/2023,0
CR101285,,male,Single,PhD,Employed,8.1,61710.05,1358.02,0.264,613.0,19,2,no,Mortgage,2524.82,36,Debt Consolidation,19.92,,West,20/05/2024,0
CR102903,53.0,Male,Single,Bachelor,Employed,,42853.43,1115.94,0.312,468.0,17,0,Yes,Mortgage,43671.57,36,Other,11.73,Yes,South,12-27-2024,0
CR102068,37.0,Male, Divorced ,High School,Retired,3.3,46154.27,1913.02,0.497,,5,0,,Rent,56077.87,36,Debt Consolidation,21.79,No,north,27/09/2024,1
CR101757,53.0,Male, Married ,Bachelor,employed,14.9,25031.58,205.26,0.098,,1,1, Y ,Rent,54534.78,36,Debt_Consolidation,27.15,,West,03-24-2022,0
CR101255,22.0, Male ,Married,High School,Self-Employed,1.1,25233.25,760.16,,616.0,12,1,No, Own ,13540.21,60,Other,13.88,No,East,04/04/2021,0
CR102089,19.0,male,Married,Bachelor,Self-Employed,6.4,31663.07,324.39,0.123,564.0,7,0,No,Own,54732.11,36,Debt Consolidation,9.63,,East,2021-03-10,1
CR103485,19.0,female,Married,other,Retired,7.5,11371.65,286.63,0.302,411.0,19,1,No,Rent,4324.53,24,Home Improvement,20.74,no,North,10-29-2022,0
CR102714,47.0,Female, Married ,PHD,employed,9.2,32402.9,1426.59,0.528,583.0,19,0,1,,9385.23,36,Debt_Consolidation,29.14,No,South,08/09/2023,0
CR100028,49.0,Male,MARRIED,high school,Employed,0.0,13947.15,572.06,0.492,798.0,18,0,Y,Mortgage,2421.5,36,Debt Consolidation,25.68,Yes,East,05/09/2021,0
CR101422,52.0,male,Divorced,Bachelor,Self-Employed,17.0,23952.05,144.0,0.072,727.0,15,0,0,Own,39408.71,60,Business,14.72, No ,North,2021-01-05,0
CR101102,-5.0,Male,Single,PhD,Self-Employed,7.3,26856.02,1155.33,0.516,,14,0,Yes,MORTGAGE,50579.74,36,Debt Consolidation,21.33,No,Central,21/09/2024,0
CR103738,56.0,Female, Single ,Bachelor,Employed,12.8,40596.15,276.1,0.082,836.0,11,1,No,Rent,40412.84,24,Education,26.24,No,South,2021-09-01,0
CR102303,,Female,divorced,Bachelor,Employed,5.3,41254.12,605.79,0.176,494.0,3,0,No,Mortgage,11192.25,24,medical,16.65,No,North,02-09-2023,0
CR101504,52.0,Male,Married,BACHELOR,Employed,,64911.52,279.85,0.052,594.0,5,0,Yes,,8826.31,60,Other,28.56,NO,South,04-23-2024,0
CR101288,23.0,FEMALE,Married,master, Self-Employed ,,52506.77,377.97,0.086,818.0,1,2,yes,Rent,7674.99,24,Car,29.21,No,South,24/04/2024,0
CR100502,73.0,Other,Married, Bachelor ,EMPLOYED,0.0,,1333.17,,626.0,2,0,Yes,Mortgage,23203.26,60,Debt Consolidation,15.95,No,West,2022-03-26,0
CR104139,,Female,Married,Bachelor,Employed,11.6,14963.42,126.14,0.101,757.0,17,0,Yes,Rent,40164.36,48,Business,12.72,No,North,08-24-2023,0
CR101464,67.0,other,Widowed,PhD, Unemployed ,2.0,38746.88,795.78,0.246,332.0,6,1, No ,own,6853.76,36, Business ,27.34,no,Central,12/08/2021,1
CR104077,52.0,Female,Divorced,Bachelor, Self-Employed ,1.9,,218.33,0.135,701.0,17,1,N,Mortgage,55341.44,48,Debt Consolidation,14.22,NO,North,17/03/2024,0
CR102664,30.0,Female,Single,Bachelor,Self-Employed,11.3,229058.3,770.31,0.04,785.0,15,1,Yes,Other,38976.87,48,Business,9.15,No,North,2023-08-26,0
CR103649,60.0,Male, Married ,Bachelor,Employed,15.1,96333.05,846.17,0.105,558.0,0,0,No,Rent,36417.6,60,Home Improvement,16.68,No,West,11-22-2021,0
CR102806,34.0,Female,Married,Other,Self-Employed,1.6,64096.03,2135.83,0.4,719.0,15,0,No,Other,59150.56,24,debt consolidation,25.09,No,Central,08/09/2021,0
CR100705,50.0,Female,Divorced,Bachelor,Employed,5.0,46837.71,1597.35,0.409,554.0,15,1,yes,,35769.82,48,Car,12.65,No,Central,2021-03-31,0
CR100231,67.0,FEMALE,Married,Bachelor,Unemployed,6.6,43009.98,829.07,0.231,302.0,14,1,Yes,Other,22033.42,60,Medical,23.07,,East,2022-09-22,0
CR102318,67.0,MALE,Single,High School,Retired,6.3,53730.69,2187.21,0.488,433.0,9,1,1, Own ,46730.8,12,Debt Consolidation,17.85,No, West ,2022-04-28,1
CR100213,44.0,Female,Married,,Employed,14.4,44183.64,692.56,0.188,,3,0,Yes,,16804.36,36,Debt Consolidation,24.54,No,East,27/03/2022,0
CR103393,28.0,Male,Divorced,High School,Employed,3.8,44027.42,1532.48,0.418,447.0,16,0,no,Mortgage,16184.15,48,Debt Consolidation,13.89,No,East,09-05-2023,0
CR104463,56.0,Female, Single ,High School,Employed,10.6,32334.01,458.93,0.17,639.0,1,0,Yes,Mortgage,22818.97,24,OTHER,20.14,,South,06/04/2021,0
CR100930,49.0,Male,married,Bachelor,self-employed,12.6,64707.58,1477.83,0.274,372.0,11,0,No,Own,10434.29,60,Home Improvement,22.83,No,Central,08-07-2022,1
CR102229,74.0,Female,Single,BACHELOR,Self-Employed,6.7,28931.7,245.46,0.102,427.0,1,0,No,Own,24675.62,60,HOME IMPROVEMENT,26.16,No,North,05-23-2021,0
CR101316,59.0,Female,Married,Bachelor,Employed,10.0,21791.31,72.01,0.04,,5,0,Y,,40208.2,60,Medical,28.38,NO,East,09/11/2022,0
CR103573,37.0,Female, Divorced ,Other,EMPLOYED,0.0,26026.82,583.18,0.269,501.0,13,2,NO,Rent,45621.01,60,Other,13.4,No,South,11-02-2023,0
CR102026,53.0,Female,, Bachelor ,Unemployed,7.6,30801.81,842.68,0.328,804.0,5,1,NO,Own,24423.52,48,Education,25.82,No,South,01/11/2024,0
CR100529,71.0,Male,Single,high school,Self-Employed,4.7,75500.46,3328.28,0.529,592.0,18,0,,Rent,22289.82,12,DEBT CONSOLIDATION,20.29,No,south,16/07/2024,0
CR102474,24.0,Male,Married,High_School,Employed,1.3,27887.16,691.41,0.298,423.0,5,0,Yes,Mortgage,4970.96,48,Home_Improvement,26.83,No,West,02-21-2021,1
CR102357,30.0,Female,Divorced,,Employed,7.5,58898.02,2131.65,0.434,711.0,15,0,1,Rent,2672.39,60,Debt Consolidation,20.03,No,North,2021-07-08,0
CR101163,48.0,Female,Married,BACHELOR,Employed,5.8,34180.16,1210.62,0.425,322.0,17,0, No ,Rent,31696.57,48,Debt Consolidation,14.66,No,SOUTH,03-22-2021,1
CR100114,47.0,Female,Single,Master, Unemployed ,0.0,22404.28,595.29,0.319,700.0,1,1,No, Own ,23535.68,60,Car,20.74,No,North,11-04-2023,0
CR103204,35.0,MALE,Single,Bachelor,Retired,2.1,18585.62,89.36,,657.0,12,0,,Rent,3176.16,36,Education,14.93,Yes,SOUTH,31/12/2023,0
CR102076,44.0,Male,Widowed,Bachelor,Unemployed,,21116.37,149.04,0.085,,4,0,Yes,Rent,4254.62,36,Car,5.89,No, West ,2021-11-18,0
CR102629,20.0,Female,single,Bachelor,Unemployed,15.4,29202.9,611.6,0.251,505.0,6,0,No,,45717.59,12,Debt Consolidation,27.74,No,East,2023-03-12,1
CR100168,37.0,Female, Married ,High School,EMPLOYED,12.3,35433.82,354.13,0.12,421.0,9,1,No,Mortgage,40965.38,36, Medical ,15.57,NO,Central,01-20-2022,1
CR101891,32.0,Male,widowed,High_School,Employed,9.8,26764.66,203.81,0.091,585.0,8,0,Yes,,49153.01,60,Car,16.56,No, West ,08/07/2023,0
CR100368,19.0,Female,,Bachelor,Employed,3.9,36732.38,564.74,0.184,678.0,13,1, Y ,RENT,47758.92,24,Medical,6.99,No,East,2024-04-18,0
CR104495,54.0,Male,Married,bachelor,Retired,11.1,61297.19,2121.48,0.415,498.0,14,0,Yes,Own,13037.99,24,Home Improvement,23.77,No,West,09-12-2021,0
CR101592,40.0,Male,single,High School,Self-Employed,13.3,28800.43,360.04,0.15,748.0,13,0,Yes,,5117.46,48,Business,19.48,No,Central,07-02-2021,0
CR102076,44.0,Male,Widowed,Bachelor,Unemployed,,21116.37,149.04,0.085,,4,0,Yes,Rent,4254.62,36,Car,5.89,No, West ,2021-11-18,0
CR103512,25.0,Female,Single,Master,self-employed,3.7,42513.2,228.77,0.065,744.0,17,1, No ,Rent,13508.29,12,Other,7.1, No ,West,12/12/2023,0
CR100406,43.0,Male,Single,Master,Employed,3.2,39017.63,1752.28,0.539,698.0,16,0,Yes,Mortgage,40532.35,36,Debt Consolidation,9.86,NO,East,2024-07-25,1
CR101331,59.0,Male,Divorced,,Employed,2.7,40241.56,864.27,0.258,628.0,1,1,No,Mortgage,35111.5,24,Home Improvement,8.67,Yes,Central,2022-12-04,0
CR103317,41.0,Female, Single ,High School,Employed,4.8,50137.25,684.0,0.164,,18,1,No,RENT,30958.43,48,Debt Consolidation,27.87,No, West ,11-03-2021,0
CR100692,72.0,Male,single,Bachelor,Retired,0.0,35895.89,939.19,0.314,624.0,3,0,Yes,Mortgage,10819.31,48,Debt Consolidation,4.74,Yes,North,10/05/2022,1
CR101634,42.0,Other,Married,Bachelor,Employed,,81074.88,1037.24,0.154,815.0,4,3,0,Rent,55708.64,48,debt consolidation,26.02,No,West,23/01/2022,0
CR104231,71.0,Male,Married,,Employed,3.7,25135.94,149.22,0.071,711.0,18,0,No,Mortgage,11077.82,24,car,5.46,, East ,04-14-2022,0
CR101142,72.0,Female,Divorced,High School,Self-Employed,0.1,25140.86,583.26,0.278,594.0,4,0,no,RENT,29168.52,24,car,15.79,No,Central,08-08-2023,0
CR104188,20.0,Female,Single,Other,Employed,6.5,17608.14,601.68,0.41,826.0,10,0,Yes,Own,12086.54,12,Debt Consolidation,15.56,No,North,01/04/2024,0
CR103269,75.0,Female,Single,,Employed,3.0,34368.23,536.64,0.187,342.0,6,1,No,Mortgage,12190.9,24,MEDICAL,12.02,Yes,West,31/10/2021,1
CR103325,63.0,Male,Single,Bachelor,Employed,17.4,30529.23,857.07,0.337,616.0,6,0,Yes,own,13225.62,60,debt consolidation,20.75,No,East,10/10/2021,0
CR102394,45.0,male,Divorced,High School,Self-Employed,5.9,8000.0,362.94,,651.0,6,1,No,Rent,26095.34,60,home improvement,5.3,No,Central,2023-08-03,1
CR100470,60.0,Female,Single,Master,Employed,8.2,49084.98,896.2,0.219,720.0,16,1,no,Own,32134.64,36,Debt_Consolidation,8.32,Yes,East,04-18-2024,0
CR101573,65.0,Female, Married ,Bachelor,Retired,6.9,32717.78,464.61,0.17,446.0,1,1,No,,22855.58,24,Home_Improvement,26.77,No,West,01-13-2022,1
CR102599,40.0,male,Married,High School,Self-Employed,8.6,21362.15,886.17,0.498,756.0,17,0,yes,Rent,14630.7,24,Business,16.89,No,west,2022-12-04,0
CR103369,,Male,Married,Bachelor,Unemployed,14.2,41570.03,370.54,0.107,485.0,16,0,No,Rent,11397.34,36,Car,13.82,,Central,14/08/2024,0
CR101033,36.0,Male,Married,,Employed,13.7,,627.51,0.142,714.0,8,0,No,,28081.41,12,Debt Consolidation,9.35,No,South,30/04/2024,0
CR100807,24.0,female,Single,,Employed,11.2,16191.24,522.56,0.387,326.0,8,1,Yes,OWN,57323.65,48,Car,13.5,No,South,05-20-2024,0
CR100235,,Male,Widowed,Bachelor, Employed ,0.0,19850.82,606.49,0.367,459.0,17,2,Yes,Mortgage,8444.12,48,Home Improvement,6.3,No,North,2024-09-08,0
CR100890,23.0,Female, Married ,,Retired,8.6,20498.09,714.84,0.418,731.0,14,1,Yes,,28977.88,12,Debt Consolidation,13.42,No,East,10-24-2024,0
CR100601,63.0,Female,Single,,Employed,2.2,30869.99,200.76,0.078,633.0,9,0,Yes,Rent,9467.91,36,Medical,27.71,Yes,South,17/09/2023,1
CR101364,50.0,Male,Single,Bachelor,Employed,16.2,37853.16,547.54,0.174,518.0,8,1,Yes,Mortgage,5607.73,48, Debt Consolidation ,14.66, No ,Central,10/06/2022,0
CR103206,75.0,Female,Single,PhD,EMPLOYED,0.0,82805.12,1918.88,0.278,580.0,1,0,No,Mortgage,36469.83,48,Home Improvement,6.26,no,South,24/10/2021,1
CR104154,31.0,Female,Single,Master,Employed,1.7,35213.73,1265.27,0.431,785.0,9,0, Yes ,Own,53154.83,24,Car,11.28,,South,08-06-2023,0
CR102156,43.0,Female,Single,Bachelor,EMPLOYED,11.0,57932.51,2561.64,0.531,726.0,0,1,No, Own ,28786.05,48,Home Improvement,15.91,No,north,2024-12-07,0
CR102002,41.0,Male,Married,High School,employed,3.6,71470.95,2501.97,0.42,577.0,10,0,No, Own ,6140.74,24,Debt Consolidation,8.5,,East,2024-12-04,1
CR103226,51.0,Female,Single,Other, Unemployed ,9.3,56445.51,1857.34,0.395,681.0,0,0,NO,Own,59218.15,60,Debt Consolidation,13.74,No,West,10-05-2023,0
CR103081,65.0,male, Single ,PhD,Self-Employed,1.0,26603.45,742.78,0.335,652.0,0,2,,,35759.24,48,Home Improvement,25.08,NO,Central,24/12/2021,0
CR102030,,Female,Single,High School,Employed,5.7,46768.69,627.85,0.161,780.0,16,0,Y,Mortgage,30860.28,24,Debt Consolidation,8.13,Yes,Central,04-02-2021,0
CR104334,71.0,Female,, Master ,retired,12.9,69931.5,1701.9,0.292,382.0,8,1,Yes,own,3490.65,12,Debt Consolidation,15.84,No,West,2022-11-10,1
CR103967,32.0,Female,Single,Master,Employed,6.4,40277.86,189.12,0.056,,7,0,No,Mortgage,17840.57,48,EDUCATION,11.08,No,Central,25/11/2021,0
CR102311,,Male,Divorced,Master,Employed,13.8,57660.67,872.61,0.182,820.0,0,0,No,Rent,57906.6,48,Car,5.95,No,North,2024-09-03,0
CR102662,26.0,male,Married,PhD,Employed,5.4,51107.52,2188.78,0.514,582.0,18,0,Yes,rent,20790.49,36,Debt Consolidation,19.83,No,East,2021-08-22,0
CR104027,43.0,Female,Single,Master,RETIRED,7.3,61683.35,2366.46,0.46,747.0,13,1,No,Other,38062.7,60,Debt Consolidation,27.18,,Central,28/07/2021,1
CR104407,28.0,Female,WIDOWED,High School,Retired,10.0,44231.42,1578.87,0.428,667.0,11,0,1,Own,32702.98,48, Home Improvement ,22.95,No,SOUTH,2022-07-11,0
CR101175,37.0,FEMALE,Married,Master,Employed,6.7,37274.0,691.19,0.223,692.0,13,1,No,Mortgage,34424.36,12,DEBT CONSOLIDATION,6.98,,south,05-30-2021,0
CR100123,45.0,FEMALE,Widowed,High School,Employed,10.1,41701.77,85.41,0.025,702.0,12,1,Yes,Rent,32964.75,60, Education ,21.12,No,Central,05-08-2021,0
CR103735,29.0,FEMALE,Married,,Self-Employed,8.2,53651.41,439.63,0.098,461.0,18,0,Yes,Rent,26066.38,36,Home Improvement,11.55,No,North,26/01/2024,0
CR103290,41.0,Male,Single,Master,Employed,0.0,462765.5652857335,1687.07,0.044,648.0,11,0,Yes,Mortgage,22260.37,24, Debt Consolidation ,29.66,No,North,08-10-2022,0
CR101852,44.0,Female,Married,PhD,Retired,0.4,28962.64,155.93,0.065,547.0,10,2, Yes ,Rent,6945.39,24, Home Improvement ,5.38,No,South,26/08/2023,0
CR103412,30.0,Male,Single, PhD ,Retired,12.2,14617.22,591.58,0.486,372.0,6,1,,Mortgage,39124.1,36,Debt Consolidation,15.55, No ,SOUTH,2023-12-25,1
CR102127,54.0,Male,Single,Bachelor,Employed,7.5,31138.89,1004.11,0.387,797.0,8,0,Yes,Own,13214.15,60,Medical,10.37,No,West,2024-12-08,0
CR103205,57.0,Male,Widowed,High_School,EMPLOYED,4.3,27866.79,659.85,0.284,546.0,2,1,Yes,Mortgage,39975.54,24,Debt Consolidation,19.69,No,North,2021-06-28,0
CR101156,24.0,Female,Widowed,High School,Employed,0.0,100953.98,1614.37,0.192,841.0,15,0,0,Mortgage,3943.03,12,CAR,7.62,No,EAST,2021-12-21,0
CR103199,33.0,Male,Single, High School ,Employed,0.8,17703.12,794.88,0.539,473.0,15,0,No,Own,17055.03,48,Debt Consolidation,29.42,no,West,03-01-2021,1
CR103654,56.0,Female,married,High School,Employed,0.8,40008.33,1811.67,0.543,545.0,8,2,,Own,8845.95,12,Business,7.79,NO,South,07-07-2021,0
CR101608,31.0,female, Married ,Bachelor,employed,2.0,94471.72,2401.48,0.305,638.0,17,0,Yes,Mortgage,56694.35,48,Education,23.02,No,South,17/08/2023,0
CR103015,44.0,Female,SINGLE,other,UNEMPLOYED,9.6,122007.1786465078,1336.57,,465.0,2,1,No,Mortgage,3128.46,60,Home Improvement,8.84,,West,02-15-2023,0
CR102961,,male,,High_School,Employed,,11641.13,291.05,0.3,656.0,11,0,0,Own,35720.93,24,Business,29.88,No,North,09-21-2023,0
CR101723,60.0,Male,Single,phd,Employed,6.7,57233.33,2188.51,,333.0,18,0,No,,35798.62,24,Education,29.74,No,Central,02/03/2021,0
CR100017,,Male,Single,master,retired,13.1,60078.18,1512.02,0.302,680.0,5,1,No,MORTGAGE,56668.2,12,Business,13.87,No,North,11/06/2023,0
CR100511,61.0,Female,Single,high school,Employed,9.3,35267.81,664.63,0.226,,6,0,Yes,,44213.71,60,DEBT CONSOLIDATION,16.99,No,North,2024-02-13,0
CR100814,63.0,Female,Married,High School,Self-Employed,3.8,67388.58,1390.36,0.248,678.0,8,1,yes,,24008.56,60,Car,23.68,yes,West,2023-03-07,0
CR100879,54.0,FEMALE,Married,Master,employed,5.5,31385.96,331.54,0.127,619.0,2,0,NO,other,40329.34,60,DEBT CONSOLIDATION,20.5,No,North,27/02/2024,0
CR100647,49.0,Male, Widowed ,Bachelor,Employed,,25892.56,786.32,0.364,426.0,17,0,0,Rent,21241.87,24,Education,6.83,No, South ,09-21-2021,0
CR101447,73.0,Female,single,Bachelor,Self-Employed,0.0,21293.94,659.56,0.372,312.0,19,1,No,rent,51003.7,60,Debt Consolidation,20.11,No,Central,12/12/2021,0
CR101521,59.0,Female,Single,,Unemployed,7.8,41801.91,1015.2,0.291,,8,0,Yes,Own,56798.33,12,Business,6.78,No, Central ,14/11/2022,1
CR101129,55.0,Female,Married,master,unemployed,11.2,26931.62,709.3,,367.0,7,0,No,RENT,25922.78,48,Home Improvement,14.14,No, North ,2022-12-10,1
CR100775,73.0,Male,Divorced,high school,Retired,,33458.49,509.91,0.183,717.0,3,0,No,Own,49440.53,60,Home Improvement,8.04, No ,East,2023-04-24,0
CR101153,70.0,MALE,Married,High School, Self-Employed ,12.1,26421.04,746.16,0.339,800.0,15,0,Yes,Rent,29684.65,60,Business,11.72,,South,05-18-2023,1
CR101815,24.0,Female,Single,Master,Self-Employed,2.6,,110.0,,585.0,4,0,Yes,,18042.4,24, Debt Consolidation ,17.78,No,EAST,2023-01-22,1
CR100219,,Male,MARRIED,Bachelor,Self-Employed,6.4,18112.65,715.07,0.474,356.0,0,0,Yes,Own,55781.16,48,Debt Consolidation,20.61,No,East,01/02/2022,0
CR102362,73.0,Other,Married,Bachelor,SELF-EMPLOYED,,11281.42,208.32,0.222,364.0,13,0,NO,Mortgage,5279.15,60,Debt Consolidation,6.48,Yes, East ,09-25-2024,0
CR101796,74.0,Male,married,Master,EMPLOYED,4.6,22172.43,708.81,0.384,349.0,12,1,Y,Other,22005.23,24,DEBT CONSOLIDATION,17.48,,Central,2021-11-13,1
CR103041,,Female,Widowed,master,Employed,9.5,37744.02,364.52,0.116,303.0,15,0,No, Rent ,33990.85,36,Business,18.12,No,West,23/07/2024,1
CR102276,, Male ,Single,high school,Retired,1.3,26497.22,474.74,0.215,817.0,10,1,, Rent ,28247.52,36,other,5.95,Yes,West,08-19-2024,0
CR102863,53.0, Female ,Married,Bachelor,Employed,6.6,41388.53,151.92,0.044,784.0,14,1,Yes,Rent,42458.33,48,Home Improvement,9.74,No,West,15/05/2022,0
CR103140,46.0,Male,Married,Master,Self-Employed,7.9,70605.27,301.8,0.051,660.0,18,0,yes,Mortgage,13142.42,36,Other,13.56,No, South ,10/07/2022,0
CR101446,72.0,Female,Single,High School,Employed,7.9,63987.65,1186.31,0.222,678.0,14,2,Yes,Own,47433.04,48,Debt Consolidation,28.88,Yes,North,05-02-2023,0
CR104036,57.0,female,married,,Employed,6.0,29239.17,315.35,0.129,533.0,2,0,Yes,Mortgage,25772.62,24,Debt Consolidation,22.95, Yes ,West,12-21-2022,1
CR101601,60.0,Female,Single,PhD,Employed,,23134.7,723.31,0.375,662.0,18,1,yes,Mortgage,40364.03,60,BUSINESS,18.07,Yes,South,13/04/2024,0
CR104147,67.0,Female,Single, Bachelor , Employed ,8.1,12113.29,105.54,0.105,476.0,3,0, No ,own,16316.13,36,Other,12.28,No,Central,2024-08-22,1
CR102111,57.0,Male,Divorced,High School,Self-Employed,5.5,86657.58,568.97,,362.0,5,0, No ,Rent,56226.78,36,HOME IMPROVEMENT,18.67,No,South,08-11-2021,0
CR102846,68.0,MALE,Married,PhD,Employed,8.2,42024.11,1673.92,0.478,711.0,19,1,Yes,Rent,59747.05,48,Debt Consolidation,15.88,No,North,2023-09-25,1
CR103341,35.0,Male,Single,High School,Employed,11.5,,157.05,0.034,737.0,15,0,No,Rent,59583.42,36,CAR,14.33,No,West,09-11-2022,0
CR101440,63.0,Male,Married,master,Unemployed,8.7,57247.44,997.4,0.209,,4,0,No,Rent,50303.1,36,MEDICAL,12.59, No ,CENTRAL,11/02/2024,0
CR104055,39.0,Female,,High_School,Unemployed,14.0,11251.82,20.82,0.022,533.0,3,0,Yes,,33033.79,12,Debt Consolidation,8.56,No,West,08/02/2022,1
CR100942,70.0,Male,MARRIED,Master,UNEMPLOYED,5.1,79357.61,3078.1,0.465,667.0,1,1,No,MORTGAGE,16050.89,36,Car,20.0,No,East,03-16-2022,0
CR104211,59.0,Male,,Bachelor,Employed,0.9,35271.65,1227.33,0.418,733.0,15,0,Yes,Rent,58338.79,12,HOME IMPROVEMENT,24.79,No,west,08-19-2024,0
CR102078,32.0,Female,Divorced,,Unemployed,11.1,24514.77,61.68,0.03,452.0,10,1,0,Mortgage,11790.31,36,Business,15.16,No,East,10-03-2023,0
CR101999,, Female ,Married,Master,Employed,0.0,141019.5,3361.42,0.286,400.0,16,0,NO,Mortgage,33227.45,60,Home Improvement,22.76,no, North ,07-19-2023,0
CR100408,72.0,male,Single,,Employed,,20599.1,498.46,0.29,820.0,14,0,1,own,57652.6,24,Education,19.56,No,South,12-23-2023,1
CR100815,,Male,Married,Bachelor, Employed ,6.8,29062.36,885.76,0.366,411.0,8,0,No,Rent,28434.7,48,Debt Consolidation,19.88,No,North,12-30-2022,0
CR101736,47.0,male,Married,High School,Employed,3.8,,1072.87,0.396,317.0,4,0,No,,33913.23,24,Debt_Consolidation,28.21,No,north,2024-07-02,1
CR101712,69.0,Male,Single,Master,self-employed,6.5,24627.64,697.83,0.34,729.0,9,1,No,Own,11693.03,24,Debt Consolidation,12.39,,South,11-29-2022,0
CR100422,62.0,Male,,High School,Retired,11.6,65307.04,2891.51,0.531,762.0,13,0,No,Mortgage,32864.22,12, Car ,15.84,No,West,16/07/2022,0
CR104216,46.0,Female,Married,High School,Employed,11.2,23424.71,504.54,0.258,832.0,10,0,No,Rent,48944.35,12,Other,27.88,Yes,East,07/07/2022,0
CR102167,66.0,Female,Married,Bachelor,Unemployed,8.6,22090.1,327.24,0.178,746.0,8,0,No,Own,29432.91,36,Car,16.1,No,East,2023-05-15,0
CR102646,50.0,MALE,Single,Bachelor,Self-Employed,8.0,68525.51,344.29,0.06,,16,0,No,Mortgage,51081.54,60,Debt Consolidation,7.28,No,South,07-05-2022,0
CR104047,32.0,Female,Single,High School,Employed,9.1,19833.25,905.86,0.548,578.0,16,2,Yes,Mortgage,51595.56,24,Debt Consolidation,7.19,No,North,10-11-2024,0
CR101588,67.0,FEMALE,Single,,Retired,1.1,49777.26,598.26,0.144,582.0,9,0,No,Mortgage,39477.99,48,Car,20.99, No ,East,01/05/2024,1
CR103667,28.0,FEMALE,MARRIED,High School,Employed,14.7,35691.41,550.91,0.185,634.0,11,0,no,Rent,53706.26,48,Education,29.89,No,East,24/01/2023,0
CR101885,28.0,MALE,Married,Bachelor,EMPLOYED,6.8,134830.74,2139.23,0.19,371.0,11,0,Yes,Rent,2897.19,12,Debt Consolidation,16.65,No,West,09-06-2021,0
CR102046,44.0,Male,divorced,Bachelor, Unemployed ,3.8,23276.03,609.85,0.314,388.0,15,1,Yes,Other,14555.82,12,car,6.59,,EAST,01-30-2022,1
CR100454,52.0,Female,Single,High School,Employed,6.4,25294.96,957.29,0.454,635.0,19,0,No,,11705.69,12,Car,21.04,Yes,West,04-29-2023,1
CR100096,31.0, Male , Single ,High School,Self-Employed,0.0,30425.74,783.41,0.309,383.0,7,3,No,Mortgage,8054.34,48,Car,17.04,No,South,02-08-2021,1
CR102514,23.0,Male,single,PhD,Self-Employed,0.8,47577.67,1317.61,0.332,,15,1,No,Rent,6712.21,36,BUSINESS,15.9,no,South,30/11/2023,1
CR100915,44.0,Male,Married,High School,employed,0.0,34944.19,1443.5,0.496,474.0,19,0,Yes,Rent,44411.96,12,Medical,22.61,No,WEST,08-11-2023,1
CR101870,20.0,Female,Single,MASTER,Self-Employed,13.9,25658.81,371.95,0.174,,12,0,Yes,Rent,12077.35,36,Business,21.68,No,Central,2023-08-25,1
CR103653,47.0,Male,Married,Master,Employed,18.2,59424.93,1446.94,0.292,674.0,18,0,No,Mortgage,40820.78,48,Debt Consolidation,10.08,NO,North,01/11/2021,0
CR100175,44.0,Male,Single,Bachelor,Retired,2.5,35707.79,1185.96,0.399,381.0,18,0,No,Mortgage,9783.98,36,Debt Consolidation,11.4,No,North,19/03/2021,1
CR100867,66.0,Male,,,Self-Employed,0.0,14710.07,485.82,0.396,418.0,17,1,0,Mortgage,28166.41,24,Other,23.9,No,East,2021-03-01,1
CR104521,58.0,Male,Single,High School,Employed,14.7,68642.82,3028.26,0.529,830.0,10,0,No,Own,4106.81,60,Education,14.63,No,south,03-10-2024,1
CR101467,40.0,Female,Married,High School,EMPLOYED,6.4,40008.65,616.99,0.185,337.0,16,2,No,Rent,47775.58,36,Car,23.57,No,Central,05-19-2023,0
CR102460,37.0,Female,Married,Master,Employed,5.1,41306.64,132.7,0.039,796.0,1,0,No,Rent,50171.23,36,Medical,18.34,no, North ,2023-12-30,0
CR101503,36.0,Female, Married ,High School, Self-Employed ,13.1,25387.09,89.62,0.042,,5,1,No,rent,41008.93,48,OTHER,29.37,No,west,10/12/2021,0
CR103931,22.0,Male,Married,High School,Employed,16.0,59125.8,516.37,0.105,629.0,17,0,Yes,Own,31799.87,24,car,23.27,No,EAST,2023-08-04,0
CR102787,21.0,Female,Married,bachelor,Employed,6.9,28962.96,125.71,,579.0,5,1,No,OWN,17568.8,48,Home Improvement,24.95,No,South,08/06/2024,1
CR100001,62.0,Male,MARRIED,High School,Employed,9.8,36711.69,159.78,0.052,417.0,3,1,No,Mortgage,46231.4,60,Medical,15.29,No,South,04-06-2023,1
CR100113,44.0,Female,Married,,Employed,7.6,46527.43,1949.62,0.503,718.0,0,1,No,Own,36150.96,36,Home_Improvement,25.88,No,East,01/12/2024,0
CR102688,55.0,Male,divorced,Master,Self-Employed,7.2,31314.26,471.84,0.181,650.0,11,1,Yes, Mortgage ,43685.52,24, Debt Consolidation ,7.69,Yes,North,2021-02-24,0
CR101479,42.0,Male,Single,Master,Employed,,33614.74,914.42,0.326,659.0,11,0,No, Mortgage ,39301.87,24,Car,15.78,No,North,2024-04-19,0
CR103311,41.0,Male,Single, High School ,Employed,10.9,27571.42,795.23,0.346,712.0,9,2,No,Mortgage,24025.79,36,Education,4.7,No,Central,18/02/2023,1
CR104195,46.0, Female ,SINGLE, Master ,Employed,,40581.82,1067.08,0.316,316.0,8,1,No, Rent ,1462.05,60,Business,14.48,No,North,07/01/2023,0
CR104257,23.0,Female,,Bachelor,EMPLOYED,7.5,23476.49,492.03,0.252,536.0,7,0,Y,Rent,11319.31,48,Debt Consolidation,14.37,Yes,West,11/11/2022,0
CR101149,67.0,Male,married,PhD,employed,0.2,23213.83,442.95,0.229,393.0,2,1,Yes,Rent,24888.91,48,Debt Consolidation,27.66, No ,north,2023-07-21,0
CR104065,38.0,male,Widowed,High School,Employed,9.4,60538.24,2728.66,0.541,738.0,14,0,No,Own,15403.15,60,Car,5.11, No ,East,11-26-2023,0
CR100605,49.0, Female ,Married,,Employed,,56421.67,926.0,0.197,745.0,11,0,YES,Mortgage,47640.76,24,Debt Consolidation,22.08,No,North,06-05-2024,0
CR103390,32.0,other,,Bachelor,Employed,0.0,20268.87,469.29,0.278,,15,0,No,Mortgage,59569.59,36,debt consolidation,23.22,No,West,03/02/2021,0
CR101701,28.0,Female,Married,High_School,unemployed,6.2,29333.7,1160.9,0.475,797.0,6,1,No,rent,56174.01,60,Business,19.94,No,Central,29/01/2022,0
CR101265,20.0,FEMALE,Single,MASTER,Self-Employed,3.0,32854.66,357.45,0.131,731.0,12,1,Yes,Mortgage,43952.91,48,Car,5.8,No,North,10-04-2021,0
CR102463,51.0,Female,Married,, Employed ,,15592.45,526.26,0.405,300.0,3,0,Yes,Mortgage,24543.85,60, Medical ,29.74,No,South,01-09-2022,1
CR104467,73.0,Female,Single,Bachelor,Employed,0.0,,924.2,0.189,743.0,19,2,,Mortgage,23520.52,24,Medical,26.53,No,Central,11-22-2022,0
CR103668,,Male,Single,High School,EMPLOYED,,41825.7,863.56,0.248,564.0,1,0,Yes,,4699.28,48,Medical,22.43,No,South,05-25-2024,0
CR100845,18.0,Male,Single,High School,Employed,0.0,37172.97,1109.16,0.358,454.0,15,1,No,Own,22362.68,12,Debt Consolidation,9.16,No,North,2024-01-09,0
CR101082,73.0,Female,Married,HIGH SCHOOL,Employed,9.4,13412.35,340.6,0.305,358.0,12,1,No,,22437.7,48,Other,8.3,No,West,2022-06-11,0
CR101874,41.0,MALE,Married,high school,Self-Employed,9.5,86674.26,1100.58,0.152,665.0,7,0,No,Own,31534.2,60,Debt Consolidation,5.06,No,North,29/01/2022,0
CR102263,47.0,Female,Widowed,Master,Employed,0.0,60248.63,841.33,0.168,838.0,16,0,,Mortgage,37356.11,36, Home Improvement ,20.88,No,East,08-31-2022,0
CR102095,63.0,Male,Single,Other,Employed,11.4,52444.63,1345.94,0.308,450.0,8,1,No,Rent,19038.56,36,Debt Consolidation,8.87,NO,South,25/06/2022,1
CR103952,60.0,Male,Widowed,Bachelor,EMPLOYED,4.6,41962.14,1605.45,0.459,629.0,2,0,,rent,9359.2,12,Debt Consolidation,18.83,,West,08-18-2021,1
CR104577,29.0,Female,Single,Other,Self-Employed,8.6,,10265.97,0.254,363.0,3,0,No,Rent,11890.39,36, Business ,7.14,Yes,north,03/09/2023,1
CR103959,30.0,male,Divorced,High School,Self-Employed,11.7,42597.86,741.44,0.209,456.0,18,1,No,Rent,23427.33,48,Debt Consolidation,5.64,No,West,29/12/2021,0
CR102640,31.0,female,Single,Master,Self-Employed,11.3,57423.08,1189.1,0.248,533.0,9,0,1,Rent,28810.39,48,debt consolidation,17.76,No,South,12-07-2024,1
CR102236,32.0,Male,Single,High School,Employed,0.0,50348.2,1967.28,0.469,325.0,2,0,Yes, Rent ,28360.22,48,Debt Consolidation,14.76,No,West,2023-10-30,0
CR100655,48.0,Female,Single,MASTER,employed,10.1,23387.15,119.57,0.061,,6,0,No,Mortgage,20322.8,12,Business,16.95,No,West,2022-04-29,0
CR103976,55.0,Male,Single,Bachelor,Employed,6.2,26308.52,559.09,0.255,355.0,17,0,Yes,Rent,3384.32,48,Home Improvement,16.84,No, Central ,06-16-2024,1
CR103265,,Male,, Master ,Employed,0.0,29137.43,364.6,0.15,831.0,8,0,Yes,,40626.78,48,Car,20.57,Yes,West,10-05-2022,0
CR104080,,Male,Divorced,Bachelor,Retired,7.7,83761.44,731.96,0.105,346.0,12,0,No,,53263.64,36, Business ,12.97,No,East,2023-05-19,0
CR103134,59.0,Male,Single,,Employed,14.2,26104.8,495.26,0.228,798.0,15,0,No,Mortgage,1458.52,12,Business,28.97,No,West,10-20-2021,1
CR103244,60.0,Female,Divorced,high school,Employed,6.8,35323.97,800.71,0.272,808.0,10,0,No,Mortgage,46646.18,24,Home Improvement,16.12, No ,east,2024-05-14,0
CR100621,45.0, Male ,Widowed,High School,Employed,,42396.02,234.7,,776.0,14,1,N,Rent,48080.39,48,Debt_Consolidation,13.7,No,East,2023-01-17,0
CR100742,54.0,Male,Single,Master,Unemployed,7.7,24522.58,810.64,0.397,548.0,13,0,Yes,Rent,2789.41,24,Home Improvement,9.14,No,CENTRAL,2021-01-11,0
CR101616,64.0,Female,Single,High School, Employed ,6.7,53357.67,1504.95,0.338,584.0,6,0,1,Own,20763.73,12,Debt Consolidation,13.23,No,East,06/08/2024,1
CR101775,25.0,Female,Single,High School,EMPLOYED,8.1,14228.07,218.45,0.184,321.0,0,0,NO,Mortgage,18730.62,60,Business,13.36,,North,09-18-2022,0
CR100562,46.0,Female,Single,Master,Employed,0.3,37970.69,839.21,0.265,496.0,0,0,Yes,Own,59000.09,48,Car,9.49,No,North,05-06-2022,0
CR103999,48.0,MALE,Married,Bachelor,EMPLOYED,16.8,46795.29,516.74,0.133,569.0,14,1,Yes,Rent,51289.21,12, Other ,14.2,,West,08/07/2022,0
CR104588,53.0,FEMALE,Single,Master,UNEMPLOYED,20.3,66061.12,1506.25,0.274,618.0,11,0,No,Mortgage,26875.9,24,Business,15.81,No,north,08/01/2022,0
CR101879,23.0,female, Single ,Bachelor,self-employed,7.5,13042.01,571.68,0.526,,12,0,NO, Rent ,3186.62,60,Education,27.87,yes,North,02-25-2024,1
CR104101,75.0,Female,Married,Master,Unemployed,9.1,49750.89,2106.49,0.508,734.0,3,1,1,MORTGAGE,48247.24,36,Home Improvement,25.75,yes,North,2021-12-03,0
CR100945,24.0, Female ,single, High School , Employed ,13.5,12629.8,417.84,0.397,504.0,1,1,No,Rent,56419.14,60,home improvement,8.69,Yes,East,2024-02-28,0
CR104002,20.0,Female,Single,Bachelor,Self-Employed,24.9,48707.49,934.42,0.23,305.0,7,2,Yes,Rent,12086.97,36,Debt Consolidation,7.5,No,EAST,2022-11-02,0
CR103824,52.0,Female,Married,Bachelor, Self-Employed ,4.6,,804.68,0.244,501.0,14,0,NO, Rent ,43320.61,60,Medical,23.58,No,East,02-14-2022,0
CR100762,73.0,Female,Single,Bachelor,Employed,3.2,39706.89,418.9,0.127,811.0,4,1,No,Mortgage,58237.68,24,Debt Consolidation,7.93,No,Central,05-15-2024,0
CR104365,,Female,Divorced,High School,Employed,11.2,23736.37,648.75,0.328,653.0,9,0,No,Mortgage,54072.06,12,Debt Consolidation,23.96,Yes,South,01-31-2021,0
CR103821,18.0,Female,Married,High School,Employed,17.1,31570.96,682.03,0.259,519.0,12,0,No,Mortgage,42528.32,36,Medical,28.38,No,South,2021-03-30,0
CR101719,47.0,Female,WIDOWED,bachelor,Employed,16.3,120819.44,1863.65,0.185,521.0,7,0,No,Other,16138.93,24,Debt Consolidation,14.04,No,Central,22/03/2024,0
CR102416,,Male,MARRIED,Bachelor,Self-Employed,18.2,81843.35,946.6,0.139,419.0,16,2,No,Rent,14341.12,12,Medical,29.64,,south,2023-01-01,1
CR101661,53.0,MALE, Single ,High School,Retired,10.7,13877.52,506.34,0.438,739.0,7,0,No,,52226.36,36,Home Improvement,11.69,No,East,25/05/2022,1
CR102906,54.0,Male,,Bachelor,Employed,10.1,76610.24,2350.14,0.368,,3,1,No,Rent,12785.83,48,Business,27.05,No,South,19/01/2024,0
CR101211,,Male,Divorced,,Unemployed,12.9,76639.24,2634.75,0.413,381.0,0,1,No,Other,31776.52,48,business,22.26,NO,North,17/10/2021,0
CR100073,25.0,Other,Divorced,High School,Employed,0.0,30392.46,1044.24,0.412,484.0,13,1,NO,Own,52098.26,48,Other,29.83,No,West,31/12/2021,1
CR103169,53.0,female,SINGLE,High School,Unemployed,10.0,66532.3,709.76,0.128,710.0,1,0,No,Mortgage,50258.98,60,Debt Consolidation,13.34,No,South,11-24-2023,0
CR101905,32.0,Male, Widowed ,Bachelor,Employed,9.7,24785.7,1075.64,0.521,516.0,19,1,Yes,Own,35918.39,48,Car,29.88,No,south,11-23-2022,0
CR103972,25.0,Male,Married,High School,Employed,0.0,15108.29,182.08,,677.0,1,0,No,,6172.75,60,Medical,7.97,No,north,28/01/2024,0
CR101552,48.0,Other,Single,High School,Self-Employed,3.5,49095.69,2000.89,,410.0,4,0,N,MORTGAGE,27882.37,48,Home Improvement,24.6,No,West,2022-04-04,0
CR102423,65.0,male, Married ,Master,Self-Employed,10.6,31746.08,1078.24,0.408,671.0,13,0,No,,22325.78,36,Other,20.67,Yes,SOUTH,01-18-2024,0
CR100543,28.0,Male,Single,bachelor,Employed,1.7,33418.27,989.64,0.355,819.0,2,1,Yes,Other,51636.34,12,Debt Consolidation,24.42,No,Central,2022-03-30,0
CR100197,24.0,Male,Married,Other,Employed,5.0,10929.73,21.21,,567.0,6,1,Yes,Rent,2028.32,36,Debt Consolidation,25.27,No,East,10-21-2021,0
CR103052,,FEMALE, Married ,Bachelor,Unemployed,9.3,61368.09,2557.73,0.5,725.0,0,1,no,other,44748.94,12,Business,7.89,No, North ,2023-03-25,0
CR100798,36.0,Male,Single,Bachelor,Employed,15.1,24172.27,940.34,,709.0,16,0,1, Rent ,3707.5,36,Medical,12.57,no,North,10/06/2023,0
CR101846,41.0,Female,Married,Bachelor,Employed,2.3,21844.13,695.29,0.382,702.0,4,1,No,Rent,2445.45,12,Home_Improvement,28.77,no, East ,2024-01-05,0
CR101217,60.0,Male,single,Master,EMPLOYED,25.1,73649.77,2406.67,0.392,543.0,14,1,No,Rent,15961.35,24,Business,13.22,NO,Central,08/02/2021,0
CR101341,25.0,Female,Divorced,High_School,Employed,0.0,36976.13,217.05,0.07,705.0,15,0,No,Rent,55564.59,24,Debt Consolidation,22.48,No,EAST,05/02/2022,0
CR100822,25.0,Female,Married,Master,Retired,12.0,13071.49,90.81,0.083,311.0,12,0,No,Other,51943.53,60,debt consolidation,20.49,No,Central,08-31-2023,1
CR104253,37.0,Female,,master,Employed,10.0,31909.92,815.82,0.307,,15,0,0,Rent,37183.67,12,Debt Consolidation,29.39,No,East,15/04/2024,0
CR101309,67.0,Other,Single,Bachelor,Employed,2.1,142417.46,6112.9,0.515,646.0,17,0,No,Own,36895.09,12,Debt Consolidation,6.24,No,North,2023-06-06,0
CR100004,43.0,male,Single,High School,Unemployed,9.5,17293.89,709.95,0.493,614.0,7,1,1,Own,40715.42,36,Debt Consolidation,18.35,No,South,08/08/2023,0
CR101337,35.0,Male,Married,Bachelor,Employed,6.1,52952.34,1757.92,0.398,392.0,6,0,No,Own,44189.89,60,Debt Consolidation,7.97,,east,2022-10-18,0
CR102255,57.0,Male,Married,Master,Employed,12.5,39650.11,623.9,0.189,729.0,5,0,Y,Own,5980.31,48, Home Improvement ,25.49,,South,11-30-2024,0
CR100253,37.0,female,Single,High School,Unemployed,0.0,24379.09,784.51,0.386,526.0,9,0,No,Mortgage,10741.68,36,Medical,12.64,No,West,03-17-2021,0
CR102876,56.0,Female,Single,High School,Self-Employed,,37120.87,1478.58,0.478,321.0,12,0,Yes,Rent,3363.22,60,business,19.54, No ,South,2022-03-19,1
CR104540,52.0,Male,Married,Bachelor,Employed,0.0,104861.97,4370.15,0.5,352.0,7,0,,Mortgage,43609.33,60, Car ,18.36,Yes,East,24/10/2021,1
CR103598,,Male,Divorced,High School,employed,8.5,101443.44,4011.4,0.475,999.0,0,0,Yes,Own,56806.57,48,Debt Consolidation,11.2,No,East,02/01/2021,0
CR101630,51.0,Female,Married,Bachelor,Retired,11.5,18755.65,607.78,0.389,,18,0,No,Rent,42468.79,36,Debt Consolidation,9.69,,South,04/05/2022,0
CR101003,69.0,FEMALE,Single,High School,Retired,10.9,38396.32,234.58,0.073,478.0,4,0, No , Mortgage ,1431.17,60,Home Improvement,5.14,NO,West,17/05/2021,0
CR103473,,Female,Married,master,Unemployed,5.4,13233.8,46.83,0.042,663.0,12,1,Yes,Mortgage,24888.43,36,Home Improvement,10.89,No,East,2023-09-03,0
CR101918,44.0,Female,Single,Master,Employed,3.4,85143.95,1182.73,0.167,600.0,5,0,No,Other,37542.04,24,Car,12.1,No,North,2024-03-22,0
CR100270,35.0,Female,Married,, Employed ,9.1,16396.2,398.92,0.292,437.0,4,0,Yes,own,47911.16,60,Other,18.7,No, East ,05-15-2022,0
CR103526,25.0,Male,Single,Bachelor,Employed,9.8,18409.0,100.95,0.066,538.0,15,1,No,,25837.85,12,Debt Consolidation,12.65,No,North,2023-12-23,0
CR100828,68.0,Male,Divorced,Master,Unemployed,15.8,83307.31,277.31,0.04,472.0,16,1, Yes ,Other,12675.15,60,Debt Consolidation,4.98,No, East ,02-13-2024,1
CR100410,28.0,female,SINGLE,HIGH SCHOOL,Unemployed,3.2,16670.84,666.4,0.48,699.0,4,0,No,rent,31791.91,36,Education,8.12,No,South,28/06/2023,0
CR100349,27.0,Male,,Bachelor,Self-Employed,9.4,45900.05,1395.47,0.365,422.0,16,1,No,Own,39864.35,12,Debt Consolidation,6.78,No,Central,08-20-2024,0
CR102420,32.0,Female,Divorced,master,Self-Employed,12.0,41635.45,1386.03,0.399,,3,0,Yes,Rent,31825.72,12,Home Improvement,28.18,No,West,2024-06-16,0
CR102893,70.0,Male,Single,,Employed,12.9,36943.9,1483.52,,354.0,19,0,0,OWN,44202.5,36,DEBT CONSOLIDATION,10.38,No,Central,2023-06-08,1
CR100176,59.0,Female,SINGLE,Master,Employed,11.8,35946.9,755.93,,350.0,3,2,No,Rent,16906.01,60,Business,11.6,No,East,2022-08-16,1
CR104169,57.0,Female,SINGLE,High School,Self-Employed,12.5,21704.85,748.11,0.414,676.0,14,0,No,Rent,48372.98,36,Debt Consolidation,6.09, No ,North,24/09/2022,1
CR102427,40.0, Male ,Single,Bachelor,Self-Employed,6.2,30145.62,901.09,0.359,765.0,8,1,No,Rent,2057.94,48,Home Improvement,6.06,No,North,2023-10-23,0
CR100579,23.0,Female,Married,Bachelor,Employed,14.3,47251.09,2117.13,0.538,686.0,7,0,No,Rent,48687.02,36,Debt Consolidation,20.38,no,South,17/03/2021,0
CR102724,63.0, Male ,Married,Bachelor,Unemployed,7.5,25170.11,863.97,0.412,512.0,10,0,No,Mortgage,31706.3,36,Medical,26.16,No,South,2023-08-08,0
CR100731,42.0,Female,Single,,Self-Employed,12.3,,1063.68,0.419,427.0,9,0,no,Rent,49405.56,60,Other,25.04,No, West ,2022-03-23,0
CR100345,32.0, Male ,Married,Master,Retired,0.0,24817.78,84.73,0.041,426.0,10,0,no, Rent ,49716.9,12,Business,22.49,No, East ,15/01/2023,0
CR103678,49.0,Male,Married,High School,EMPLOYED,8.5,46488.32,1481.82,0.383,461.0,6,0,Yes,Rent,16118.26,60,OTHER,29.55,No,Central,27/01/2021,1
CR101427,70.0, Male ,Single,Master,Employed,4.0,58173.77,251.42,0.052,389.0,0,0,Y,Rent,41214.76,48, Debt Consolidation ,13.93,Yes,North,2024-04-08,1
CR103391,48.0,Female,Widowed,Bachelor,Unemployed,6.2,34258.2,1175.76,0.412,,2,0,No,Mortgage,8995.77,60,CAR,5.09,No,East,12-27-2021,1
CR103439,66.0,Female,MARRIED,High School,Self-Employed,0.0,99096.94,3676.27,0.445,608.0,4,1,Yes,Rent,7742.71,24,Debt Consolidation,5.21,No,South,08-22-2023,1
CR104245,34.0,Female,Divorced,Master,Employed,5.8,31978.8,1221.98,0.459,,12,1,No,Mortgage,14018.5,48,medical,25.2,Yes,Central,29/03/2021,0
CR102077,43.0, Female ,Married,BACHELOR,Employed,13.2,38365.69,1450.93,0.454,662.0,4,0,No,Rent,27568.71,24,BUSINESS,21.15,,North,2021-10-31,0
CR100535,26.0,Male,Married, PhD ,employed,10.0,54859.76,1451.35,,429.0,10,0,No,Rent,22643.27,12,Debt Consolidation,22.24,No,South,01-21-2023,1
CR100566,31.0,Male,Single, High School ,Employed,3.5,35288.05,967.29,,570.0,4,0,yes,Mortgage,36906.69,48,other,17.41,No,East,2023-11-06,0
CR102518,,Female,married,BACHELOR,Employed,2.7,62429.67,1144.84,0.22,562.0,15,1,Yes,Mortgage,15008.73,60,Medical,20.15,,Central,2021-11-12,1
CR103535,,Female,Single,Master,Employed,3.3,26862.0,87.73,0.039,338.0,16,2,No,OWN,1016.43,36,BUSINESS,28.92,No,North,11-24-2023,1
CR103765,41.0,Male,,High School,Self-Employed,4.5,24808.31,667.81,0.323,,6,0,no,Rent,9262.03,60,HOME IMPROVEMENT,13.21,No,EAST,09-24-2023,1
CR103893,29.0,Male,Single,high school,Employed,10.4,56139.58,377.56,0.081,533.0,14,0,N, Mortgage ,21522.92,36,Home Improvement,13.4,No,NORTH,01-23-2024,0
CR102020,35.0, Female ,Single,High School,Retired,8.4,62520.46,1649.06,0.317,623.0,6,2,No,Mortgage,42927.35,36,Business,26.66,No,central,2024-04-22,0
CR100857,21.0,Female,Married,HIGH SCHOOL, Retired ,7.6,77107.89,1111.71,0.173,,11,0,No, Mortgage ,15071.35,60,Debt Consolidation,10.08,No,North,2024-06-10,0
CR103109,31.0,Male,Married,High School,Self-Employed,6.5,35581.06,1509.5,,305.0,8,1,No,RENT,8543.4,24,other,11.07,No,South,2022-07-03,1
CR101433,50.0,Male,Married,Bachelor,Employed,22.0,34967.01,1318.79,0.453,354.0,7,0,No,Mortgage,2264.77,12,Education,12.86,,central,04-18-2021,1
CR100792,59.0,Male,Single,Bachelor,Self-Employed,6.5,22307.92,394.03,0.212,635.0,19,0,Yes,Mortgage,33920.74,24,Other,15.5, Yes ,North,08-11-2021,1
CR103885,42.0,Male,Single,,Employed,0.9,36418.13,442.43,0.146,362.0,14,0,No,mortgage,5186.66,24,Debt Consolidation,20.97,No,south,2023-08-26,0
CR100907,28.0,Female,Single,Bachelor,UNEMPLOYED,1.3,20015.6,254.44,0.153,,3,0, No ,Rent,52342.24,60,Other,21.67,No,North,2023-11-10,1
CR101628,40.0, Male ,,Master,Employed,0.0,67170.96,2632.85,0.47,818.0,6,0,No,Own,29189.38,36,Car,20.29, No ,South,03-31-2024,1
CR101654,27.0,MALE,Single,Bachelor,EMPLOYED,0.4,24338.0,64.05,0.032,690.0,18,0,Yes,Rent,47191.27,48,car,24.48,No,East,07/01/2022,0
CR100039,54.0, Male ,Single,Bachelor,Employed,7.0,64115.17,497.42,0.093,394.0,12,0,Yes,Rent,15325.76,60,Car,23.8, No ,North,17/07/2024,0
CR100068,22.0,Female,Single,bachelor,Employed,10.2,32078.94,518.75,0.194,800.0,7,0,N,Mortgage,26129.51,24,Debt Consolidation,7.97,, Central ,05/01/2021,0
CR100449,34.0,Female,, High School ,Self-Employed,5.2,25177.27,1027.82,0.49,363.0,4,0,NO,Own,56480.92,24,Education,5.22,No,EAST,06-06-2023,1
CR102393,, Male ,Divorced,Bachelor, Self-Employed ,,38011.4,1399.69,0.442,449.0,7,0,No,Rent,51950.07,36,Home Improvement,13.99,No,South,2023-04-18,0
CR103508,21.0,female,,Master,Self-Employed,11.0,33879.06,623.29,0.221,560.0,13,0,Y,Mortgage,17149.62,24, Car ,25.06,Yes,South,2024-02-03,0
CR102326,37.0,Male,Married,Master, Employed ,14.2,54130.48,587.48,0.13,642.0,18,0, No ,Rent,47044.96,48,Debt Consolidation,15.1,No,South,20/11/2022,1
CR101469,21.0,Male,Married,,Employed,10.1,25094.94,1133.94,0.542,,0,0,No,Own,1057.62,24,Business,11.7,No, East ,2023-09-26,1
CR103241,30.0,Male,Married,High School,employed,12.8,26611.44,680.59,0.307,805.0,6,0,No,Rent,2192.14,24,Debt Consolidation,22.94,No,central,01/08/2022,0
CR102247,28.0,Female,Single,Bachelor,Employed,10.2,23398.14,410.72,0.211,502.0,15,0,No,own,52246.56,12,Debt Consolidation,11.37,No,CENTRAL,2024-07-15,0
CR102244,, Female ,Married,bachelor,Retired,9.7,39251.16,1391.86,0.426,583.0,15,1,No,,9042.27,24,Car,8.68,No,West,06-09-2022,0
CR100188,31.0,Male,Widowed,Bachelor,Self-Employed,,18230.34,47.31,0.031,784.0,12,2,No,,21746.84,48,Car,17.73,No,north,12-05-2022,0
CR103222,62.0,Female,Married,PhD,Self-Employed,15.6,27098.92,1214.28,0.538,560.0,19,0,No,Own,56850.46,12, Car ,21.25,No,East,26/10/2021,0
CR103136,51.0,male,Married,Bachelor,Retired,7.1,77675.29,1145.79,0.177,374.0,7,0,Yes,Rent,42826.94,24,Debt Consolidation,16.15,No,east,02-20-2021,0
CR101453,32.0,Female,MARRIED,High_School,employed,16.0,36219.29,933.64,0.309,312.0,2,1,1,Own,8952.94,36,home improvement,26.7,NO,East,04/10/2021,0
CR103745,75.0,Male,Single,High School,employed,,25527.45,79.32,0.037,826.0,4,1,yes,Rent,18406.42,48,CAR,18.69,,East,20/08/2024,0
CR102211,62.0,Female,MARRIED,Master,Retired,8.1,55526.47,1738.65,0.376,362.0,15,1,Yes,Mortgage,20493.06,12, Debt Consolidation ,14.47,yes,South,2021-09-03,0
CR101350,21.0,Male,Widowed,High School,Self-Employed,4.6,62110.63,2709.11,0.523,525.0,1,1,No, Mortgage ,32925.89,48,Education,24.0,NO,West,2021-09-04,0
CR103567,26.0,Male,Married, Bachelor ,Employed,8.4,14635.18,36.07,0.03,492.0,9,0, 0 ,Rent,3988.65,60,Other,22.06, No ,East,2022-01-27,0
CR101200,68.0,Male,Married,High School,RETIRED,2.7,14911.48,244.66,0.197,701.0,3,1,no,,47803.86,12,Debt Consolidation,12.37,No, West ,2024-06-10,0
CR101022,68.0,Female,Married,,Self-Employed,4.8,,1128.4,0.325,590.0,15,0,No,Rent,57405.12,36,Debt_Consolidation,21.62,,East,07-03-2022,0
CR102465,29.0,Female,Married,Other,Employed,11.4,52858.52,2309.84,0.524,823.0,10,1,No,,57885.85,12,Medical,15.74,No,South,14/12/2023,0
CR104326,67.0,Female,Single,Other,Unemployed,10.8,36320.49,1250.24,0.413,,11,0,Y,rent,44898.41,36, Home Improvement ,7.0,No,West,2023-12-31,1
CR102193,30.0,Male,Divorced,High School,Self-Employed,10.0,8000.0,270.92,0.406,,7,0,NO,Rent,15480.99,24,Medical,28.19,No,Central,10/07/2024,0
CR100056,49.0,Male,Married,Bachelor, Employed ,12.2,55776.67,921.11,0.198,756.0,17,0,Yes,Mortgage,27827.62,12,Home_Improvement,18.4,No,central,27/04/2022,0
CR104296,43.0,MALE,Married,High School,Employed,3.8,72664.33,2803.44,0.463,652.0,18,0, No ,Own,1162.05,12,Home Improvement,18.48,No,South,30/05/2023,0
CR102323,55.0,Other,Married,High School,Employed,4.2,31593.82,1312.88,0.499,492.0,9,1,No,Rent,1666.19,48,home improvement,22.37,No,East,2023-10-29,1
CR101971,71.0,Female,SINGLE,Bachelor,Employed,,29458.5,921.38,0.375,470.0,17,0,0,Rent,34040.02,12,Car,22.84,,Central,12/11/2021,0
CR102115,29.0, Male ,Married,High School,self-employed,13.3,42212.53,930.6,0.265,845.0,8,0,No,Rent,42180.09,60,Car,27.45,No,Central,11-11-2022,0
CR100900,18.0,Female,Single,Bachelor, Employed ,0.0,47517.64,864.27,0.218,652.0,14,2,y,Own,38998.35,36,Car,17.08,No,West,2023-08-20,0
CR103902,47.0,Female,Single,Bachelor,Unemployed,0.2,35541.5,690.04,0.233,825.0,0,0,No,Rent,57377.28,24,Car,28.71,no,East,08-07-2021,0
CR104090,60.0,Male,Married,BACHELOR,Employed,5.3,39124.4,895.33,0.275,441.0,12,1,No,Mortgage,55277.7,60,Medical,11.65, No ,West,2023-09-15,1
CR100278,21.0,Male,Single,Master,Unemployed,8.6,19273.76,106.97,0.067,677.0,4,0,No,RENT,31709.51,24,Education,19.61,,Central,12-03-2022,0
CR103312,71.0,MALE,Married,master,Unemployed,4.0,42222.62,294.52,0.084,,13,0,Y,OWN,46970.0,36,Education,9.96,No,North,07-06-2024,1
CR101080,71.0,Female,Single,PhD,Self-Employed,5.6,28191.6,599.61,0.255,522.0,16,0,1,Mortgage,55998.17,36,Business,29.0,NO,east,22/04/2022,0
CR104041,55.0,MALE,Married,PhD,Self-Employed,7.9,64112.2,1762.52,0.33,375.0,7,0,No,Mortgage,51180.7,60,Debt Consolidation,29.46,No,West,07/08/2021,0
CR100048,57.0, Male ,,Master,Self-Employed,7.2,12982.53,202.7,0.187,481.0,2,0,Yes,Rent,52443.26,48,Education,11.51,No,West,30/01/2021,1
CR102506,44.0,Female,Married,Master,Employed,10.6,19524.43,188.18,0.116,436.0,10,0,No,Rent,57232.58,12,Home Improvement,23.71,,West,2022-10-16,0
CR100756,60.0,Female,Divorced,Bachelor,Employed,0.0,106533.09,1950.83,0.22,733.0,3,1,Yes,,1640.67,36,Car,20.08,No,West,22/03/2024,1
CR104555,30.0,Male,Divorced,BACHELOR,Self-Employed,1.3,39378.51,793.45,0.242,460.0,15,1, Yes ,Rent,58390.65,12,Debt Consolidation,23.49,No,Central,2023-04-19,0
CR100737,37.0,Male,MARRIED,Master,Unemployed,5.3,44614.87,338.63,0.091,837.0,19,0,No,Rent,9005.97,60,medical,19.21,No,North,05-20-2023,0
CR104422,62.0, Male ,Married,High School,Employed,18.2,18932.06,70.93,0.045,791.0,10,0,No,RENT,17667.5,36,Debt Consolidation,24.07,No,Central,2024-08-13,0
CR103748,71.0,Female,Single,Bachelor,Employed,5.0,118606.04,590.93,0.06,842.0,16,0,No,Own,16812.49,48,Business,22.47,No,EAST,09-26-2023,0
CR102656,21.0,Female,Single,bachelor, Employed ,10.8,46336.2,1064.06,,844.0,15,0,No,Mortgage,35109.14,48,Business,20.28,No,Central,2021-12-20,0
CR101825,70.0,Female,divorced, Master ,Employed,14.3,43166.07,216.77,,,0,0,No,Rent,21840.19,24,Education,24.33,No,Central,27/06/2022,0
CR104129,42.0,Male, Single ,master,Retired,20.7,,311.93,0.183,526.0,8,0,YES,,25512.72,12,Other,12.97,No,west,05/03/2021,0
CR102066,60.0,Female,,Bachelor,Employed,0.0,42024.91,724.66,0.207,835.0,7,1,No,Mortgage,40654.24,60,Car,25.96,No,North,31/01/2022,1
CR102879,74.0,Male,Married,High School,Retired,12.2,29582.85,637.42,0.259,833.0,1,0,no,Rent,14287.12,36,Business,11.45,Yes,West,20/02/2023,0
CR103937,45.0, Male ,married, Bachelor ,Retired,11.2,54996.98,255.8,0.056,,19,0,yes,Rent,52995.05,36,Car,4.92,No,East,01/08/2023,0
CR104471,68.0,Female,Married,Bachelor,Retired,8.7,27407.91,505.63,0.221,646.0,17,1,No,Own,42901.5,48,Home Improvement,28.35,Yes, East ,2023-09-08,0
CR102588,,Male,Married,Other,Employed,9.8,44953.12,1485.48,0.397,605.0,19,1,No,,2956.25,36,Debt Consolidation,12.77,No,South,04-07-2023,0
CR103595,34.0,female,Married,PhD,Retired,8.1,53223.33,939.42,0.212,672.0,1,1,no,Mortgage,42067.31,12, Education ,18.56,No,South,20/01/2022,0
CR102898,64.0,Male,married,PhD,Unemployed,7.2,201000.97,7776.46,,639.0,9,0,No,Rent,6430.17,36,Home Improvement,19.2,,South,01-12-2021,1
CR102397,34.0,Male,Single,Other,Employed,15.1,30371.29,410.5,,758.0,1,0,0,Mortgage,53584.56,48,Home Improvement,8.03,No,Central,29/12/2024,0
CR102413,52.0,Female,DIVORCED,Bachelor,Employed,7.1,63422.69,1755.48,0.332,436.0,10,1,No,Own,7790.73,36,Business,12.11,No,North,22/07/2022,0
CR101094,37.0,female,Married,Bachelor,employed,16.3,18142.77,557.87,0.369,820.0,10,0,Yes,other,24555.51,48,car,26.94,No, West ,28/11/2023,0
CR101668,48.0,Other,Married,High School,Unemployed,0.0,18603.32,376.33,0.243,699.0,17,1,No,Mortgage,50454.72,48,Debt Consolidation,19.22,No,East,08-05-2024,0
CR102333,65.0,Female,Single,Bachelor,Retired,8.6,31433.92,642.52,0.245,810.0,12,0,Yes,Mortgage,3220.56,60,Other,16.68,No,South,31/08/2024,0
CR101041,67.0,Female,married,,EMPLOYED,0.0,40163.61,857.01,,678.0,19,1,,Rent,1588.93,12,Debt_Consolidation,22.03,No,North,2022-01-26,0
CR102142,73.0, Male ,Single,MASTER,Employed,12.3,70633.69,2882.26,0.49,756.0,17,0,No,Rent,55231.69,60, Home Improvement ,13.88,No,Central,2023-03-10,0
CR101192,27.0,Female,Single,High School,Employed,6.1,32766.5,1355.16,0.496,714.0,17,0,No,Mortgage,48730.89,24, Home Improvement ,23.79,No,West,01-23-2022,0
CR100530,52.0,Female,Single,HIGH SCHOOL,unemployed,2.4,56995.68,1677.77,0.353,773.0,1,0,No,Own,57012.67,24,Medical,8.11,No,South,07-10-2021,0
CR101066,71.0,Male,Married,bachelor,Employed,12.0,22678.39,959.4,0.508,333.0,6,1,No, Own ,4694.44,24,Car,12.31,Yes,East,26/04/2022,1
CR101708,32.0, Female ,MARRIED,Bachelor,Self-Employed,10.8,67517.43,1231.6,0.219,507.0,4,1,No,Own,24763.49,12,Medical,25.15,No,East,07-09-2021,0
CR101077,27.0,Female,Widowed,Bachelor,Retired,0.4,40354.68,653.83,0.194,363.0,17,0,Yes,,41749.93,48,Car,13.66,No,North,2021-06-11,1
CR102082,36.0,Male,single,High School,employed,,80489.48,1837.73,0.274,,16,0,1,Mortgage,56118.04,24,Medical,17.11,No,North,08-03-2022,0
CR100805,63.0,Male,SINGLE,High School,Employed,2.6,65168.68,2952.26,0.544,400.0,3,0,No,Own,3233.74,24,Business,12.48,no,Central,2024-02-22,0
CR102732,72.0,Female,Divorced,PHD,SELF-EMPLOYED,6.6,17204.23,404.62,0.282,457.0,19,0,No,Mortgage,41359.05,48,Business,29.28,Yes,West,02-25-2021,0
CR102094,27.0,FEMALE,Married,High School,Self-Employed,12.8,76691.42,2932.66,,819.0,8,0,No,Own,42443.03,24,debt consolidation,6.27,,Central,06/02/2021,0
CR104119,20.0,Female, Single ,Bachelor,employed,1.5,32090.68,1089.25,0.407,376.0,13,0,Yes,Rent,59851.3,24,medical,7.98,No,Central,2023-08-01,0
CR100392,39.0, Female ,Single, Other ,Employed,6.2,26346.84,852.03,0.388,842.0,15,1,no,Own,5361.95,24,Debt Consolidation,21.09,no,East,2024-10-01,0
CR101548,46.0,Male,Married,Bachelor, Employed ,4.6,34123.18,571.79,0.201,761.0,16,0,No,OWN,4196.32,24, Business ,18.39,No,East,2021-07-30,0
CR103246,62.0,Male,,, Unemployed ,7.7,32934.15,108.85,0.04,756.0,1,0,No,Rent,57487.79,12,Other,10.28,Yes,WEST,15/12/2023,0
CR101353,71.0,FEMALE,Single,Bachelor,Self-Employed,0.0,47954.95,317.76,0.08,310.0,14,1,0,Mortgage,7950.79,60,Car,6.74,no, North ,2022-10-01,0
CR104578,33.0,Male,Married,Bachelor, Retired ,14.4,44214.33,1215.28,0.33,,0,1,no,Own,28875.93,24,medical,5.73,,North,09-25-2024,0
CR103168,65.0,MALE,Married,PhD, Employed ,4.8,20147.87,411.3,0.245,353.0,12,0,no,RENT,18950.14,24,Debt Consolidation,21.18,No,West,08-22-2021,0
CR104470,41.0,FEMALE,MARRIED,High School,Employed,7.9,135336.25,1267.85,0.112,562.0,12,0,no,,51833.54,48,Business,27.06,No,East,06-04-2024,0
CR102037,20.0,Female,MARRIED,Master,Employed,15.4,42096.26,1370.37,0.391,386.0,18,0,,Mortgage,3838.44,36, Business ,16.48,yes,south,07/11/2024,1
CR100719,52.0,Female,Divorced,High School,Employed,11.7,23334.45,609.2,0.313,845.0,19,0, No ,Own,55882.19,36,Other,16.0,YES, East ,25/09/2023,0
CR100077,31.0,Female,Married, High School ,Employed,2.4,24104.13,241.41,0.12,337.0,0,0, No ,Mortgage,25070.28,36,Car,4.64,No,East,23/10/2021,0
CR102966,31.0,Male,Single,Bachelor,Employed,,,3132.18,0.238,817.0,0,0,Yes,Mortgage,58275.45,60,Car,10.88,No,South,13/09/2021,0
CR102916,54.0,Male,Divorced, Bachelor ,Employed,3.3,27300.66,1038.06,0.456,548.0,12,0,Yes,,31386.91,24,Car,28.62,Yes,NORTH,06/02/2022,1
CR102727,20.0,other,married,Bachelor,Employed,8.5,45211.99,385.99,0.102,,11,0,No,mortgage,22633.42,24,Education,12.86,Yes,west,01/05/2023,0
CR103582,29.0,Male,Married,Bachelor,Employed,15.1,28681.53,836.61,0.35,,6,0,No,Own,37910.8,36,Debt Consolidation,13.78,No,North,2022-04-04,1
CR101396,53.0,Female, Single ,high school,Employed,12.4,36972.16,537.14,0.174,834.0,16,0,Yes,Other,48966.63,60,Car,15.94,,West,2023-04-04,0
CR101733,68.0,Female,Single, High School ,Employed,6.8,38790.0,252.3,0.078,737.0,12,0,No,Rent,23705.97,24,DEBT CONSOLIDATION,24.41,Yes,West,2022-12-02,0
CR102889,29.0,MALE,Single,High School,SELF-EMPLOYED,0.0,14973.52,603.33,0.484,496.0,17,0,Yes,Mortgage,3266.3,60, Debt Consolidation ,23.12,No,South,2022-01-07,1
CR101065,40.0,Female,Divorced,Bachelor,Retired,0.4,13822.62,500.48,0.434,473.0,18,0,NO,Mortgage,19033.87,36,Debt Consolidation,12.49,No,West,2022-09-28,1
CR100341,34.0,MALE,Single,Master,Employed,,67665.74,514.9,0.091,322.0,4,0,No,,38301.54,48,Other,27.83,No,East,11-22-2022,1
CR100365,48.0,Female,Single,High School,Retired,0.0,33740.5,460.81,0.164,627.0,0,2,No,Mortgage,41204.66,24,Debt Consolidation,23.05, No ,East,06/07/2024,1
CR100447,73.0,other,Divorced,Bachelor, Employed ,6.7,28772.69,677.34,0.282,547.0,14,0,No,Mortgage,26065.99,60, Home Improvement ,8.38,No,Central,12-08-2023,1
CR101231,60.0,Female,Divorced,High School,Employed,2.8,60451.83,2524.07,0.501,900.0,0,0,Yes,Mortgage,48426.1,36,Debt Consolidation,6.02,No,SOUTH,2022-10-07,0
CR104243,19.0,female,Married, High School ,Unemployed,7.3,43726.16,1728.44,0.474,517.0,2,0,No,,46555.77,24,Home Improvement,17.41,No,West,24/10/2021,1
CR100658,,Female,Single,bachelor,Employed,13.7,29844.5,817.47,0.329,575.0,13,0,YES, Rent ,41366.25,60,Car,10.01,No,South,2024-10-03,0
CR102431,48.0,FEMALE,Married,Master,Self-Employed,4.3,32029.55,783.75,0.294,365.0,12,0,Yes,Mortgage,20505.49,36,debt consolidation,27.92,No,South,29/01/2022,1
CR101044,59.0,FEMALE,Married,Bachelor,Employed,4.2,47240.95,897.3,0.228,394.0,12,0, No ,Rent,28073.67,12,HOME IMPROVEMENT,21.93,No,Central,2021-11-03,1
CR102487,21.0,Female,,Bachelor,Retired,9.1,43983.92,2009.57,0.548,689.0,15,0,No,Own,11789.08,36,Home Improvement,16.89,No,North,30/11/2024,0
CR103149,24.0,Male,Divorced,HIGH SCHOOL,Employed,0.0,103008.1,580.58,0.068,841.0,11,0,,MORTGAGE,7021.01,12,medical,7.92,No,South,07/07/2024,0
CR104566,58.0,Female,Single,Bachelor,Self-Employed,8.1,28991.53,615.32,0.255,419.0,12,0,No,Rent,17904.93,12,Other,29.53,no,Central,01-03-2021,0
CR102227,72.0,Male,Single,Bachelor,Employed,6.3,38474.48,70.43,0.022,812.0,4,1,No,Own,43082.38,36,Education,12.7,No,West,10-26-2022,0
CR103369,,Male,Married,Bachelor,Unemployed,14.2,41570.03,370.54,0.107,485.0,16,0,No,Rent,11397.34,36,Car,13.82,,Central,14/08/2024,0
CR103784,75.0,Other,Widowed,Bachelor,Employed,17.0,31743.75,99.71,0.038,840.0,14,2,No,Rent,32607.87,24,Medical,8.81,, South ,10-29-2022,0
CR103676,39.0,FEMALE,Single,High School,Employed,10.2,48065.06,330.94,0.083,,7,1,No,Mortgage,16317.72,12,Medical,4.57,,West,27/08/2024,0
CR102809,28.0,Male,Single,Bachelor,Employed,0.0,78276.2,1013.51,0.155,732.0,0,0,No,Mortgage,2249.06,24,Debt Consolidation,21.32,No,West,03-20-2023,0
CR101489,47.0,Male,Married,bachelor,Employed,5.1,24147.14,113.42,0.056,465.0,14,0,,Mortgage,34037.8,36,Debt Consolidation,8.41,No,West,25/08/2024,0
CR102436,55.0,Male,Married,master,EMPLOYED,,37103.48,424.27,0.137,412.0,7,1,No,Rent,27211.99,24,Education,13.4,No,North,05-07-2024,0
CR104277,62.0,Male,Single,PhD,EMPLOYED,15.2,83267.77,3207.3,0.462,305.0,1,0,No,Mortgage,24869.83,12,Business,6.16,No,East,2021-04-17,1
CR102135,57.0,Female,Widowed,,Employed,16.8,54976.85,681.28,0.149,824.0,13,2,No,Rent,29351.88,12,Debt Consolidation,17.51,No,south,2024-10-19,0
CR102729,44.0,Male,married,High School,Employed,9.2,22977.99,367.96,0.192,389.0,1,0,No,Mortgage,54947.02,60,home improvement,19.64,NO,North,12-01-2024,1
CR100202,, Female , Single ,High School,Employed,9.8,71081.03,2419.32,0.408,753.0,1,0,No,Rent,12288.57,48,Education,28.22,No,South,2024-08-11,0
CR102790,72.0,Female,Divorced,,Retired,12.6,37374.28,1072.68,0.344,0.0,11,3,YES,Rent,13302.0,36,Car,19.69,No, South ,2023-12-16,0
CR102680,24.0,Female, Married ,master, Employed ,,17971.75,455.66,0.304,762.0,8,0,1,Mortgage,22791.05,12,Medical,12.4,Yes,East,18/04/2023,0
CR103794,,Male,Married,Master,Employed,6.4,12757.92,269.23,0.253,805.0,7,0,No,Rent,32899.38,60,Business,22.52,Yes,South,21/05/2022,0
CR101429,63.0,Female,Divorced,High School,Employed,0.2,23875.89,286.37,0.144,375.0,14,1,Yes,Rent,53113.67,36,Home Improvement,19.89,No,Central,27/11/2023,1
CR102548,45.0,Male,Married, Master ,Retired,0.0,78595.32,2932.04,0.448,486.0,6,0,yes,rent,50694.32,12,Debt_Consolidation,11.71,No, Central ,02-16-2021,1
CR100083,66.0,Male, Married ,High School,Employed,6.7,36260.66,1340.21,0.444,589.0,4,1,No,Own,44484.85,12,Education,29.64,,South,10/06/2022,0
CR103038,34.0,Female,Married,,Employed,1.2,18021.54,156.11,0.104,427.0,4,0,Yes,other,57494.59,48,Business,18.37,No,East,07-18-2021,0
CR104346,20.0,Male,Single,Bachelor,Retired,1.3,16235.55,653.74,0.483,544.0,19,1,yes,Own,51065.89,36,Medical,8.61, No ,Central,2023-09-19,0
CR104202,37.0,Male,Widowed,PhD,Retired,,39968.32,803.72,0.241,670.0,6,0,no,Own,54418.02,48,Business,20.3,No,Central,2022-01-08,0
CR103602,26.0,Female,Divorced,Bachelor,Employed,16.8,35480.71,604.55,0.204,697.0,10,0,1,Rent,49361.58,48,Business,27.2,No,SOUTH,2024-08-04,0
CR103407,55.0,Male,divorced,Bachelor,Self-Employed,9.0,57295.87,341.62,,442.0,15,0,no,Rent,23544.36,48,Business,13.42,,East,04-06-2022,0
CR100877,61.0,FEMALE,Single,Bachelor,Employed,0.6,29133.89,243.21,0.1,698.0,14,1,Yes,Rent,33304.88,12,Home Improvement,18.42,No,West,01-30-2021,0
CR104395,47.0,FEMALE,Single,High School,RETIRED,4.5,10500.57,150.27,0.172,693.0,16,0,No,Rent,44636.0,12,Home Improvement,17.41,No,West,09-06-2021,0
CR101910,22.0,Female, Single ,Bachelor,Employed,3.9,43390.47,924.26,0.256,823.0,19,1,No,MORTGAGE,49029.28,12,Debt Consolidation,16.25, No ,East,22/01/2023,0
CR100797,44.0, Male ,Married,Master,Employed,6.9,25417.04,1159.03,0.547,593.0,10,0,No,Mortgage,22355.3,60,Car,20.31,No,Central,2024-07-23,0
CR103697,41.0, Female ,married,Bachelor,RETIRED,12.6,19181.9,855.74,0.535,331.0,13,0,yes,rent,51861.68,24,Debt Consolidation,25.98,no,North,2023-09-12,1
CR103530,40.0,Male,Married,Bachelor,Employed,6.8,39381.85,968.88,0.295,849.0,11,1,Yes,Rent,17839.35,60,Other,15.88,No,West,26/07/2022,0
CR104308,64.0,Female,Single,Master,Employed,12.0,67579.0,2008.04,0.357,660.0,6,0,1,Rent,17428.77,12,Education,13.05,Yes,East,2024-09-20,1
CR100064,41.0,Other,MARRIED,Master,Employed,,32556.96,633.97,0.234,543.0,6,0,Yes,Mortgage,8246.47,24,education,23.95,No,Central,2023-06-23,0
CR104474,67.0,Female,Divorced,Other, Retired ,21.1,44076.93,1843.86,0.502,309.0,18,1,1, Own ,42873.75,60, Education ,19.75,NO,West,12-01-2022,1
CR100835,63.0,Male,Single,High School,Employed,13.5,32094.29,1299.45,0.486,417.0,15,0,No,Rent,55171.92,48,Medical,20.21,No,NORTH,04-01-2021,0
CR104076,74.0, Female , Married ,Bachelor,Employed,1.9,13100.28,519.96,0.476,686.0,3,0,,Rent,34496.93,36,DEBT CONSOLIDATION,25.72,No,West,07/09/2023,0
CR102432,27.0,Female,Married,Other,Unemployed,3.1,74188.45,3139.52,0.508,724.0,1,0,Yes, Rent ,27144.21,12,Debt Consolidation,27.44,Yes,North,2021-12-06,0
CR101676,26.0,Male,Married,High School, Employed ,10.3,65607.6,1154.66,0.211,356.0,1,0,0,Rent,48013.67,36,Business,6.93,No,East,2023-08-02,0
CR101053,73.0,Male,,Bachelor, Employed ,,41181.67,1188.67,0.346,621.0,8,0,, Rent ,28564.97,24,other,9.59,No,CENTRAL,2021-02-16,1
CR102595,27.0,Female,Single,High School,Employed,15.9,50992.84,522.88,0.123,492.0,17,1,No,Own,16667.06,24,Home Improvement,23.72,No,WEST,09-30-2024,0
CR103946,19.0,Male,Married,High School,Employed,10.2,35942.52,205.13,0.068,,18,0,No,Own,48586.92,24,Medical,6.12,no,East,02-16-2022,0
CR102346,36.0,Female,,High School,UNEMPLOYED,7.0,37044.72,741.52,0.24,364.0,7,1,No,mortgage,20268.09,48,Home Improvement,18.37,No,South,01-20-2021,1
CR101980,56.0,Other,Married,Bachelor,Employed,8.0,30658.54,247.83,0.097,319.0,11,0,no,Rent,13400.93,60,Other,15.85, No ,SOUTH,12/07/2022,0
CR103743,,Female,married,High School,employed,11.5,37009.19,241.69,0.078,801.0,16,0,No,Own,14874.83,60, Home Improvement ,25.78,No,south,09-07-2022,0
CR100343,47.0,Female,Single, Bachelor ,Self-Employed,0.5,47395.18,1660.89,0.421,501.0,7,0,YES,,3141.2,60,Education,5.51,No,East,10-14-2023,1
CR103795,33.0, Male ,Married,High School,Retired,1.3,72652.58,2165.01,0.358,762.0,9,1,,Own,27101.03,60,Other,12.74,No,South,01-09-2022,0
CR103997,67.0,Female,Single,Master,Employed,0.0,,1336.28,0.505,787.0,14,2,No,Rent,28562.6,24,Debt Consolidation,6.7, No ,West,2022-10-05,0
CR100236,56.0,Male,Single,High School,Employed,17.8,37189.87,575.75,0.186,560.0,11,0,0,Rent,43396.9,36,home improvement,21.71,No,South,27/09/2022,0
CR100419,47.0,Female,SINGLE,Bachelor,Employed,4.9,23280.69,301.47,0.155,389.0,6,0,1,Own,30095.16,60,Debt Consolidation,27.59,NO,Central,11-09-2023,0
CR104284,25.0,FEMALE,Married,master,EMPLOYED,6.3,79735.97,1085.25,0.163,330.0,10,0,No,RENT,32745.27,60,Education,15.7,No, North ,20/03/2023,0
CR100610,66.0,FEMALE,Single,bachelor,Self-Employed,9.5,72761.93,1464.36,0.242,828.0,16,0,Y,Own,43483.96,24,Debt Consolidation,12.09,Yes,East,01-24-2022,0
CR102813,73.0,Female,Married,high school,SELF-EMPLOYED,9.4,63659.47,2073.21,0.391,786.0,17,0,yes,Rent,51000.52,12,Education,17.55,No, East ,2022-05-28,0
CR103921,53.0,Female,Married,High School,Employed,0.5,56338.77,838.45,0.179,427.0,1,1,Yes,Rent,19267.13,48,CAR,12.64,No,Central,16/02/2024,0
CR101546,57.0,Female, Married ,High School,Employed,17.0,76195.88,1381.18,0.218,817.0,2,0,No,,58400.54,48,car,15.83,Yes,North,2024-06-21,0
CR101370,69.0,male,Married,High School,Self-Employed,14.1,10814.19,181.91,0.202,100.0,0,0, Yes ,Other,2052.56,36,Debt Consolidation,5.64,Yes,West,2023-12-27,0
CR101966,39.0,Other,Married,Bachelor,employed,1.2,49617.97,2095.17,0.507,805.0,3,0, N ,Rent,55222.82,48,Business,4.51,Yes,South,08/09/2023,0
CR104132,60.0,Female, Single , High School ,Employed,16.3,26017.74,407.98,0.188,590.0,0,0, 0 ,,14637.02,48,Debt Consolidation,7.75,Yes,West,11-12-2022,0
CR102196,34.0,Female,Married,BACHELOR,employed,10.1,22796.02,582.18,0.306,820.0,7,0,No,Rent,11294.52,48,Debt Consolidation,17.06, No ,South,09/05/2021,0
CR102435,50.0,Other,Married,Bachelor,Employed,4.0,22080.42,379.12,0.206,602.0,10,2,No,Mortgage,9193.77,24,Home Improvement,18.53,,South,08/08/2022,0
CR104298,20.0,Female,Single,master,Employed,6.6,29901.76,1056.56,0.424,684.0,14,0,NO,RENT,7934.55,12,HOME IMPROVEMENT,8.78,No,CENTRAL,10-22-2023,0
CR104428,,Male,Single,Bachelor,Employed,5.2,20189.66,743.45,0.442,599.0,6,1,No,Own,44442.44,60,Home Improvement,8.75,no,north,29/09/2021,1
CR103889,65.0,Female,Married, Master , Unemployed ,13.2,36390.53,112.25,0.037,691.0,2,0,N,Rent,33314.93,12,Home Improvement,23.84,No,Central,12-09-2024,0
CR101090,47.0,Female,Married,High School,Employed,0.3,9808.95,78.9,0.097,334.0,11,0,,Rent,38999.36,12,Other,5.2,No,WEST,14/09/2023,1
CR103936,48.0,Female,Married,BACHELOR,self-employed,10.2,26832.68,1107.0,0.495,,16,0,No,MORTGAGE,40937.59,24,Car,10.51,Yes,East,06-20-2022,1
CR104160,41.0,Female,Single,High School, Self-Employed ,0.7,38434.91,977.38,0.305,557.0,0,0,No,mortgage,51302.19,12, Medical ,19.77,Yes,East,08-24-2024,1
CR102753,55.0,Male,Single,Master,Employed,10.1,30292.02,992.04,0.393,399.0,19,1,No,Rent,23750.13,60,Education,20.25,NO,West,03-27-2024,1
CR103525,30.0,Male,Single,Bachelor,Employed,3.4,82894.08,3061.16,,592.0,2,0,No,Rent,3927.42,48,Debt Consolidation,25.26,No,South,2022-01-04,0
CR103276,, Female ,Married,Master,Unemployed,0.0,34104.64,679.36,0.239,631.0,11,0,Yes,RENT,48017.6,12,Education,15.58,No,central,2024-06-11,0
CR102421,61.0,Male,Single,High School,Employed,0.8,28448.43,907.11,0.383,,0,0,1,Rent,32425.64,36,Business,11.02,No,South,30/01/2024,1
CR103833,56.0,Male, Married ,Bachelor,Retired,8.5,48472.39,183.49,0.045,529.0,19,0,No,Mortgage,27231.15,36,Car,5.71,No,West,2021-04-03,0
CR101413,,Other,Married,High School,Self-Employed,9.9,28110.43,757.39,0.323,803.0,0,0,No,Own,17194.31,24, Debt Consolidation ,19.01, No ,South,2022-11-10,0
CR100695,32.0,male,married, Bachelor ,Employed,0.0,50658.21,1484.38,0.352,427.0,6,0,No,Own,31392.09,36,Debt Consolidation,5.92,No,Central,08-18-2021,1
CR102641,46.0,Male,Married,Master,employed,4.9,70494.03,2179.79,0.371,645.0,15,0,No,Rent,12001.4,24,Car,22.91,No,East,10-24-2021,0
CR100669,25.0,FEMALE, Divorced , High School ,EMPLOYED,2.3,,291.52,0.123,634.0,12,1,No,Rent,5025.45,36,Debt Consolidation,17.63,No,East,30/10/2024,0
CR101068,37.0,Male,Married,Bachelor,Self-Employed,9.9,87287.94,2805.33,0.386,618.0,11,1,1,OTHER,28172.88,48,Car,24.86,no,NORTH,02-09-2024,0
CR100539,19.0,Female,Married,,Retired,2.1,46800.15,1806.03,0.463,375.0,17,0,No,Rent,5214.49,36,Education,27.94,No,Central,06-02-2024,1
CR102145,43.0,Female,Married,PhD,Employed,11.6,169892.58,5775.83,,658.0,9,0,No,Mortgage,55351.54,12,Other,18.96,No,Central,2024-07-22,0
CR101049,24.0,MALE,Single,PhD,Self-Employed,0.6,36951.11,495.73,0.161,639.0,0,0,No,Own,31051.73,24,Business,26.9, No ,West,11-26-2022,1
CR102941,72.0,Female,Divorced,High School,Retired,9.8,39459.34,68.68,0.021,,19,1,No, Own ,29971.45,36,CAR,17.41, Yes ,Central,08-14-2021,0
CR100969,20.0,Female,Divorced,High School,Retired,0.0,65722.81,1130.74,0.206,431.0,6,1,0,Mortgage,15888.7,12,Debt Consolidation,19.42,No,Central,01-29-2024,0
CR103321,27.0,Male,Single,BACHELOR, Employed ,8.8,55223.55,1664.2,0.362,834.0,8,0,No,MORTGAGE,7355.68,48,Medical,26.33,No,South,01-07-2021,0
CR104487,32.0,Female,Single,Master,Retired,7.9,,207.55,,672.0,19,1,No,other,58117.48,60,debt consolidation,19.22,No,East,05-17-2023,1
CR103096,,Male,Single,Bachelor,Retired,7.6,43773.48,861.21,0.236,613.0,6,0,N,Own,26478.95,48,Education,28.07,no,South,2022-09-21,0
CR101363,29.0, Male ,Single, Master ,Employed,5.2,53863.45,1821.11,0.406,705.0,19,2,NO,Mortgage,50103.1,12,education,10.78, Yes ,Central,22/04/2022,0
CR101250,32.0,Male,Married,Bachelor,Self-Employed,7.3,41322.63,295.92,0.086,337.0,11,2,Yes,OWN,32385.25,60,Business,22.63,No,west,25/04/2022,0
CR101383,70.0,Male,Single,Master,Self-Employed,10.0,39041.19,968.31,,736.0,19,1,Yes,Mortgage,57326.13,24,Debt Consolidation,15.83,No,Central,2023-02-16,0
CR101172,40.0,Male,single,Bachelor,Employed,9.0,44499.57,1877.72,0.506,623.0,18,0,No,,45941.51,12,education,19.94,No,South,12-15-2023,0
CR100850,74.0,Female,Single,High_School,UNEMPLOYED,10.7,56989.07,271.36,0.057,,10,0,,Mortgage,34573.71,12,Debt Consolidation,22.26,,North,12-10-2023,1
CR103122,45.0,other,,High School,Employed,7.1,46253.03,683.72,0.177,636.0,15,1,No,Mortgage,43729.26,48,Debt Consolidation,12.28,No,East,2022-05-08,1
CR103417,68.0,Male,Married,High School,Employed,13.9,54854.21,999.26,,303.0,3,0,No,Other,52832.36,24,Car,24.09,No,North,09-06-2021,0
CR101444,26.0,Female,Single,Bachelor,Employed,9.7,36350.22,1393.09,0.46,368.0,3,0,No,Own,23629.28,36,Debt Consolidation,27.61,Yes,North,12-01-2024,1
CR102257,55.0,Male,Single,Bachelor,Retired,0.0,31272.26,201.54,0.077,600.0,3,0,No,Rent,23663.54,48,Home Improvement,14.18,Yes,north,2022-12-20,1
CR100564,69.0,Male,Single,Bachelor,retired,18.8,60718.74,840.41,0.166,,1,1, No ,Own,8041.65,48,Other,24.23,Yes,South,2024-12-25,1
CR100549,57.0,Male,Married,High School, Retired ,7.2,103722.51,1122.95,0.13,763.0,5,2,Y,Rent,35956.53,48,Other,26.56,No,East,26/02/2021,0
CR102849,38.0,Female,married,Bachelor,employed,8.7,46939.01,946.56,0.242,612.0,19,0,NO,Own,50030.56,48,Debt Consolidation,18.27,Yes,South,16/02/2024,1
CR101534,65.0,Female,Widowed,High School,Employed,5.4,52834.78,2030.77,0.461,520.0,11,0, No ,Own,3413.63,24, Business ,13.34,Yes,West,2024-09-10,0
CR103295,64.0, Female ,Single,PhD,Employed,,14639.17,388.29,0.318,328.0,15,1,no,Rent,33325.29,48,Debt Consolidation,8.58,no,North,2024-01-18,1
CR100234,46.0,Male,Divorced,Other,Self-Employed,10.8,27341.02,619.58,0.272,413.0,6,0,no,Mortgage,45191.13,48,Other,22.2,NO,North,19/10/2021,1
CR104032,33.0,Male,Divorced,Bachelor,Self-Employed,9.6,40981.7,1373.28,0.402,314.0,4,0,N,,3584.68,60,Car,29.45,Yes, Central ,08/08/2021,1
CR104390,,Male,Married,High School,Self-Employed,7.3,72005.13,1624.99,0.271,,15,0,YES,Rent,54875.05,48,business,5.65,Yes, South ,30/09/2022,0
CR101045,26.0,Female,Divorced,Bachelor,Employed,9.4,14977.1,679.52,0.544,440.0,14,0,No,Own,27531.18,60,Debt Consolidation,14.23,,Central,2024-04-05,0
CR104082,62.0,Male,MARRIED,Bachelor,employed,0.0,71447.58,412.8,,752.0,14,0,,RENT,9842.78,48,BUSINESS,22.8,No, East ,10/08/2022,0
CR100265,51.0,Male,Single,Bachelor, Employed ,7.8,28452.02,1164.86,0.491,502.0,13,0, No ,Mortgage,12546.83,12,Debt_Consolidation,14.64,No,West,14/01/2023,1
CR103297,70.0,Male,Married, Bachelor ,Unemployed,6.6,11776.08,505.0,0.515,348.0,18,0,no,Rent,46025.41,24,Other,29.69,NO,West,05-23-2023,1
CR100710,57.0,Male,Divorced,High School,EMPLOYED,5.6,57566.57,2294.27,0.478,329.0,10,0,0,Rent,21537.34,24,Medical,17.45,no, East ,04-24-2022,0
CR104333,69.0,Male,Single,PhD,Self-Employed,2.9,39344.91,559.46,0.171,497.0,18,0,No,Rent,18635.84,36,Home Improvement,10.94,No,Central,07-18-2023,0
CR103365,61.0,Male, Divorced , Master ,Self-Employed,,38467.36,577.36,0.18,635.0,13,0,Yes,OWN,3066.95,24,Debt Consolidation,18.99,No,Central,2022-11-21,0
CR100359,61.0, Female ,Single,Master,Unemployed,4.5,48084.78,860.25,0.215,356.0,19,0,No,Own,55553.81,48,Business,12.95,No,Central,2021-03-29,1
CR104244,38.0,Female,Single,High School,Employed,5.1,41080.96,526.25,0.154,606.0,18,1,Yes,,48195.16,48,Home_Improvement,23.77,No,Central,03-07-2024,0
CR104401,,Male,Divorced,Bachelor,EMPLOYED,0.0,53779.19,1877.76,,564.0,2,0,1,,40153.52,36,Debt Consolidation,21.86,Yes, East ,2023-05-19,1
CR103107,39.0, Female , Married ,Bachelor,employed,9.7,65479.87,2062.5,0.378,538.0,7,2,Yes,Rent,5260.24,36, Car ,18.2,NO,West,03/09/2021,1
CR100437,71.0, Female , Married , High School ,Employed,9.1,36839.26,1440.74,0.469,565.0,16,1,1,Mortgage,41952.35,36,Debt Consolidation,8.29,No,Central,31/01/2023,0
CR103028,31.0,Female,Single,High School,Employed,8.8,40152.1,949.63,0.284,736.0,11,0,No,Mortgage,2239.43,24,Car,9.85,NO,central,2021-06-13,0
CR101576,49.0,MALE,Married,master,SELF-EMPLOYED,12.1,67720.25,598.96,0.106,776.0,4,0,No,,46451.75,48,Business,18.65,No,South,11/03/2021,0
CR100624,53.0,male,Married,Bachelor,Employed,10.9,16110.57,92.38,0.069,340.0,0,2,Yes,Rent,47996.9,36,DEBT CONSOLIDATION,13.72,No,South,04-03-2023,1
CR100607,, Female ,Single,Master,UNEMPLOYED,10.8,40051.74,1226.79,0.368,532.0,2,1,Yes,Other,42324.37,60,Car,9.73,No,East,12/02/2023,0
CR101531,18.0,Male,Widowed,Bachelor,Unemployed,13.8,44858.49,1441.97,0.386,,18,2,YES,OWN,11159.63,12,Business,24.13,No,South,04-15-2023,0
CR103018,52.0,Male,Divorced,Master, Self-Employed ,13.4,55629.19,554.6,,743.0,12,1,N,Rent,25252.04,12,Medical,8.09, No ,West,02-09-2022,0
CR103662,74.0,Female,Married,other, Employed ,11.1,61204.42,2107.34,0.413,501.0,6,0,Y, Mortgage ,17213.81,48,Education,26.89,,West,02-19-2024,0
CR104222,65.0,Male,Single,HIGH SCHOOL,UNEMPLOYED,8.9,22373.04,164.95,0.088,671.0,5,1, No ,Rent,15779.95,36,debt consolidation,24.37, No ,West,10-07-2022,0
CR101409,34.0,Female,Married, Bachelor , Self-Employed ,16.0,78628.51,1418.1,0.216,,14,2,No,Rent,45045.3,60,Medical,14.96,No,Central,03-25-2024,1
CR102971,20.0,Female,Divorced,MASTER,Self-Employed,0.0,43505.16,1898.7,0.524,462.0,17,0,,Rent,18085.73,12,Debt Consolidation,23.7,Yes,Central,06-03-2021,1
CR102380,28.0,Male,Single,Bachelor,Self-Employed,6.8,17701.93,119.05,0.081,680.0,9,1, Yes ,Rent,29391.55,12,Home Improvement,14.79,No,South,11/08/2023,0
CR100825,23.0,Female,Married,High School,Employed,,35992.04,619.54,0.207,302.0,8,1, No ,Mortgage,43067.96,36,Car,23.2,No,central,09-23-2024,1
CR100013,62.0,Female, Married ,High School,Self-Employed,7.9,32392.44,857.89,0.318,464.0,19,0,No,Rent,45752.98,12,Home_Improvement,28.28,No,South,2024-07-20,1
CR102570,64.0,MALE,divorced,PhD,Self-Employed,5.5,61036.46,2380.69,0.468,342.0,1,0,no,Rent,49504.93,12,Business,24.24,No,SOUTH,18/03/2023,0
CR103579,,Male,Single,bachelor,Self-Employed,4.8,15279.35,148.4,0.117,593.0,19,1,No,Mortgage,48363.84,12,education,22.46,NO,CENTRAL,27/05/2021,1
CR101360,22.0,Male, Single ,Bachelor,Employed,8.7,23723.81,812.57,0.411,677.0,15,0,No, Rent ,13862.17,24,Debt Consolidation,29.37,No,Central,2022-01-14,1
CR103994,47.0,female,Married,Bachelor,Employed,6.6,46448.96,1290.17,0.333,,9,0,No,Rent,43123.43,48,Other,18.79,No,West,01-03-2024,1
CR103682,30.0,Male,Married,High School,Employed,8.9,64884.12,2624.22,0.485,512.0,9,2,No,Rent,15684.86,60,Debt Consolidation,23.04,No,West,10-17-2023,0
CR101893,59.0,Male,Single,High School,Employed,10.1,32345.67,850.44,0.316,304.0,19,0,No,Mortgage,37283.69,60,Medical,20.59,,South,03-03-2024,1
CR103792,32.0,Male,Married,Bachelor,Employed,7.3,26984.13,743.42,0.331,726.0,4,0,No,Mortgage,33610.07,24,education,7.47,No,South,10-12-2021,0
CR103010,39.0,Male,Married,bachelor,Self-Employed,3.9,46550.19,767.2,1.900980848063436,620.0,2,0,No,Mortgage,9924.7,12,debt consolidation,17.26,No, Central ,2024-11-29,1
CR103230,66.0,Male,Single,Bachelor,Self-Employed,7.2,18799.02,479.06,0.306,533.0,3,0,No,Mortgage,51421.49,36,Home Improvement,10.22,No,East,09-30-2022,0
CR100507,32.0,Female,Divorced,Bachelor,Employed,11.6,37778.61,1577.55,0.501,568.0,12,0,YES,Rent,26221.79,24,Car,29.41,No,South,2021-05-16,1
CR102249,42.0,Female,Married,Bachelor,employed,4.9,41989.09,1607.29,0.459,776.0,1,0,NO,Rent,46341.07,48,Home Improvement,19.06,No,East,12-29-2022,0
CR103778,75.0,Female,Married,High School,Employed,7.3,,908.09,0.394,,16,0,No,Rent,49970.28,24,Medical,16.43,No,west,2024-01-20,0
CR104340,21.0,MALE,Married,Bachelor, Self-Employed ,0.6,21619.09,135.68,0.075,640.0,15,0,no,Other,35145.34,48,other,20.4,No,West,21/05/2022,1
CR102952,72.0,Male,Single,Bachelor,Employed,4.0,15385.13,134.84,0.105,,6,0,Yes,Rent,18250.06,24,Debt_Consolidation,27.41,Yes,South,29/07/2024,1
CR103584,,Female,Married,Bachelor,Self-Employed,6.8,32232.96,1465.39,0.546,,8,1, Yes ,Own,4706.88,24,Debt Consolidation,17.86,NO,West,2022-12-09,0
CR103332,32.0,Male,Married,Master,Employed,,24242.76,528.13,,706.0,10,0,No, Own ,16385.37,36,DEBT CONSOLIDATION,23.19,No,East,2021-12-26,0
CR103782,24.0,Male,Single,High School,Employed,11.6,28097.2,1221.9,0.522,618.0,6,1,no,,40847.78,36,Medical,11.83,No,East,11-30-2024,0
CR101518,46.0,Female,Married,,Self-Employed,4.1,40505.59,1134.42,0.336,,16,1,No,,35564.09,12,Education,22.21,no,North,02-14-2023,0
CR101768,21.0,Male,,Master,Employed,18.4,22978.64,806.2,0.421,374.0,12,0,No,Mortgage,38711.72,12,Business,14.42,,North,02-04-2023,1
CR102283,63.0,Male, Divorced ,High School,Self-Employed,22.0,84259.11,1353.13,0.193,676.0,12,0,No,Mortgage,59193.99,24, Debt Consolidation ,14.32,No,East,09-28-2024,0
CR102407,59.0,Male,married,,Employed,0.0,36125.38,109.14,0.036,623.0,7,0,Yes,Rent,3336.3,12,Medical,13.67,NO, North ,2023-04-22,1
CR104420,59.0,Male,Single,High School,Unemployed,3.1,32768.81,1428.45,0.523,406.0,3,0,No,Rent,50150.73,60,Debt Consolidation,19.69,No,South,03-01-2021,1
CR101486,,FEMALE,Divorced,Master, Self-Employed ,0.0,21750.43,207.68,0.115,675.0,8,0,Yes,Rent,20538.18,36, Medical ,12.1,no,West,01-06-2024,0
CR104221,48.0,Female,Single,Bachelor,employed,0.2,49940.93,1305.92,0.314,737.0,14,0,,Mortgage,33805.65,48,Other,18.92,,North,2022-05-10,1
CR103558,27.0,Male,Widowed,bachelor,Employed,12.5,50661.5,1192.75,0.283,662.0,19,0,No,Mortgage,42479.82,24,Car,4.92,No,South,21/10/2021,0
CR104461,37.0,Male,Married,High School,Employed,11.0,30124.25,427.9,0.17,466.0,15,1,No,Rent,42141.29,48,debt consolidation,28.14,No,North,07-23-2023,1
CR104413,59.0,Other,Single, High School ,Employed,18.0,19552.27,539.61,0.331,327.0,1,0,No,Own,32735.65,12,Business,24.67,No,South,02-08-2023,1
CR103247,23.0,Female,Single,Bachelor,Self-Employed,4.6,103933.73,1660.62,0.192,341.0,1,0,Yes,Mortgage,30625.27,36,Business,5.67,No,West,11-10-2024,0
CR104042,62.0,female,Married,Bachelor,Employed,13.2,56045.58,1089.94,0.233,362.0,16,1,YES,Own,50967.12,36,Business,15.52,No,Central,2024-07-29,0
CR100187,,Female, Single ,Bachelor,Retired,2.7,23579.75,416.79,0.212,659.0,18,1,Yes,Mortgage,39148.8,12,CAR,23.42,No,South,09/05/2024,0
CR102101,56.0, Male ,married,other,UNEMPLOYED,7.7,19869.17,619.56,0.374,,17,0,Yes, Other ,16676.15,36,Debt Consolidation,7.75,No,West,25/10/2023,1
CR102711,19.0,Female,Single,High School,Employed,0.0,37419.17,778.94,0.25,786.0,13,1,YES,,57786.99,24,DEBT CONSOLIDATION,8.86,No,North,16/01/2022,0
CR104579,34.0,Female,Married,Bachelor,Retired,13.5,55518.34,1906.03,0.412,718.0,10,1, No ,Mortgage,34699.66,60,Business,21.25,No,Central,02-28-2024,0
CR102125,32.0,Female,Single,Master,Employed,4.2,65977.67,1640.87,0.298,831.0,17,1,No,Rent,44861.39,48,DEBT CONSOLIDATION,9.12,No,central,2022-07-26,0
CR100688,,Male, Married ,Master,Retired,0.3,99861.3,3639.55,0.437,,15,2,,Other,45379.25,36,Car,5.43,,North,2024-05-26,0
CR102931,57.0,Female,Single,bachelor,Self-Employed,11.2,27377.6,475.21,0.208,716.0,13,1,No,Rent,35016.51,48,Debt Consolidation,22.54,no, East ,2022-10-29,0
CR103130,38.0,Female,Married,BACHELOR,EMPLOYED,8.5,26438.07,1124.33,0.51,343.0,3,0,N,Other,1268.47,60,Debt Consolidation,17.84,no,Central,09-03-2023,0
CR103138,45.0,Female,Divorced,Bachelor,Employed,0.0,32194.24,1386.08,0.517,506.0,2,0,no,Rent,35840.99,36,Debt Consolidation,21.1,No,SOUTH,10-26-2022,1
CR101296,33.0,Male,Single,High School, Employed ,0.5,16184.67,108.25,0.08,371.0,15,0, No ,Rent,14090.55,36,Business,10.35,No,North,10-03-2022,0
CR100565,31.0,Female,Single,High School,Employed,8.7,48248.11,2047.53,0.509,532.0,1,0,No,Mortgage,16570.86,12,Business,27.13,yes,East,10-18-2023,1
CR104365,,Female,Divorced,High School,Employed,11.2,23736.37,648.75,0.328,653.0,9,0,No,Mortgage,54072.06,12,Debt Consolidation,23.96,Yes,South,01-31-2021,0
CR103395,64.0,Other,Married,High School,Employed,19.7,33283.57,529.0,0.191,720.0,16,1,No,Other,45055.8,48,Car,16.2,No,Central,13/02/2024,1
CR103121,75.0,Female,Married,Master,Self-Employed,11.6,41471.08,1843.41,,723.0,16,0,No,Rent,34540.08,48,Debt Consolidation,27.96,No,East,09/07/2024,0
CR103723,75.0,MALE,Single,Other,Employed,1.9,39011.4,1779.83,0.547,476.0,2,0,no,Rent,22158.99,24, Other ,25.67,No, South ,25/05/2021,0
CR103499,44.0, Female ,Single,PhD,Self-Employed,8.5,40366.22,349.06,0.104,438.0,0,2,No,OWN,12348.96,36,Debt Consolidation,7.07,Yes,Central,03-25-2021,1
CR104550,20.0,Male,Single,Bachelor,retired,14.9,37932.73,884.66,0.28,,15,0,1,,3372.4,24,Medical,12.13,No,East,12-22-2024,0
CR101770,37.0,Female,Single, Bachelor ,Retired,14.4,51588.34,1256.32,0.292,693.0,9,1,no,Other,58356.6,36,DEBT CONSOLIDATION,28.89,Yes,North,17/03/2021,1
CR101832,,female,Single,Master, Retired ,12.4,14715.71,644.8,0.526,392.0,2,0,No,Mortgage,1309.22,48,medical,13.0, No ,EAST,04/03/2023,0
CR102650,69.0,Male,Single,Bachelor,Employed,,52108.37,1953.13,0.45,621.0,0,0,No,RENT,52817.18,24,Home Improvement,14.15,Yes,East,07-28-2021,0
CR101766,47.0,MALE,Single,BACHELOR,Unemployed,6.4,39363.42,446.76,0.136,790.0,14,0,No,Own,34651.9,12,Business,10.78,No,North,2023-07-28,0
CR102756,69.0,male,Single,Bachelor,employed,7.8,,796.65,0.082,515.0,17,0,No,Mortgage,43547.97,12,Home Improvement,19.95,no,East,07-20-2021,0
CR104232,53.0,Male,single,BACHELOR,Employed,8.2,65858.71,1077.23,0.196,682.0,19,0,No,MORTGAGE,20935.01,60,Debt Consolidation,18.28, Yes ,central,2024-09-19,0
CR102820,49.0,Male,,bachelor, Employed ,12.6,61787.34,1362.51,0.265,380.0,1,1,yes,Rent,31052.12,12,Home Improvement,10.04,No,north,27/12/2023,0
CR102979,45.0,Female,Single,PhD,Employed,6.0,27894.48,482.42,0.208,455.0,7,0,No,Mortgage,44272.94,60,Car,28.87,No,East,02/12/2021,0
CR100329,50.0,male,,High School,self-employed,4.7,32281.7,341.32,0.127,479.0,6,0,Yes,Mortgage,23287.87,24,Medical,28.24,,Central,06-21-2021,0
CR102088,35.0,Male,Married,PhD,Employed,0.6,151813.6,1800.29,0.142,803.0,4,0,No,Rent,3512.96,12,Car,12.35,No,West,07-20-2022,0
CR101269,20.0,Male,Divorced, High School ,Employed,,29575.72,1033.47,0.419,419.0,18,0, No ,Rent,42769.55,36,medical,6.83,No,West,10-04-2023,1
CR104056,67.0,Male,Married,Bachelor,employed,0.0,19003.54,90.9,0.057,505.0,8,0,No,Mortgage,17876.6,36, Home Improvement ,20.81, No ,West,02/09/2023,0
CR103442,44.0,Male,,Bachelor,Employed,11.2,25201.55,898.74,,434.0,17,0,,Rent,32464.65,60,Education,21.54,,South,2022-11-27,1
CR103660,50.0,Female,Married,Master,Employed,5.7,34990.13,1150.18,0.394,765.0,7,0,No,,46552.02,12,Debt Consolidation,22.48,No,South,12-03-2023,0
CR103832,64.0,male,MARRIED,High School,Self-Employed,1.0,20390.74,817.37,,545.0,4,0,Yes,Rent,32304.9,60,Debt Consolidation,7.36,No, South ,2024-05-23,0
CR104457,20.0,FEMALE,Single,Other,employed,3.1,53389.4,1394.7,0.313,751.0,13,1,0,,2523.43,36, Car ,12.17,No,West,09-26-2021,0
CR103198,74.0,Male,single,Master,Employed,9.6,44646.82,394.66,0.106,633.0,19,1,NO,Own,45445.72,24,Car,5.56,No,South,01-30-2021,1
CR102607,32.0,Male,Single,High School,Self-Employed,3.5,43515.09,555.13,0.153,444.0,1,1,No,Mortgage,23456.18,36,Business,16.17,Yes,East,07/08/2022,0
CR101583,42.0,Female,Single,Master,EMPLOYED,0.0,14478.45,195.25,0.162,425.0,17,0,NO, Rent ,19232.49,36,debt consolidation,24.13,No, East ,04/03/2021,1
CR104383,50.0,Female, Married ,high school,Self-Employed,10.1,20911.3,629.21,0.361,537.0,2,0,No,Own,23155.76,48,Business,17.0,No,NORTH,29/03/2022,0
CR100811,68.0,Male,Single,Bachelor,Employed,3.6,76820.23,1723.52,0.269,765.0,14,0,No,,2972.89,48,Education,21.22,No,East,11-08-2023,0
CR102411,20.0,Male,,Bachelor, Unemployed ,3.9,33953.47,139.51,0.049,764.0,8,0,,Own,4549.86,24,Business,20.11,No,East,19/01/2024,0
CR101873,72.0,Female,Married,PhD,Employed,5.0,66723.05,2714.64,0.488,319.0,7,1,Yes,Mortgage,14498.44,48,Car,20.87,No,South,27/05/2021,1
CR104348,62.0,MALE,Single,High School,Self-Employed,0.0,30902.5,415.36,0.161,767.0,5,0,Yes,Mortgage,38068.99,24,Education,24.83,no,East,27/08/2024,0
CR102505,24.0,Male, Married ,,employed,,39843.24,806.62,0.243,498.0,9,0,No,Own,23205.02,60, Education ,19.96,no,East,2022-02-22,0
CR103285,45.0,Female,SINGLE,High School,Employed,6.3,17959.16,220.16,0.147,838.0,0,0,0,Rent,16123.81,12,Car,5.03,No,south,03/04/2024,0
CR101437,55.0,Male, Single ,master,Self-Employed,9.4,19232.49,467.8,0.292,713.0,5,0,No,Mortgage,3973.08,24,Home Improvement,17.24,,East,27/02/2023,1
CR104102,29.0,Male,Single,High School,Unemployed,0.7,11800.21,132.9,0.135,659.0,4,0,Yes,Own,15739.76,48,Education,10.14, No ,North,09-18-2022,1
CR101756,38.0,Male,MARRIED,Bachelor,Employed,9.9,56245.83,121.77,0.026,377.0,8,0,,MORTGAGE,4156.29,36,Car,21.11,No,West,10-08-2024,1
CR102551,36.0,Female,Single,Bachelor,Self-Employed,0.0,54708.33,145.89,0.032,304.0,5,0,No, Own ,10959.8,36,Debt Consolidation,27.52,,WEST,07-31-2022,0
CR100287,51.0,Male,,Master,Employed,10.9,56885.78,1874.37,0.395,374.0,17,0,No,Mortgage,23154.33,48,Home Improvement,22.55,No,North,2023-04-12,0
CR101287,31.0,Male,Widowed,High School,Self-Employed,,,2947.73,0.48,317.0,12,0,N,Own,3820.51,60,Debt_Consolidation,19.12,Yes,central,15/02/2023,1
CR100531,27.0,Male,married,Bachelor,Employed,12.1,35702.4,1302.59,0.438,692.0,17,0,,Mortgage,48060.89,60,Business,27.07,Yes,North,11/09/2022,0
CR103960,72.0,Male,Married,Bachelor,Self-Employed,0.0,26107.96,439.4,0.202,634.0,0,1,1,Mortgage,11954.7,36,Medical,26.59,No,West,23/09/2022,1
CR102647,63.0,Female,Married,Master,Unemployed,9.9,32636.07,535.93,0.197,314.0,2,2,No,,23084.69,24,Other,5.87,No,west,21/05/2022,0
CR100734,30.0,Female,MARRIED,,Employed,2.1,38505.65,666.02,0.208,622.0,12,0,No,Other,40844.61,12,Debt Consolidation,18.61,No,North,2021-01-27,0
CR102054,59.0,Female,,Bachelor,Employed,17.2,100982.09,1859.43,0.221,364.0,13,0,No,,18336.65,24,Car,16.12,No,EAST,2024-11-25,1
CR102224,41.0,Other,Single,Master,Self-Employed,5.8,101208.15,744.12,0.088,794.0,16,0,No,Own,9130.61,60,Business,14.57,No,Central,2023-10-08,0
CR100313,34.0,Male,MARRIED,Master,Self-Employed,7.6,30942.81,858.49,0.333,395.0,18,3,1,Own,21975.54,24,Other,26.04,No,south,2022-12-12,1
CR102534,64.0,Male,Single, Bachelor ,UNEMPLOYED,6.7,32442.0,764.83,0.283,585.0,2,0,Y,Rent,29811.44,36,Business,10.2,No,Central,20/06/2022,0
CR101347,58.0,Female,Single,High School,Employed,10.0,46221.68,1264.63,0.328,609.0,11,0, No ,Own,57021.04,36,Business,6.16,No,South,04-29-2023,1
CR102568,39.0,Male, Single ,, Employed ,0.0,36770.63,1093.38,0.357,506.0,16,0,No,Mortgage,48843.7,36,Home Improvement,16.1,no,Central,2021-11-22,1
CR103716,38.0,Male,Married,master,Employed,2.5,,400.39,0.132,495.0,10,0,Yes,Rent,28500.86,12, Car ,26.13,No,South,2021-07-28,0
CR104522,49.0,FEMALE,Single,Master,self-employed,14.7,66723.2,2354.86,0.424,,4,0,Yes,Mortgage,7925.24,60,other,15.43, No ,East,2021-03-27,0
CR100455,50.0,Female,WIDOWED,BACHELOR,Employed,3.6,50169.71,358.44,0.086,416.0,9,0,Y,Rent,18312.04,48,Home Improvement,21.83,,East,2022-01-29,0
CR102327,27.0,Male,Divorced,High_School, Employed ,8.4,55250.72,192.57,0.042,802.0,7,0,,Rent,22164.11,60,Home Improvement,5.49,no,central,2023-11-15,0
CR103009,65.0,Female,,High School,Unemployed,7.1,22150.5,1015.01,,507.0,5,1,No,mortgage,54495.63,48,Debt Consolidation,13.54,NO,EAST,2021-03-15,1
CR100771,75.0,Other,Single,Bachelor,Employed,5.2,50608.54,2048.02,0.486,628.0,11,0, No ,Mortgage,54802.86,36,Other,28.4,No,West,08/04/2023,1
CR101965,61.0,Male,Married,High_School, Unemployed ,16.5,19813.46,161.57,0.098,665.0,10,0,Yes,Mortgage,41430.19,12,Other,6.1,,West,2024-01-04,0
CR100709,45.0,Male,Married,PhD,SELF-EMPLOYED,0.0,61620.25,1046.38,0.204,574.0,16,1,Y,Mortgage,21064.99,48,Home Improvement,11.72,No,South,09-21-2022,1
CR103943,74.0,Female,Single,High School,SELF-EMPLOYED,6.6,33474.17,1397.86,0.501,742.0,9,0,No,Rent,16160.84,36,Business,6.09,No,North,01/02/2022,0
CR103624,66.0,Male,Married,Other,Self-Employed,15.2,51122.87,234.41,0.055,306.0,7,1,N,Rent,52910.61,24, Business ,22.28,No,Central,2024-07-28,1
CR104233,33.0,Male,Single,High School,Employed,10.8,30750.53,998.02,0.389,,13,0,Yes,mortgage,47015.91,60,Debt Consolidation,20.44,No,Central,2021-04-27,0
CR102368,27.0,Male,Single,PhD,Employed,7.1,17632.46,552.71,0.376,339.0,7,2,Yes,Other,40428.12,60,DEBT CONSOLIDATION,20.56,Yes,East,2022-02-04,1
CR104539,68.0,Female,Married,High School,Employed,4.4,35341.65,651.99,0.221,529.0,11,1,,,23024.43,60,Car,9.15,,East,11/09/2023,1
CR103127,70.0,Male,Married,Bachelor,Employed,,17648.27,458.96,0.312,509.0,0,0, No ,Own,40212.38,36,home improvement,21.07,No,West,2024-06-20,0
CR102537,46.0,Male,Widowed,,Employed,2.1,62309.92,1067.24,0.206,660.0,6,0,No, Rent ,43729.19,60,EDUCATION,28.36,No,South,2023-02-11,1
CR101059,36.0,Female,Divorced,High School,Employed,2.4,33428.14,908.24,0.326,792.0,8,0,Y,Rent,19927.12,60,Education,29.89,No,SOUTH,07-14-2021,1
CR103565,, Male ,Single,Master,Employed,4.9,23265.28,610.03,0.315,355.0,7,0, No ,Rent,28672.74,12,Medical,17.42,No,CENTRAL,2023-05-09,1
CR103034,23.0,Female,MARRIED, High School ,Self-Employed,10.1,,672.52,0.425,844.0,0,1,Yes,Rent,22910.76,60, Debt Consolidation ,14.06,,Central,07-16-2024,0
CR100324,74.0,Female,,MASTER,Employed,0.0,61741.05,1437.27,,353.0,14,0,1,,47669.73,48,car,9.31,No,Central,12/05/2024,0
CR100934,43.0,Male,,HIGH SCHOOL, Unemployed ,0.0,38725.11,1216.07,0.377,317.0,14,0,No,Mortgage,24246.88,24,other,19.84,No, Central ,2024-07-27,1
CR104415,43.0,Female,married,Bachelor,Employed,3.7,52602.72,389.59,0.089,755.0,18,0,n,,51650.35,12,Car,19.95,Yes,EAST,09-26-2024,0
CR102102,27.0,Female,Married,, Employed ,5.7,20698.82,217.38,0.126,660.0,3,2,,Mortgage,29384.24,12,Debt Consolidation,10.08,no,WEST,04-06-2024,0
CR100648,73.0,Male,Married,Bachelor,Retired,12.4,181298.83,2020.81,0.134,724.0,1,0,No,Rent,51554.93,48,debt consolidation,9.72,,central,04-19-2022,0
CR101212,, Female ,SINGLE,Master,EMPLOYED,0.0,23757.96,558.85,0.282,,17,0,No,Other,52510.22,24,Car,11.37,,west,11/06/2022,0
CR104145,34.0,Female,Married, Other ,Self-Employed,2.0,29500.87,822.51,0.335,806.0,7,1, 1 ,Own,21264.59,24,Debt Consolidation,17.94,No,Central,19/07/2024,0
CR102759,42.0,Female,SINGLE,High School,Self-Employed,6.6,33306.36,1237.55,0.446,,15,0,,Mortgage,7847.66,60,Car,15.83, No ,East,19/12/2023,0
CR102611,71.0,Male,Married,Bachelor,Retired,10.0,37384.74,669.23,0.215,697.0,12,1,NO,Mortgage,13687.02,48,Other,10.4,No,South,2022-02-01,0
CR101501,33.0,Male,Widowed,High School,Self-Employed,0.0,61643.62,573.15,0.112,808.0,12,0,,Rent,27654.03,36,Home_Improvement,5.34,,North,08-29-2023,0
CR103005,39.0,female,Single,MASTER,Employed,8.1,25404.12,223.91,0.106,782.0,15,0,No,Rent,25803.79,48,Other,11.8,no,SOUTH,01-06-2021,0
CR100210,33.0,Female,Single,Other, Retired ,13.1,13093.71,329.72,0.302,721.0,5,0,No,,27551.74,60,Debt Consolidation,15.8,No,North,04/08/2021,0
CR103379,40.0,Male,Married,bachelor,Employed,,85524.82,382.21,,425.0,15,0,Yes,Other,11889.36,48,Home_Improvement,9.35,no,North,2024-02-29,0
CR101638,28.0,Male,Single,High School,Self-Employed,10.0,23657.0,906.65,0.46,823.0,7,0,No,Own,16287.64,48,HOME IMPROVEMENT,16.9, No ,South,05/09/2021,1
CR102733,30.0,Male, Married ,Other,Employed,2.0,40699.09,833.47,0.246,849.0,3,0,No,,17577.6,60,Business,16.02,,West,2023-01-04,0
CR101367,44.0,Male,Single,,Self-Employed,0.7,64713.52,2717.13,0.504,486.0,15,0,No,Mortgage,27440.71,12, Debt Consolidation ,4.77,No,North,13/12/2021,0
CR102210,58.0,Female, Single ,Bachelor,EMPLOYED,3.5,55191.68,547.41,0.119,766.0,16,0,Yes,Own,53001.88,48,Medical,6.08, No ,North,17/04/2021,0
CR101771,39.0,Male,Single,,Employed,13.1,25734.31,939.91,0.438,488.0,7,1,No,Rent,7541.8,36, Medical ,24.74,No,West,25/03/2021,0
CR101563,71.0,Male,,Master, Employed ,12.6,28283.39,1269.61,0.539,519.0,4,0,No,Rent,58983.67,36,Business,6.07,NO,WEST,01-26-2024,0
CR101151,47.0,Male,married,Bachelor,Self-Employed,16.8,17126.6,193.44,0.136,322.0,19,0,No,Mortgage,29935.38,36,DEBT CONSOLIDATION,14.35,No,Central,15/09/2022,0
CR102158,65.0,Male,Married,High School,Employed,5.9,40446.25,987.97,0.293,605.0,6,1,1,Rent,48508.28,36,Education,7.95,No,South,2023-03-07,1
CR102400,18.0,Male,Single,Bachelor,Retired,8.3,48447.34,2138.8,0.53,649.0,3,1,NO,Own,6558.36,60,Debt Consolidation,18.3,Yes,East,04-16-2021,0
CR104172,47.0,Female, Single ,Master,employed,9.4,24614.77,978.55,0.477,653.0,11,0,Yes,Mortgage,39075.68,12,Education,16.89,no,North,05/04/2023,0
CR100786,19.0,Male,Single, Bachelor , Employed ,0.5,48057.83,1759.42,0.439,630.0,11,0,No,Mortgage,44973.4,60,Debt Consolidation,9.57,No,CENTRAL,06/02/2022,0
CR104054,18.0, Male ,Married,Other,Self-Employed,2.1,44770.27,1630.15,,748.0,13,0,Yes,Mortgage,42011.46,12,Car,14.69,No,Central,2022-03-26,0
CR103231,30.0,Male,Single,MASTER,Employed,6.3,10349.03,220.92,0.256,357.0,2,0,No,,36920.88,36,Medical,27.42,no,WEST,2021-09-08,0
CR104247,29.0,Female,Married,Master,Employed,16.2,39689.07,912.08,0.276,609.0,14,1,YES,Mortgage,17008.92,36,CAR,22.1,No,South,12-31-2022,0
CR104573,69.0,Male,Single,Bachelor, Employed ,,41136.12,1428.06,0.417,529.0,16,0,0,Rent,17916.87,24,Business,23.98,No,east,09-20-2021,0
CR103516,27.0,Male, Divorced ,Bachelor,Employed,9.1,21815.62,434.73,0.239,563.0,1,1,Yes,,48468.31,12,Car,16.89,no,west,2022-11-29,0
CR103302,,Male,Married,Bachelor,Employed,4.9,28974.67,688.31,0.285,644.0,7,0,No,Rent,22235.31,36,DEBT CONSOLIDATION,24.14, No ,South,09-22-2022,0
CR100584,41.0,Other,Widowed,BACHELOR, Employed ,10.3,38400.03,1093.83,0.342,648.0,18,1, No ,Rent,9348.59,24,Home Improvement,16.52,Yes,NORTH,2023-08-03,1
CR101123,32.0,male,Single,Master,Employed,2.7,58135.02,2599.45,0.537,608.0,6,0,Yes,Mortgage,40244.47,36,Debt Consolidation,28.11,No,North,2023-01-22,0
CR100708,45.0,Female,Married,Bachelor,employed,5.1,24692.69,860.78,0.418,619.0,17,0,No,,54177.26,48,Debt Consolidation,24.35,No,North,25/03/2022,1
CR103855,59.0,Male,Married, High School ,Employed,1.6,30752.48,148.44,0.058,,11,0,,RENT,24757.65,24,Debt Consolidation,25.68,No,East,18/01/2024,1
CR101748,64.0,Male,,bachelor,Retired,9.9,23903.2,344.23,0.173,790.0,9,0,No,Mortgage,57216.59,12,Home Improvement,6.93,no,North,03-23-2024,0
CR100684,27.0,Female,Married,Bachelor,Self-Employed,15.8,36061.48,1292.34,0.43,648.0,8,0,1,Rent,47334.77,12,Home Improvement,28.75,No,East,03-16-2023,0
CR100720,26.0,Female,Single,Bachelor,Employed,10.8,35980.17,190.19,0.063,763.0,4,0,No,own,18446.46,48,Debt_Consolidation,9.12, Yes ,CENTRAL,18/06/2024,0
CR100348,28.0,Female,Divorced,High School,Employed,6.8,57839.02,1667.54,0.346,364.0,6,0,,Rent,9483.14,60,OTHER,25.39,no,South,14/07/2024,0
CR101470,70.0,Male,MARRIED,bachelor,Employed,11.0,47527.46,777.65,0.196,547.0,0,1,Yes,Rent,31190.89,60,Home Improvement,25.18,No,South,11/01/2021,0
CR102964,60.0,Female,married,High School,Employed,9.5,61421.0,486.48,,,15,1,No,Own,26510.15,12,Home Improvement,19.55,Yes,CENTRAL,01-14-2024,1
CR104536,22.0,Male,Divorced,,Employed,10.6,13444.43,162.48,0.145,900.0,12,1,Yes,Rent,13835.01,36,Business,9.27,No,East,12-27-2023,0
CR100125,50.0,Male,,Bachelor,Employed,6.6,44518.98,837.29,0.226,349.0,11,0,No,,12392.62,24,Other,4.67,No,South,2021-01-06,0
CR102526,45.0,Male,single, Bachelor ,Employed,12.8,27834.71,226.34,0.098,349.0,6,0,No,Own,24462.26,60,Car,28.32,No,Central,2022-12-27,0
CR103375,47.0,Female,Married,high school,Unemployed,,15037.94,202.01,0.161,315.0,19,0,No,Mortgage,55504.16,48,Debt Consolidation,6.49,No,West,2023-04-04,1
CR101920,40.0,Male,Single,Bachelor,Employed,14.9,59491.54,746.58,0.151,611.0,10,0,,,41742.31,24,Business,20.57,, East ,23/10/2022,1
CR102138,49.0,MALE,,,Self-Employed,0.7,33235.62,382.36,0.138,303.0,5,0,YES,mortgage,28752.46,60,Medical,5.37,No,West,2021-01-08,1
CR101246,67.0,Female,Single,Bachelor,employed,,25389.17,800.66,0.378,618.0,9,0,Yes,Rent,35522.26,60,Debt Consolidation,19.17,No,Central,2023-11-02,0
CR102091,36.0,MALE,Single,Bachelor,Employed,12.3,46528.37,482.05,0.124,785.0,12,0,No,Mortgage,48112.17,12,Medical,4.57,,Central,05-13-2022,0
CR102993,67.0,Male,SINGLE,Bachelor,Employed,8.7,17784.29,778.97,0.526,,8,0,No,Mortgage,34416.34,12,Education,16.02,,North,11-22-2021,1
CR100290,64.0,female,Married,PhD,Self-Employed,12.5,60224.83,2340.02,0.466,751.0,9,1,NO,Rent,48111.65,12,Business,22.15,No, North ,07-05-2024,0
CR102890,26.0,Other,Married,High School,EMPLOYED,10.5,17639.21,134.37,0.091,707.0,6,0,No,,26873.96,36, Debt Consolidation ,4.62,No,North,11-26-2021,1
CR102133,41.0,Male,,High School, Employed ,0.0,77350.92,277.56,0.043,336.0,5,0,no,Mortgage,4057.76,60,Home Improvement,17.14,No,West,10-27-2021,0
CR102707,35.0,Male,Married,Bachelor,Employed,10.3,14740.27,197.97,0.161,427.0,17,0,No,Rent,26853.39,36,Business,17.65,YES,south,2023-08-13,1
CR101894,25.0,Female,divorced,Master,Retired,9.6,46508.14,899.69,0.232,675.0,7,0,No,Mortgage,32314.75,12,Car,20.21,No,North,09-09-2023,0
CR102748,,Male,Single,PhD, Employed ,0.0,64965.7,2400.21,0.443,637.0,13,2,,Own,4540.64,24,home improvement,23.27,No,East,2023-04-18,1
CR100186,27.0,Female,Single,Bachelor,Retired,6.0,59037.43,1486.49,0.302,365.0,6,1,,Mortgage,58864.22,12,Debt Consolidation,18.18,No,East,05/04/2024,0
CR101404,,Other,Married,,retired,,45416.01,812.35,0.215,813.0,8,0,Yes,Mortgage,21945.63,12,Debt Consolidation,5.84,No,North,2021-05-15,0
CR103270,27.0,Female,Single,master,Employed,13.0,35598.78,1572.42,0.53,626.0,11,0,NO,Rent,56665.29,36,Debt Consolidation,19.42,no,Central,29/01/2022,0
CR101400,67.0,Female, Single ,High School, Self-Employed ,2.4,51261.23,1140.66,0.267,786.0,8,1,Yes,Own,53001.96,48,Medical,24.25,No,Central,09/01/2024,0
CR102472,42.0,Male,,Bachelor,Employed,0.0,111981.25,306.79,0.033,809.0,10,0,No,rent,53467.66,24,Car,16.11,No,Central,21/09/2024,0
CR103538,48.0,Female,Widowed,High School,Employed,15.0,58464.17,505.03,0.104,766.0,7,0,0,Mortgage,50115.84,60,Business,8.05,No,East,28/07/2023,0
CR100173,59.0,Female,,Master,Employed,6.8,19799.0,280.14,0.17,538.0,0,0,,Rent,40252.43,48,Debt Consolidation,4.8,No,South,30/08/2022,0
CR100885,60.0,Male, Single ,High School, Employed ,2.6,65826.64,2707.54,0.494,654.0,4,2,,Mortgage,55875.1,48,Education,28.22,No,West,2022-08-26,0
CR104477,39.0,Male,Widowed,Bachelor,Employed,5.0,23004.41,325.93,0.17,628.0,4,0,NO,,39362.36,60,Debt Consolidation,27.91,No,Central,03/06/2023,0
CR100353,43.0,Female,Married,Bachelor, Self-Employed ,5.1,30447.77,301.53,0.119,386.0,10,0,YES,Mortgage,19255.91,24,Education,18.09,No,North,18/09/2022,0
CR102504,20.0,Male,Single,Bachelor,Employed,17.6,56766.58,596.06,0.126,570.0,11,0,no,Mortgage,26558.88,48,Home Improvement,10.43,No,South,08-11-2023,1
CR101393,61.0,FEMALE,Married, PhD ,Employed,2.3,18823.03,259.55,0.165,537.0,13,0,No,Rent,21825.05,60,debt consolidation,8.64,Yes,East,07/06/2021,0
CR103837,52.0,Female,Divorced,High School,UNEMPLOYED,2.3,54408.88,368.64,0.081,689.0,7,0,Yes,,27047.84,24,Car,21.46,No,South,2021-01-12,1
CR104114,34.0,Female,Married,Master,Employed,10.0,49688.13,1494.61,0.361,811.0,4,0,No, Mortgage ,7327.68,48,Medical,10.06,No,North,20/03/2021,0
CR100840,34.0,Male,Single,High School,Employed,0.5,17636.84,448.18,0.305,422.0,14,0,No,Mortgage,1381.82,24,Home Improvement,25.94,,North,2023-06-28,1
CR102562,56.0,Female,Married,Master,Retired,10.7,,346.33,0.131,642.0,3,0,No,Mortgage,24491.26,36,Education,27.41,,East,2023-07-19,0
CR102214,,Female,Married,Bachelor, Employed ,5.3,24353.5,639.17,,479.0,18,1,No,,58207.28,48,Car,15.72,No,Central,11-24-2022,0
CR101838,30.0,FEMALE,Married,High School,Employed,2.5,23376.03,79.8,0.041,579.0,2,0,Y,Mortgage,37363.54,60, Debt Consolidation ,25.66,No,Central,07/04/2023,0
CR101572,60.0,Female,married,Bachelor, Employed ,0.0,53570.51,1794.08,0.402,674.0,17,1,,Mortgage,35261.99,24,Home Improvement,28.97,NO,CENTRAL,2021-08-14,0
CR100917,63.0,Male,Single,Bachelor, Self-Employed ,14.7,44385.95,1471.78,0.398,653.0,0,2,Yes,Mortgage,9843.56,60,Business,22.48,No,North,2023-05-05,0
CR103211,34.0, Male ,,Master,EMPLOYED,1.5,56848.45,2123.36,0.448,,3,0,No,Own,31718.26,12,Car,12.09,No,East,09/12/2023,0
CR101800,21.0,Female,Married,Master,Retired,4.9,14873.65,659.09,0.532,,7,1,No,Rent,11253.89,60,Home Improvement,27.92,No,West,27/09/2022,0
CR101859,60.0,Male,Single,Bachelor,Employed,5.8,26317.61,796.73,0.363,517.0,2,0,No, Rent ,16571.37,12,Debt Consolidation,8.64,Yes,Central,2023-08-03,0
CR104155,28.0,male,MARRIED,, Employed ,9.5,19476.21,884.58,0.545,,1,2,No,Own,49672.32,24,Debt Consolidation,5.36,No,Central,04-16-2021,0
CR101139,49.0,Female,Single,Bachelor,Employed,0.0,29934.24,871.34,0.349,647.0,1,0,No,Own,10038.45,48,Car,7.22,No,East,02-07-2022,0
CR101442,72.0,MALE,Married,Bachelor,Employed,0.9,43119.7,293.96,0.082,375.0,7,0,No,OWN,23686.37,36,Car,10.78,No,East,11-23-2021,0
CR101803,33.0,Male,Divorced,Bachelor,EMPLOYED,1.5,21481.63,615.98,0.344,802.0,16,0,No,Mortgage,34375.62,48,Debt Consolidation,21.65,NO,Central,2022-05-18,0
CR100379,33.0,Female,Married,Bachelor,Employed,3.9,70415.57,1144.64,0.195,524.0,4,1,No,Mortgage,59320.62,12,Other,26.2,NO, South ,03-07-2023,0
CR101133,62.0,Female,Married,,Employed,13.4,11899.34,129.58,0.131,313.0,15,0,Y,Own,57526.45,36, Business ,7.25,,West,06-02-2024,1
CR103162,,Female,Married,Bachelor,Employed,8.1,26666.94,657.21,,779.0,5,0, Yes ,Rent,5937.12,60, Car ,28.04,No,South,05/10/2024,0
CR100469,72.0,Male,Single,High School,Self-Employed,1.2,19358.24,484.04,0.3,366.0,15,0,No,Rent,52373.14,24,Debt Consolidation,18.65,No,West,2021-02-21,1
CR101935,27.0, Male ,Widowed,Master,EMPLOYED,0.0,35246.49,897.5,0.306,794.0,10,0,No,Mortgage,50121.79,24,business,26.38, No ,Central,2023-07-30,0
CR100589,66.0,Male,married,Bachelor,Employed,10.7,54214.26,1056.41,0.234,322.0,3,0,Yes,Rent,34774.4,36,Education,29.0,NO,West,24/05/2023,1
CR104133,47.0,FEMALE,Married,Bachelor,employed,8.1,113612.09,1956.6,0.207,548.0,17,1,Yes,Mortgage,53757.78,36,HOME IMPROVEMENT,15.84,No,Central,10/07/2021,0
CR102105,33.0,Male,Divorced,Bachelor,EMPLOYED,2.8,35847.18,651.9,0.218,812.0,11,1,YES,Rent,22055.28,12,Education,9.02,No,North,19/11/2024,0
CR104575,,Male,Widowed,HIGH SCHOOL,Employed,0.8,14741.26,205.73,0.167,830.0,17,0,0,Other,52932.56,12,OTHER,23.3,No,CENTRAL,2021-03-23,0
CR102666,31.0,female,Married,Master,Retired,0.0,43575.52,1789.2,0.493,740.0,16,0,Yes,Rent,17602.77,60,Debt Consolidation,28.55,No,West,30/06/2023,0
CR100871,29.0,Female, Single , High School ,Self-Employed,2.0,37669.74,892.97,0.284,688.0,12,0,No,Rent,34489.94,60,BUSINESS,11.41,No, Central ,2022-06-01,0
CR101042,42.0, Male ,Single,,Self-Employed,5.0,37035.97,375.23,0.122,,3,1,No,Mortgage,24238.68,12,Medical,5.93,No, North ,17/07/2021,0
CR100060,,Male,Single,Bachelor,Employed,0.2,14127.77,331.77,0.282,584.0,11,0,, Mortgage ,58102.68,48,Home_Improvement,10.73,no,South,2023-10-09,0
CR101227,,Female,Single,Bachelor,Employed,1.7,29849.65,136.37,0.055,657.0,14,0,No,Other,26730.14,24,home improvement,9.45,NO,NORTH,05-31-2023,0
CR100193,38.0,Female,Divorced,Master,Retired,6.7,47254.44,721.79,0.183,658.0,9,0,No,Own,13124.36,12,BUSINESS,19.04,Yes,South,02-07-2022,0
CR100544,66.0,Male,Single,High School,Self-Employed,13.2,19037.13,235.34,0.148,355.0,9,0,Yes,OWN,37246.82,24, Medical ,10.48,No,East,2023-08-04,0
CR104097,26.0, Female , Married ,Bachelor,Retired,3.5,36734.04,666.84,0.218,559.0,16,0,No,Other,53728.25,60,CAR,21.47,NO,East,04/02/2021,1
CR103774,42.0,MALE, Married ,High School,Self-Employed,12.8,48170.21,758.05,0.189,618.0,0,0,No,mortgage,12602.66,12,Medical,22.73,No,East,01-08-2022,0
CR101500,48.0,Female,Married,Bachelor,Unemployed,3.8,21694.75,592.02,0.327,630.0,18,0,1,Mortgage,13692.13,60,Debt Consolidation,21.93,No,North,2021-01-08,1
CR103728,37.0,Male,Married,Master,Self-Employed,1.2,20695.74,535.15,0.31,694.0,16,0,No,Mortgage,16124.53,60,Car,29.0,no,Central,04-14-2023,0
CR102355,39.0,Male,Single,High School,Employed,11.7,67997.79,2998.33,0.529,380.0,15,1,Yes,MORTGAGE,6187.34,24,Medical,8.97,No, Central ,2024-08-29,1
CR104206,70.0,FEMALE,SINGLE,PhD,Self-Employed,3.4,13112.06,384.06,0.351,598.0,11,0, 0 ,mortgage,12673.82,48,Car,28.36,NO,South,08/07/2022,0
CR103423,40.0,Male,Divorced,bachelor, Unemployed ,4.8,45211.29,1972.31,0.523,458.0,6,0,Yes,Mortgage,55283.19,60,Home Improvement,25.07,No,EAST,04-13-2022,1
CR102006,43.0,Female,Single,Bachelor,Retired,,36826.24,1661.08,0.541,659.0,14,0,Yes,Rent,30240.47,12,Business,5.33,Yes,south,2021-12-12,0
CR104251,,Female,Widowed,High School,Employed,7.0,35575.14,1167.91,0.394,,5,0,,Other,52912.54,60,Debt Consolidation,6.9,No,West,2024-02-11,0
CR103283,23.0,Female,MARRIED,Master,Unemployed,9.6,30617.83,189.02,0.074,605.0,6,0,,Own,21226.84,60,CAR,27.71,No,North,12-15-2024,0
CR101929,73.0,Male,Single,Bachelor,Employed,3.6,76607.9,365.39,0.057,,13,2,No,Own,32303.06,12,Education,20.52,No,NORTH,2024-10-11,0
CR102701,64.0,FEMALE,Married,Other,Employed,0.1,14391.12,182.66,0.152,318.0,16,0,Yes,own,24643.37,60,Business,22.55,NO,West,14/11/2023,0
CR104391,65.0,Female,Single,Bachelor,Employed,6.0,40281.97,247.04,0.074,800.0,12,0,Yes,,51752.97,36,Debt_Consolidation,15.55, No ,central,06-08-2022,0
CR102473,,Male,Married,High School,Employed,0.0,160218.59,3154.87,0.236,809.0,11,0,No,Mortgage,17764.22,24,Car,5.29,No,Central,08-07-2022,0
CR104489,40.0,Male,Single,Bachelor,Unemployed,22.1,63962.66,1148.24,0.215,700.0,4,0,Yes,Own,55253.68,12,Debt Consolidation,4.66,No,West,2022-07-09,0
CR102543,40.0,Male,Single,Bachelor,Employed,6.9,34121.13,982.47,0.346,507.0,11,0,YES,Mortgage,7329.24,48,Car,5.88,, West ,03-17-2021,0
CR101894,25.0,Female,divorced,Master,Retired,9.6,46508.14,899.69,0.232,675.0,7,0,No,Mortgage,32314.75,12,Car,20.21,No,North,09-09-2023,0
CR101112,29.0,Male,Single,High School,Employed,8.1,17808.67,697.63,0.47,755.0,10,1,No,,8776.6,24, Debt Consolidation ,18.21,No,south,07-19-2021,0
CR102515,65.0,Male,Married,Bachelor,Unemployed,0.0,41146.55,553.79,0.162,703.0,14,0,No,,34619.45,12,education,6.29,NO,North,07-23-2022,0
CR101064,61.0,Female,Divorced,high school,Employed,5.8,52781.85,1717.81,0.391,542.0,7,1,no,Own,35996.85,24,home improvement,14.5,No,Central,2022-03-13,0
CR104530,19.0,Female,,Other, Retired ,9.6,17100.15,290.05,0.204,367.0,12,0,,Mortgage,46674.39,60,Medical,27.75,No, East ,28/10/2021,1
CR102353,44.0,Male,Single,High School,Employed,0.0,67286.05,2546.72,0.454,586.0,12,0,1,Mortgage,15279.48,12,Medical,19.66,No,West,2022-01-04,1
CR103570,64.0,Female,Widowed,High School,Self-Employed,8.9,82088.95,2806.33,,,10,0,No,Mortgage,49239.05,48, Education ,18.34,No,EAST,05-09-2021,1
CR101402,35.0,Female,Divorced,PhD,Unemployed,9.0,27895.27,776.91,0.334,387.0,3,1,Yes,Rent,15240.56,12,Medical,20.33,NO,East,2024-11-04,0
CR103155,67.0, Male ,Single,Master, Employed ,0.3,20579.22,275.09,0.16,467.0,9,1,Yes,Mortgage,40402.67,12,Business,10.35,No,East,01/07/2024,0
CR100163,41.0,Male,Married,Master,Self-Employed,18.7,37903.81,1230.84,0.39,712.0,13,0, Yes ,MORTGAGE,36198.92,60,Debt Consolidation,17.04,No,Central,10-05-2024,0
CR103523,,Female,Single,Master,self-employed,7.5,18735.99,361.37,0.231,685.0,13,1,NO,Mortgage,51776.34,48,Education,26.4,Yes,West,04-07-2024,1
CR101361,21.0,Female,Married,Master,Employed,9.3,8000.0,331.13,0.497,367.0,16,1,No,Mortgage,51387.02,48, Debt Consolidation ,5.16,No,Central,25/09/2024,1
CR104116,19.0,Female,Married,Bachelor,Unemployed,12.0,51244.35,1217.59,0.285,449.0,15,0,Yes,Mortgage,49790.39,60,Debt Consolidation,10.03,No,North,2024-08-07,1
CR102022,56.0,Female,Married,High School, Self-Employed ,7.3,21758.74,442.48,,502.0,2,0,YES,,47200.3,36,Debt Consolidation,22.12,no,West,2024-01-28,0
CR100567,32.0,MALE,Single,Bachelor,Self-Employed,1.0,25769.42,432.97,0.202,469.0,11,1,No,,16622.01,24,Debt Consolidation,17.5,,East,30/03/2022,0
CR102671,67.0,Male,Married,Master,RETIRED,10.4,12324.97,454.99,0.443,632.0,16,0,No,Own,48095.64,60,Business,14.78,no,Central,2024-06-04,0
CR102975,45.0,Male,married,High School,Employed,8.6,31480.47,660.18,,843.0,15,0,Y,,52652.82,36,Business,22.1,Yes,East,03-02-2023,0
CR100689,63.0,Female,Married,High School,Retired,3.4,37070.58,1021.41,0.331,,1,1,Yes,Mortgage,21842.75,12,Medical,28.0,No,North,2022-02-17,1
CR104396,35.0,Female,Married,high school,Retired,14.4,15066.15,655.25,,622.0,4,0,Yes,Rent,13022.76,48,Education,24.26,No,North,2023-04-04,1
CR102557,68.0,male,Married,Bachelor,SELF-EMPLOYED,3.4,27702.73,235.18,0.102,381.0,12,0,No,Mortgage,43794.78,60,Debt Consolidation,23.15,,Central,2022-11-14,0
CR100578,69.0,Male,Married,High School,Employed,20.2,12423.03,125.63,0.121,352.0,1,0,YES,,56734.76,12,DEBT CONSOLIDATION,8.0,No,East,02-16-2022,0
CR102194,,Male,Single,,Employed,5.2,54760.1,2197.21,0.481,480.0,17,0,Yes,Rent,22226.65,24,Education,5.07,No,East,29/09/2024,0
CR103911,74.0,Male, Married ,Master,employed,8.6,25337.73,1073.43,0.508,741.0,9,0,Y,Mortgage,45379.38,60,Car,17.03,No,West,2021-11-21,0
CR104107,,Male,Divorced,Bachelor,EMPLOYED,11.0,61401.94,2649.32,0.518,342.0,12,0,no,Mortgage,40364.21,12,Debt Consolidation,14.48,Yes, South ,12-12-2024,1
CR104311,67.0,Female,Divorced,Bachelor,Unemployed,10.2,28396.53,926.48,0.392,677.0,5,0,No,Mortgage,3080.3,60,Other,27.88,No,West,04/11/2024,0
CR101750,72.0,Male,,Master,Employed,0.0,20507.71,684.78,0.401,429.0,4,0,Y,Own,41728.39,36, Home Improvement ,12.25,No,West,08-08-2024,0
CR102429,33.0,Female,married,Master,Employed,13.5,17138.92,148.8,0.104,760.0,11,2,No,Rent,24490.13,48,Medical,12.21,No, East ,15/01/2023,0
CR100087,36.0,Female,Married,High School, Employed ,3.7,20856.84,362.15,0.208,831.0,11,0,No,,50782.36,48,CAR,28.98,YES,Central,2022-06-29,0
CR101425,65.0,Female,,Bachelor,Self-Employed,0.0,15331.35,464.16,0.363,438.0,14,1,Yes, Mortgage ,58337.12,48,debt consolidation,6.65,no,south,23/12/2023,1
CR104152,70.0,Male,Widowed, High School ,Self-Employed,12.0,37336.69,1605.42,0.516,814.0,4,1,YES,Rent,53686.98,36,Car,29.6,No,South,2024-01-19,0
CR103187,41.0,Female, Single ,Bachelor,Self-Employed,12.6,22878.01,388.33,0.204,485.0,4,0,No,Own,34247.0,12,Other,17.76,No,Central,2023-09-01,0
CR101115,46.0,Male,Married, Master ,Employed,10.2,,3461.22,0.313,376.0,4,1,1,Rent,39237.18,60,Other,18.14,Yes,North,26/04/2021,1
CR100652,29.0,Female,Single,Other,Employed,8.7,44803.36,459.98,0.123,698.0,4,0,Yes,Rent,21409.39,24,CAR,24.6,No,East,19/01/2022,0
CR104034,42.0, Male ,DIVORCED,Master,Employed,1.4,798950.3801900041,11143.61,0.167,617.0,15,0,N,Mortgage,4870.79,48, Debt Consolidation ,23.47,No,north,2024-12-13,0
CR104475,36.0,Male,Married,Bachelor,Employed,,58652.48,1642.29,0.336,580.0,10,0,N,Own,50367.41,24,Business,16.41,Yes, South ,2023-04-01,1
CR102591,39.0,Female,Married,High School,Employed,18.1,36255.35,1522.88,0.504,302.0,12,0,No,Mortgage,52331.91,24,Debt Consolidation,13.69,No,East,28/04/2021,1
CR101132,,Other,Divorced,High School,Self-Employed,,76706.63,1662.93,0.26,,10,1,Yes,RENT,58121.98,12,Home Improvement,16.91,No,North,2021-05-11,0
CR100819,75.0,Male,,PHD,Employed,8.9,24247.91,384.17,0.19,413.0,3,0,0,Rent,4744.57,12,Debt Consolidation,10.54,No,North,2024-01-06,1
CR100332,35.0,Male,Married,HIGH SCHOOL,Employed,0.0,47857.04,1388.46,,587.0,18,0,No,,49734.84,12, Debt Consolidation ,21.81,No,East,2023-09-07,0
CR104205,64.0,Male,Single,Bachelor,Employed,0.9,30002.32,497.48,0.199,790.0,12,1,No,Mortgage,24225.37,12,MEDICAL,14.64, No ,West,12/10/2023,0
CR103893,29.0,Male,Single,high school,Employed,10.4,56139.58,377.56,0.081,533.0,14,0,N, Mortgage ,21522.92,36,Home Improvement,13.4,No,NORTH,01-23-2024,0
CR103816,44.0,Male,Married,Master,Employed,5.8,26401.6,98.78,0.045,787.0,14,0,No,Mortgage,45210.81,60,Car,10.43,,South,07-28-2022,0
CR101356,37.0,Male,DIVORCED,Bachelor,employed,2.7,45439.42,1769.35,0.467,843.0,12,2,No,Mortgage,6952.05,60,Education,24.91,No,West,11-24-2024,0
CR103891,71.0,Female,Married, Master ,EMPLOYED,6.2,,1698.99,0.183,597.0,16,0,No,Mortgage,22649.63,36,Car,27.76,No,EAST,2022-11-24,0
CR100946,74.0,Female,married, High School ,Employed,8.3,45001.85,126.69,0.034,332.0,4,0,YES,Own,21571.25,24, Debt Consolidation ,17.89,no,Central,12/07/2023,1
CR103600,43.0,Female,,HIGH SCHOOL,Employed,5.2,45298.37,1864.68,0.494,502.0,5,0,Yes,Rent,3014.22,24,DEBT CONSOLIDATION,11.31,No,North,03-08-2023,1
CR102161,,Male,single,Master,EMPLOYED,11.5,15795.37,631.8,0.48,754.0,5,0,no,,53234.68,12, Car ,21.82,No,East,26/04/2024,0
CR102325,65.0,male,Single,High School,Employed,9.4,81495.58,678.58,0.1,759.0,4,1,Yes,Mortgage,58705.36,24,Debt Consolidation,13.19,No,West,2023-04-10,0
CR101174,18.0,Female,Single,Bachelor,Employed,0.6,25731.23,1042.06,0.486,440.0,13,0,No,,32686.88,48,Medical,25.21,No,West,12-11-2023,1
CR101058,42.0,Male,Single, High School ,Self-Employed,6.0,8485.19,158.63,0.224,408.0,16,2,no,Rent,44909.85,36,Debt Consolidation,5.79,No,Central,25/06/2021,0
CR102821,, Female ,Married, Bachelor ,Employed,999.0,30080.27,900.81,0.359,344.0,2,0,0,Rent,54313.81,36, Home Improvement ,17.11, No ,East,2021-12-17,0
CR104375,51.0,Male,Divorced,,Self-Employed,15.6,23227.4,745.75,0.385,586.0,14,1,Yes,Mortgage,31706.77,24,Car,18.23,Yes,south,04-22-2022,0
CR102617,,Male,Single, Master ,Employed,6.7,30749.64,679.1,0.265,834.0,12,1,No,RENT,1312.21,48,Debt Consolidation,19.33,Yes,West,10-12-2023,0
CR104523,75.0,Male,SINGLE,Bachelor,Employed,19.6,15854.2,368.85,,631.0,11,1,No,Mortgage,52391.49,24,Car,25.12,No,North,05/09/2023,0
CR103780,21.0,Female,Single,Master,Retired,4.3,30452.61,1301.81,0.513,820.0,10,0,no,,22319.3,24,Education,16.63,No, North ,2024-05-03,0
CR104506,34.0,Female,,Bachelor,Self-Employed,15.6,48901.8,1101.5,0.27,681.0,4,0,,,45242.16,48,Car,6.51,No, Central ,07-12-2021,0
CR102829,25.0,male,Divorced,,Employed,5.6,19763.87,870.37,0.528,620.0,12,0,No,Other,42274.97,24,Education,17.84,No,South,01/02/2023,0
CR101917,46.0,Female,married,High School,Employed,13.4,34876.97,998.35,0.343,480.0,10,0,Yes, Mortgage ,34215.99,36, Home Improvement ,4.73,Yes,East,01/10/2022,0
CR100145,,Female,DIVORCED,Master,Employed,2.5,50107.72,2230.65,0.534,749.0,18,0,Y,Rent,7133.0,36, Home Improvement ,18.88, No ,Central,2023-11-23,0
CR101451,20.0,Female,Single,MASTER,Self-Employed,8.5,32612.77,278.97,0.103,425.0,4,1,YES,rent,23313.67,48,Debt Consolidation,4.72,No,Central,02/12/2022,0
CR102682,40.0,Male,SINGLE,Master,Employed,3.6,26408.59,638.0,0.29,407.0,0,1,1,Rent,9047.47,36,education,26.65,No,central,2023-07-27,0
CR104067,42.0,Male,Divorced,Master,Employed,12.4,114297.09,2822.64,0.296,351.0,7,0,No,Other,18866.81,24,Car,13.5,No, Central ,2024-01-26,0
CR103020,38.0,Female,Married,bachelor,Employed,12.9,50748.08,1188.31,0.281,847.0,3,1,yes,RENT,46501.57,60,Business,16.43,No,West,2023-10-13,0
CR100476,67.0,Female,WIDOWED,Master,Unemployed,12.7,64531.01,369.08,0.069,478.0,13,0,No,Other,26703.1,48,Business,23.45,No,North,2021-04-02,0
CR101382,38.0,Male,Married,High School,Employed,17.8,48312.02,1588.84,0.395,510.0,3,1,NO,,11784.4,12,debt consolidation,7.92,No,south,02-18-2022,0
CR102598,74.0,Male,DIVORCED,Bachelor,Retired,11.8,14775.96,341.04,0.277,528.0,1,0,No,Own,2633.83,48,Business,12.6,No,EAST,01/08/2021,0
CR104088,75.0,Male, Married ,high school,Retired,2.0,27494.17,513.71,0.224,763.0,13,0,Yes,Mortgage,39395.75,48,Business,14.1,No,North,01-24-2023,0
CR102310,34.0,Male,Married,Bachelor,Employed,13.0,17613.12,168.39,0.115,407.0,5,1,Y,mortgage,33215.33,60,Education,20.0,No,Central,06-05-2024,0
CR103072,31.0,Male,Single,HIGH SCHOOL,Retired,18.1,55557.55,715.47,0.155,613.0,17,1, No , Own ,39576.95,48,Debt Consolidation,18.26,NO,Central,2022-10-11,1
CR103151,31.0, Male , Married ,Bachelor,Employed,4.6,24441.87,927.39,0.455,441.0,0,0,0,,28556.69,36,debt consolidation,22.65,No,South,16/08/2021,1
CR101896,51.0,Other,Married,HIGH SCHOOL,Self-Employed,6.9,33211.54,463.03,0.167,335.0,16,0,No,Rent,43912.1,24,Medical,14.2,Yes, West ,05-20-2021,0
CR100335,64.0,Female,Divorced,Bachelor,Unemployed,6.4,153976.8,4465.94,0.348,626.0,13,0,1,Rent,10516.64,48,Home Improvement,28.79,No,West,04-01-2021,0
CR102674,72.0,Male,Single,High School,Employed,0.0,95292.59,231.15,0.029,693.0,8,0,No,Rent,23525.85,48,Education,11.95,Yes,South,2021-01-24,0
CR101523,26.0,Female,Single,,Employed,15.5,30155.92,217.79,0.087,813.0,2,1,no,,14328.4,48,Education,9.39,No, Central ,02/10/2022,0
CR101117,52.0,Female,divorced,Bachelor,Employed,0.0,44062.93,1044.73,0.285,504.0,2,0,no,Own,32217.85,36,Home Improvement,13.74,No,West,2023-09-12,0
CR101948,18.0,Other,Married,Bachelor,Self-Employed,8.1,43637.49,137.01,0.038,352.0,16,1,yes,Mortgage,17939.33,60,Home Improvement,10.92,No,North,2021-04-04,0
CR102872,65.0,FEMALE,Single,Master,Employed,1.8,26530.68,610.79,0.276,328.0,2,0,YES,Rent,21779.29,24,Debt Consolidation,25.29,Yes,South,2024-03-10,0
CR101037,18.0,Female, Divorced ,High School, Employed ,9.9,51729.25,996.96,0.231,680.0,13,0, No ,Rent,52500.84,36,other,9.91,NO,East,09/07/2021,0
CR100616,32.0,Male,Single,Master,Unemployed,11.8,25259.18,365.82,0.174,,6,0,No,Mortgage,57518.41,12,Car,18.8,No,West,27/10/2023,0
CR103075,61.0,male,Single,High School,Employed,9.0,70105.36,728.46,0.125,312.0,5,0,No,Mortgage,38807.31,24,Car,24.69,, North ,29/01/2024,1
CR102344,52.0,Female,,Bachelor,employed,7.2,37468.38,1448.48,0.464,547.0,11,0,Yes,Mortgage,49156.81,24,Medical,6.95,No, North ,01-21-2024,1
CR103195,28.0,Male,Married,Master,Employed,0.0,31696.85,1210.02,0.458,600.0,3,0,No,Mortgage,32394.6,12,Home Improvement,11.4,No,SOUTH,12-19-2023,0
CR103834,26.0,male,DIVORCED,High School,employed,0.7,80454.68,1943.41,0.29,,14,1,Yes,Rent,46926.72,48,Car,19.31,Yes,NORTH,23/03/2022,0
CR100788,49.0,Male,Married,PHD,Employed,6.1,22623.6,39.88,0.021,578.0,14,1,No,,52952.84,36,other,7.16,No,north,29/03/2022,0
CR100730,60.0,Female, Married ,Master,EMPLOYED,0.0,28603.02,276.8,0.116,448.0,14,0,no, Mortgage ,11457.67,12,Car,14.16,No,North,04-17-2024,0
CR100199,73.0,female,Single,Bachelor,Self-Employed,1.5,43273.72,388.79,0.108,795.0,13,0,NO,Rent,23615.71,60,home improvement,18.91,No,North,22/01/2021,0
CR103342,23.0,Male,Single,,Employed,7.3,37033.83,1575.63,0.511,809.0,11,0,No,Rent,27240.02,60,Business,22.78,No,South,2023-09-10,0
CR103760,28.0,Female,Married, PhD ,Employed,1.3,66821.13,231.72,0.042,844.0,17,0,No,Rent,21813.51,60,Car,21.14,no,South,2022-05-11,0
CR101985,64.0,Male,Married,Master,Employed,0.0,19011.21,480.56,0.303,681.0,10,0,Yes,Rent,43300.62,48,Education,21.55,No,WEST,13/12/2022,0
CR100588,66.0,female,Married,BACHELOR, Employed ,3.0,44695.45,1888.77,0.507,,7,1,No,Own,25748.24,60,Debt Consolidation,17.37,no,South,26/10/2021,0
CR102149,67.0,male,Single,PhD,Retired,12.7,49117.19,1311.38,0.32,403.0,18,0,no,,45559.66,48,Debt Consolidation,7.1,No,West,01/08/2022,0
CR104486,49.0,Male, Married ,Bachelor,Employed,4.3,,259.07,0.076,,17,0,No,,22530.71,60,Education,5.91, No ,South,06-02-2021,0
CR102359,30.0,Male,Widowed,High School,Employed,15.0,28572.37,368.77,0.155,404.0,5,0,No,Rent,7280.32,12,Debt Consolidation,8.46,No,West,2023-11-29,0
CR103327,30.0,Male,Divorced,High_School, Retired ,8.9,,2376.55,0.439,407.0,7,2,1,Rent,49543.47,48,Home Improvement,23.95,,South,12-03-2022,0
CR100936,27.0,Female,Divorced,Master,Employed,9.0,73933.9,1008.31,0.164,693.0,3,0, No ,Own,16704.86,24,Business,28.29,No,central,2024-02-10,1
CR101274,62.0,Female,Married,Master, Employed ,,40327.45,1350.18,0.402,524.0,9,1,,Rent,8878.23,24,Debt Consolidation,7.13,no,West,17/05/2021,0
CR101557,62.0,Male,Married,OTHER,Employed,8.6,36744.22,640.07,0.209,818.0,1,0,Yes,Own,37450.47,12,debt consolidation,26.69,No,South,11-13-2024,0
CR104460,23.0,Female,Married,Master,employed,0.6,76631.62,1190.11,0.186,529.0,17,0,1,,24730.23,36,Debt Consolidation,21.55,No,WEST,2024-12-30,0
CR102181,31.0,Male,Married,Bachelor,Employed,18.0,118464.25,3105.31,0.315,448.0,16,1,No,Mortgage,31937.83,36,car,24.15,Yes,Central,02-14-2023,0
CR100992,29.0,Male,Divorced,Bachelor,employed,8.4,25325.68,112.88,0.053,524.0,13,0, No ,MORTGAGE,50887.81,60,Debt Consolidation,8.92,No, North ,05/05/2021,0
CR102624,71.0,FEMALE, Married ,Bachelor,Employed,5.9,34907.53,1450.3,,548.0,15,0,No,,48874.73,24,Debt_Consolidation,22.01,No,north,2023-07-30,0
CR103064,59.0, Male ,Divorced,Master,Retired,10.3,59412.16,538.93,0.109,820.0,0,0,No,,5825.79,12,Debt Consolidation,13.93,,CENTRAL,05-21-2021,0
CR100019,44.0,Male,Married,HIGH SCHOOL,Employed,17.7,28295.03,818.27,0.347,639.0,11,1,No,Rent,1196.97,60,Debt_Consolidation,14.74,No,East,12-26-2023,0
CR101978,21.0,Male,Single,MASTER,Employed,4.7,17992.05,220.79,0.147,700.0,9,2,No,rent,13541.33,60,BUSINESS,28.5,No,West,2024-07-30,0
CR102696,25.0,Female,Married,Master,Employed,6.4,19760.1,131.81,0.08,415.0,14,1, No ,Rent,59688.37,60,Debt Consolidation,20.63,no,south,02-25-2022,0
CR104380,72.0, Other ,Widowed,Master,Employed,11.7,34506.04,93.35,0.032,788.0,6,0,No, Mortgage ,10967.43,36, Debt Consolidation ,17.91,No,East,30/09/2024,0
CR100282,56.0,Male,Married,Bachelor,Employed,14.8,57450.46,1586.94,0.331,715.0,4,0,1,Mortgage,26066.83,36,Car,19.95,No,South,11/02/2021,0
CR100513,,Female,Married,Master,EMPLOYED,5.8,26810.8,975.63,0.437,763.0,12,0, Yes ,Own,43029.06,48,MEDICAL,8.82,No,South,07-14-2023,0
CR100101,29.0,Male,,BACHELOR, Unemployed ,3.6,65879.67,595.54,0.108,390.0,4,1,Yes,Rent,12936.81,24,Medical,24.32,Yes,South,26/03/2024,0
CR102532,71.0,Male,Married,Bachelor,Unemployed,12.8,26494.8,457.82,0.207,791.0,12,1,No, Rent ,22402.13,48,Business,12.05,Yes,West,2023-01-29,0
CR101764,51.0,Female,Married,PhD, Unemployed ,5.1,25320.5,713.81,,742.0,4,0,Yes,Rent,38148.61,60,DEBT CONSOLIDATION,18.82,No,WEST,08-22-2023,0
CR103094,70.0,Male,Married,Bachelor,retired,8.9,25226.01,719.33,0.342,708.0,1,0,No,,23668.11,60,Medical,15.22,NO,South,11-04-2023,0
CR104309,,Male,WIDOWED,,unemployed,,59158.57,803.33,0.163,332.0,17,0,,Rent,7796.13,24,Other,29.14,No,Central,2024-12-02,1
CR103630,44.0,Male,divorced,Master,Employed,5.2,69292.16,1161.16,0.201,367.0,18,0,0,Rent,28440.09,24,Business,28.28,,East,2022-08-09,0
CR102704,21.0,Male,Single,high school,Employed,0.0,42824.86,605.04,0.17,581.0,4,0,yes, Rent ,43840.12,48,Car,17.08,No,East,2023-01-26,0
CR103103,43.0,FEMALE,SINGLE,High School,Employed,5.1,27865.91,1143.12,0.492,794.0,16,1,No,Own,53729.1,36,Car,25.8,No,West,28/07/2022,0
CR100169,19.0,Male,Married,Master,Employed,0.0,16974.85,117.19,0.083,511.0,0,0,0,Rent,20623.08,48,Business,4.82,No,West,04-16-2024,0
CR100355,75.0,Female,married,High School,Employed,5.0,22665.36,585.03,0.31,,4,0,No,Rent,40426.26,36,Home Improvement,22.32,No,north,10-20-2021,0
CR101005,71.0,Female,married,High School,Self-Employed,8.5,,61.22,0.022,815.0,13,0,1, Own ,49059.57,60,Education,27.14,No,Central,06-22-2023,0
CR103036,64.0,MALE,Married,High School,Employed,0.0,21425.8,700.15,0.392,543.0,1,1,Yes,Own,14230.3,60,Home Improvement,12.63,no,West,16/01/2022,0
CR103256,,Female,Single,PhD,Self-Employed,15.5,12614.96,261.44,0.249,841.0,14,1,No,Rent,52467.25,24,Debt Consolidation,10.9,No,South,2022-09-17,0
CR103120,54.0,Female,married,Bachelor,Self-Employed,7.4,89415.51,2500.04,1.6237692373013417,414.0,12,0,Yes,Mortgage,45347.31,36,Debt Consolidation,18.72,No,South,2024-09-09,0
CR103992,26.0,Female,divorced,high school,Self-Employed,9.3,96845.27,792.38,0.098,366.0,12,0,Yes,RENT,59081.06,24,Business,15.6,No,Central,11-25-2022,0
CR103468,48.0,Female,Married,PhD,Employed,0.0,55620.55,584.64,0.126,784.0,0,0,0,Other,1418.76,12,Business,10.23,No, Central ,03-21-2021,0
CR103880,,Female,Married,High School,Employed,8.0,24355.66,1038.04,0.511,782.0,15,1,,Rent,35315.58,24,Medical,15.08,No,East,12-15-2023,0
CR102512,73.0,Male,Married, Bachelor ,Unemployed,5.3,96112.07,3932.09,0.491,381.0,19,0,No,other,39063.42,24,Debt Consolidation,14.69,,East,2021-03-30,0
CR104389,,Female,Married,Bachelor,Employed,8.9,,713.62,0.246,600.0,14,1,yes, Own ,25932.8,36,Home Improvement,19.22,Yes,East,2021-03-12,1
CR101154,35.0, Female ,Single,High School,Retired,2.0,45484.64,1167.17,0.308,547.0,8,0, No , Rent ,31554.46,12,Debt_Consolidation,29.11,No,North,2023-01-30,0
CR101323,69.0,FEMALE,Single,Bachelor,EMPLOYED,4.4,44836.81,1139.39,0.305,729.0,5,1,Yes,Mortgage,40205.21,48,Debt Consolidation,8.04,No,Central,09-07-2022,0
CR100027,65.0,male, Divorced ,Bachelor,Employed,10.6,59868.86,2341.25,0.469,620.0,18,0,no, Rent ,5301.18,24,Home Improvement,19.53,NO,central,22/01/2023,0
CR102627,18.0,Female,Single,Master,Employed,8.7,61056.26,1802.48,0.354,414.0,3,0,Yes,Mortgage,41938.49,24,Debt Consolidation,18.22,No,South,09/12/2021,1
CR104226,44.0,Female,SINGLE,Bachelor,Employed,14.5,35340.47,1176.48,0.399,484.0,8,0,YES,Own,17164.41,12,education,27.86,,WEST,08-14-2021,0
CR101836,72.0,Male,Single,Bachelor, Self-Employed ,11.4,25313.86,265.78,0.126,792.0,15,0,no,Own,24566.44,60,DEBT CONSOLIDATION,7.9,Yes,NORTH,09/02/2021,0
CR102500,,Female,Married,MASTER, Employed ,0.9,97751.09,1607.97,0.197,318.0,11,0, No ,Rent,51373.48,60,Debt Consolidation,17.53,No,Central,10/07/2021,1
CR103142,44.0,Male,married,high school,Employed,0.0,32771.58,765.92,0.28,760.0,11,0,No,,21475.59,36,Home Improvement,4.71,No,West,08-01-2022,0
CR101418,67.0,Male,Single,Bachelor,Retired,10.0,77162.74,1019.39,0.159,,12,2,1, Rent ,14738.85,36, Education ,24.29,No,South,02-19-2022,0
CR103535,,Female,Single,Master,Employed,3.3,26862.0,87.73,0.039,338.0,16,2,No,OWN,1016.43,36,BUSINESS,28.92,No,North,11-24-2023,1
CR100427,64.0,Male,Single,Bachelor,Employed,12.0,19802.27,433.26,0.263,612.0,17,0,Yes,Own,57879.4,36,Business,23.87,No,Central,2023-03-21,0
CR101432,27.0,Male,Married,PhD,Employed,5.4,74888.55,1480.49,0.237,534.0,13,1,Y,mortgage,11221.4,60,Car,19.76,Yes,west,31/03/2022,0
CR101595,27.0,Female,Single, PhD ,Employed,8.7,29364.41,1115.3,0.456,,8,0,No, Other ,39309.03,48,Debt Consolidation,6.16,No,North,10-02-2023,0
CR102864,23.0,male,Single,Bachelor,Employed,0.0,36394.17,479.26,0.158,794.0,16,0,No,Rent,30061.83,24,Debt Consolidation,17.34,No,South,2023-04-22,0
CR101161,46.0,Female,Married,HIGH SCHOOL,EMPLOYED,4.7,33083.79,1216.09,0.441,828.0,7,0,0,Own,34719.59,36,Home Improvement,7.84,No,Central,03/09/2023,0
CR100174,58.0,Female,Married,Master,Employed,16.4,31325.87,756.72,2.6697108203756565,614.0,2,1,,Mortgage,2261.96,48,Business,13.82,no,West,2024-02-16,1
CR101190,42.0,Other,divorced,Bachelor,employed,8.6,,528.42,0.09,841.0,1,0,Yes,Rent,8922.05,48,Debt Consolidation,9.78,No,Central,08/09/2022,0
CR100573,20.0,Male,Married,Bachelor,Employed,1.9,37322.38,811.23,0.261,637.0,19,0,No,RENT,40583.44,36, Debt Consolidation ,7.62,No,east,09/06/2024,0
CR100582,24.0,Male,Married,Bachelor,Employed,6.1,21246.87,523.22,0.296,743.0,12,0,No,Rent,2116.07,36,Debt Consolidation,21.61, No ,Central,06-04-2021,0
CR102013,71.0,MALE,Widowed,Bachelor,Employed,8.7,92815.76,789.56,0.102,584.0,13,0, No ,Mortgage,42317.29,48,Debt Consolidation,29.55,No,West,29/12/2021,0
CR103236,39.0,Female,Single,High School,Self-Employed,21.7,35995.67,1049.08,0.35,712.0,18,0,Yes,RENT,17258.17,12,DEBT CONSOLIDATION,14.12,Yes,West,08/02/2022,1
CR104289,35.0,Male,,bachelor,Employed,9.0,17678.55,625.47,0.425,,8,2,Yes,Other,19058.49,48,Education,19.41,No,Central,07-22-2024,0
CR101146,48.0,Male,SINGLE,Bachelor,Self-Employed,13.8,44942.04,661.3,0.177,484.0,18,0,Yes,,52491.24,60,Car,16.88,Yes,south,18/08/2024,0
CR100134,64.0,Female,Divorced,Bachelor,Employed,0.0,27963.77,588.22,0.252,585.0,16,0,No,Rent,34906.06,36,Other,29.43,No,West,02-17-2021,0
CR100997,38.0,Male,Married,High School,Self-Employed,2.8,175926.74,7360.41,0.502,821.0,19,2,No,Rent,37760.67,24,Home Improvement,10.94,No,North,2022-08-06,0
CR103431,62.0,female,Married,Bachelor,Employed,11.3,34261.96,369.07,0.129,685.0,3,0,Yes,Other,14982.69,12, Car ,8.31,No,East,22/01/2024,0
CR102960,71.0,Other,MARRIED,Master,Self-Employed,8.6,36333.75,1463.04,0.483,531.0,0,1,,Rent,37904.45,12,Home Improvement,12.81,no,West,2023-08-07,0
CR102818,25.0,Female,Married,BACHELOR,Employed,0.8,19622.19,889.07,0.544,433.0,14,1,No,Mortgage,44914.04,48,Other,25.4,Yes,Central,2022-02-09,1
CR104181,38.0,Female, Married ,Master,Retired,19.1,27164.04,141.17,0.062,318.0,6,0,1,Other,21971.08,12,Medical,18.76,No,South,2024-05-03,1
CR103809,53.0,Female,Single,Bachelor,Employed,0.0,34126.02,789.65,0.278,,0,0,Yes,Other,51685.03,36,Debt Consolidation,25.0,Yes,West,2023-11-22,0
CR104240,37.0,Male,Single,Bachelor,Retired,18.8,45021.07,1969.7,0.525,361.0,6,0,,Mortgage,41312.4,48,Car,14.02,No,East,2021-10-09,0
CR101906,35.0,FEMALE, Single ,High School, Employed ,0.0,23610.67,870.28,,581.0,10,1,Yes,Own,23514.79,24,Other,16.16,No,South,10-27-2024,0
CR101762,18.0, Female ,Single,Other,Employed,10.1,16993.8,486.41,0.343,,7,1,No,Mortgage,35041.34,12,Debt_Consolidation,26.28,No,Central,08-09-2021,0
CR100363,69.0,Female,Divorced,Bachelor,Retired,,52054.44,689.36,0.159,539.0,3,0,,rent,3063.74,12,Car,27.96,No, East ,28/04/2024,0
CR100886,21.0,Male,Divorced, Bachelor ,Self-Employed,8.0,37706.04,991.76,0.316,342.0,16,0,No, Other ,20366.76,48,Car,25.19,no,South,04-12-2024,0
CR104193,20.0,Male,Married,Bachelor,Employed,6.0,18403.79,454.04,0.296,702.0,14,0,No,Mortgage,57506.73,12,Debt Consolidation,8.63,No,EAST,21/11/2021,0
CR102418,34.0, Male ,Single,master, Self-Employed ,23.1,89803.55,2831.3,0.378,605.0,19,1,No,Mortgage,47062.99,60,car,20.31,No,Central,2021-01-26,0
CR104497,40.0, Other ,Divorced,Other,Employed,15.5,22509.38,340.91,0.182,544.0,5,1,No,MORTGAGE,51347.48,12,DEBT CONSOLIDATION,12.69,,Central,11-28-2023,0
CR100922,43.0,male,Single,Bachelor,Self-Employed,11.6,35233.6,154.26,0.053,703.0,8,1,No,Own,52464.35,48,Medical,15.53,NO,South,2024-02-21,0
CR100545,21.0,Female,,Other,self-employed,3.0,16894.01,722.34,0.513,551.0,11,1, N ,Rent,16685.74,48,Medical,19.98,No,Central,12/06/2021,0
CR102237,,Female,Single,Bachelor,Employed,0.7,43558.33,416.61,0.115,444.0,17,0,No,,20722.81,36,Debt Consolidation,26.28,YES,East,09-26-2024,0
CR101196,59.0, Female ,Single,BACHELOR,EMPLOYED,9.1,86165.8,2340.26,0.326,425.0,18,1,Yes,mortgage,35211.93,36,Car,7.45,no, North ,2023-04-08,0
CR101679,47.0,Male,Single,HIGH SCHOOL,Unemployed,17.9,67336.88,145.78,0.026,581.0,14,1,Yes,Rent,29547.56,36,Business,26.18, No ,South,11/10/2021,0
CR103492,39.0,Female,Single,BACHELOR,Employed,8.5,12990.34,31.71,0.029,429.0,18,0,No, Mortgage ,24141.41,60, Debt Consolidation ,12.64, No ,East,2023-11-11,1
CR100691,64.0,Female, Single ,master,Employed,13.4,51870.62,2277.63,0.527,763.0,0,0,Yes,Mortgage,38017.42,12,Car,28.92,Yes,Central,2021-10-21,0
CR101109,20.0, Female ,Single,,unemployed,13.7,37920.57,495.12,0.157,,6,2,Yes, Rent ,50538.5,24,Car,21.66,,WEST,05-17-2021,0
CR102734,43.0,Female,Married,High School,Employed,3.3,47637.84,1475.46,0.372,584.0,0,2,Yes,Own,13617.32,12,Other,8.58,NO,South,03/09/2022,1
CR103305,32.0,Female,Single,High School,Self-Employed,8.2,136687.06,2288.44,0.201,524.0,9,0,No,,56654.98,60,DEBT CONSOLIDATION,24.97,No,WEST,2022-07-21,0
CR102085,56.0,Male,Married,Other, Retired ,0.0,19275.04,193.31,0.12,835.0,16,1,No,,22416.07,36,Debt Consolidation,7.33,No,south,02-08-2022,0
CR100613,40.0,Male,Widowed,Bachelor, Retired ,17.2,37396.21,871.14,0.28,795.0,18,2,No,Rent,50791.45,48,Debt Consolidation,13.12,,SOUTH,12-23-2023,0
CR103279,60.0,Male,Married,Bachelor,Retired,,134842.16,5402.03,0.481,,16,0, No ,Other,34778.78,12,Other,24.28,NO,West,13/08/2021,0
CR102475,42.0,Male,Divorced,Bachelor,employed,10.1,31721.93,968.2,0.366,828.0,6,0,0,Mortgage,13979.42,36,MEDICAL,5.61,NO,West,21/01/2021,0
CR104026,30.0,Female,,,Employed,6.3,60237.14,1712.9,0.341,627.0,15,1,No,,33775.03,24,Home_Improvement,12.68,YES,east,2021-11-01,0
CR102649,37.0,Male,Married,High School,Employed,0.0,18635.71,239.58,0.154,424.0,9,2,N,,14263.63,36,Car,15.07,No,South,27/09/2023,0
CR102665,49.0,Male,Married,Bachelor,Employed,5.2,63863.15,2295.14,,509.0,3,0,No, Rent ,54917.47,36,Medical,23.33,No,Central,01-07-2024,1
CR102450,66.0,Male,married,High School,Employed,0.0,60283.22,1871.69,0.373,547.0,6,0,No,Rent,13943.35,48,Other,18.53,No, North ,2024-07-31,1
CR102546,64.0,Male,Married,Bachelor,Employed,7.1,49278.99,1056.6,0.257,571.0,15,2,0,Own,53713.96,60,Debt_Consolidation,8.59, Yes ,South,07-03-2021,0
CR104230,22.0, Female , Single ,Bachelor,Employed,10.3,29052.79,1058.52,0.437,592.0,11,0,Yes,Mortgage,1796.84,12,home improvement,20.41,No,East,06/01/2022,0
CR103869,59.0,Male,Married,HIGH SCHOOL,Employed,3.8,34742.52,1282.27,0.443,714.0,3,0,No,Mortgage,16290.68,48,EDUCATION,25.13,No,Central,04-15-2022,0
CR104038,, Male ,Single,,employed,1.8,,1968.49,0.457,,16,1,1,own,44849.97,60,Car,7.44,no,North,08-31-2024,0
CR102766,39.0,Female,Single,Bachelor,self-employed,12.2,27560.7,544.86,0.237,483.0,5,0,Yes,Rent,55280.02,60,Medical,13.49,No,East,26/11/2021,1
CR101054,22.0,Male,Divorced,Bachelor,Employed,9.1,20628.38,41.63,0.024,626.0,19,0,No, Rent ,38632.81,12,Home Improvement,26.34,No,Central,07/07/2023,0
CR102457,72.0,Female,Single,,EMPLOYED,3.2,80425.06,738.3,0.11,679.0,1,1,No, Own ,17873.13,12,Debt Consolidation,21.7, No ,South,08-02-2022,0
CR103828,57.0,FEMALE,Single, High School ,Unemployed,0.0,40498.17,1813.74,0.537,724.0,19,0,0,Mortgage,55569.07,48, Business ,6.19,,Central,04-23-2022,1
CR103357,68.0,Male,Widowed,Master,employed,11.7,120220.88,1004.93,0.1,543.0,15,0,NO,,17021.23,60,medical,8.49,No,Central,03-04-2021,1
CR101241,63.0,Male,Single,Master,Employed,4.8,49989.35,535.99,0.129,341.0,14,0,yes,Own,14065.64,12,Other,11.74, No , East ,07-27-2021,0
CR103040,,MALE,Single,Other,Employed,3.6,38595.76,865.21,0.269,715.0,13,0,No,Rent,20533.64,60,Home Improvement,5.85,no,west,03-02-2024,0
CR100952,53.0,Female,Married,bachelor,Employed,0.0,37547.71,849.73,0.272,801.0,7,0,Yes,Rent,49750.64,36,Business,21.88,Yes,Central,05/09/2021,0
CR100446,36.0,Female, Divorced ,bachelor,Retired,8.3,,582.05,0.305,401.0,18,0,Yes,Mortgage,21413.29,48,Debt Consolidation,8.93,No,North,23/12/2021,0
CR103275,71.0,Male,Married,high school,Employed,10.1,58309.37,1162.13,,479.0,6,1,No,Mortgage,38017.84,48,Debt Consolidation,21.77,Yes,South,2023-02-19,1
CR101758,51.0,Male,Single,Bachelor,Employed,6.7,19643.6,223.51,0.137,536.0,4,0,No,Rent,6547.1,60,DEBT CONSOLIDATION,16.04,no,West,2023-01-24,0
CR100032,23.0,Male,Married,,employed,10.7,8000.0,208.25,0.312,475.0,6,1,No,Rent,29355.29,48, Education ,28.46,,WEST,26/07/2024,0
CR101787,23.0,Female,Single,Bachelor,Retired,14.7,21537.38,564.0,0.314,460.0,3,0,No,Own,44842.38,48, Medical ,13.69,No,Central,2022-07-17,0
CR101314,70.0,Female,Divorced,PhD,Employed,9.3,48938.62,1312.12,0.322,519.0,18,0,NO,Rent,41816.34,36,Other,6.19,No,West,2022-09-18,0
CR101081,75.0, Female ,SINGLE,,Employed,,29137.61,581.75,0.24,701.0,18,1,Yes,Rent,5114.82,36,debt consolidation,16.8,No,West,2024-05-01,1
CR100120,43.0,Male,Single,Bachelor,Unemployed,12.1,19713.79,892.79,0.543,773.0,3,1,Y, Rent ,35507.17,24,Business,10.63,Yes,South,27/05/2023,0
CR104500,,Female,Married,,Employed,1.3,28570.84,601.17,0.252,667.0,2,1,1,Other,25940.09,60,Debt Consolidation,9.82,No,North,12-17-2024,0
CR103359,48.0,Male,Divorced,Master,Employed,999.0,22530.73,288.2,0.153,778.0,0,0,No,Rent,16690.03,60,Debt Consolidation,6.92,Yes,south,05-22-2021,0
CR104535,47.0,male,,,employed,13.9,111270.86,799.83,0.086,599.0,2,1,No,Own,27697.9,12,Car,6.84,Yes,North,03-05-2024,1
CR101937,50.0,Male,Single,Bachelor, Unemployed ,11.8,135896.5,309.19,0.027,319.0,0,0,No,Mortgage,21407.01,12,Debt_Consolidation,15.09,,East,02-16-2023,1
CR102296,27.0, Male ,married,High School,Self-Employed,0.0,62745.57,1770.52,0.339,504.0,16,0,0,Rent,20338.92,36, Medical ,19.22,NO,East,2021-09-30,1
CR104018,28.0,Female,Married,Bachelor,Employed,8.6,29482.49,776.27,0.316,485.0,17,1,No,Rent,14308.37,36, Debt Consolidation ,5.64, No ,North,30/08/2024,1
CR102538,48.0,Female,Divorced,High School,EMPLOYED,11.5,21431.12,68.24,0.038,704.0,19,0,Yes, Rent ,47398.98,12,Debt Consolidation,27.47,No,Central,2024-11-12,0
CR103377,51.0,Male,Widowed,Bachelor, Unemployed ,4.2,46505.64,957.92,0.247,742.0,2,0,Yes,Mortgage,17574.56,48,Education,16.57,No,West,12-14-2023,0
CR103693,36.0,Male,Single,Bachelor,Employed,16.4,65580.18,1070.19,0.196,508.0,8,1,,Rent,4442.57,60,debt consolidation,10.99,Yes,East,11/09/2021,0
CR101761,41.0,Male,Divorced,High School,Employed,7.5,15757.48,560.52,0.427,596.0,12,1, No ,other,43879.66,48,Home Improvement,12.71,No,East,19/03/2022,0
CR101964,65.0,Female,Single,BACHELOR, Employed ,10.0,57143.26,2209.95,,,5,1,yes,Rent,33411.69,24,Education,6.29,No,West,2021-09-30,0
CR104158,29.0,Female,Married,Bachelor,Employed,7.5,81932.78,1591.19,0.233,476.0,6,0,No,Rent,55084.83,36,Business,19.37,No,CENTRAL,2021-04-19,0
CR100729,56.0,MALE,Single,High School,Employed,0.0,19593.73,112.5,0.069,575.0,14,0, Yes ,Mortgage,26960.91,12,Education,25.5,No,South,20/03/2022,1
CR103201,70.0,Female,single,Bachelor,Employed,,26699.67,646.61,0.291,421.0,5,0,No,Mortgage,46923.99,12,Education,22.33,No,West,08-30-2021,0
CR100575,39.0,male,Married,High School,Employed,6.5,31707.41,235.23,0.089,842.0,19,0,No,Other,40829.88,48, Car ,6.48,No,South,10-04-2024,0
CR103770,42.0,Female,Single,Master,Unemployed,0.0,24417.07,453.6,0.223,321.0,14,0,No,MORTGAGE,12736.72,24,Other,20.67,No,Central,2021-06-06,1
CR101369,54.0,Female,Divorced,Master, Self-Employed ,12.9,36058.13,644.99,0.215,748.0,13,1,No,Own,39071.37,24,Debt Consolidation,5.15,No,North,2023-04-24,0
CR104351,50.0,Male,Single,,Retired,,21801.08,960.34,0.529,796.0,18,1,Yes,Own,18297.72,48,Debt Consolidation,19.45,No,west,2024-10-24,0
CR102777,70.0,Female,Single,Bachelor,Employed,9.9,13851.07,358.48,0.311,766.0,1,0,No,Rent,37274.74,60, Debt Consolidation ,15.32,,EAST,2024-09-19,0
CR100462,61.0,Male,Single,High School,Retired,0.0,78779.84,1723.16,0.262,805.0,17,0,No,Own,45509.23,48,Home Improvement,10.14,No,Central,2024-11-05,0
CR100728,46.0,Female,Married,High School,Self-Employed,10.0,81455.61,364.24,0.054,,5,0,No,MORTGAGE,36123.2,12,Debt Consolidation,29.06,Yes,West,10-12-2022,0
CR102222,19.0,Male,Single,Bachelor,Self-Employed,5.4,30309.57,70.64,0.028,681.0,7,0,No,MORTGAGE,3787.78,12,Debt Consolidation,24.14,No, West ,05-27-2023,0
CR103636,49.0,female,,Bachelor,Self-Employed,3.6,67012.63,2787.55,0.499,381.0,16,0,1,rent,43065.69,48,Debt Consolidation,4.67,No,Central,2021-04-18,1
CR104541,54.0,Male,Single,Bachelor,Employed,9.7,25263.2,146.86,0.07,691.0,2,0,No,Rent,58858.26,24,Education,27.65,No,North,2022-07-02,0
CR101947,71.0,Female,Married,High School,Employed,19.4,31094.73,672.57,0.26,611.0,12,0,No, Own ,51844.98,36,Business,6.47,No,South,01-08-2021,0
CR101327,22.0,Female,Single,Bachelor,Employed,13.6,70333.41,389.69,0.066,652.0,13,0,Yes,,50313.27,36,Debt Consolidation,27.81,No,East,05/07/2023,0
CR101365,19.0,Female,,High School,Employed,12.6,31500.43,1409.51,0.537,448.0,15,0,No,Mortgage,13495.36,36,Car,19.09,NO,West,03/03/2024,1
CR101249,74.0,Male, Married ,High_School,Employed,12.8,49660.56,738.5,0.178,,0,2,no,rent,36671.89,60,DEBT CONSOLIDATION,16.58,NO,West,2024-06-07,0
CR101483,,Male,Divorced,Bachelor,Employed,12.7,28372.86,422.93,,564.0,18,0,no,Mortgage,5945.49,36,Business,18.97,No,North,09/07/2022,0
CR102478,22.0,Male, Married ,Bachelor,Retired,0.7,57931.92,2242.92,0.465,729.0,6,0,,Mortgage,21850.56,48,Debt Consolidation,13.67,No,West,04-11-2021,0
CR104354,46.0,Male,Single,Master,Retired,5.2,41941.4,79.86,0.023,618.0,6,0,No,mortgage,33760.84,24,Car,28.27,No,West,08-08-2021,0
CR104060,26.0,Female,Single,Bachelor,unemployed,13.4,37251.73,432.45,0.139,,8,0,no,Rent,5913.11,24,Car,11.13,No,East,2024-07-14,0
CR103111,62.0,Male,Single,Master, Unemployed ,7.6,33909.52,1216.25,0.43,,16,0,No,Own,25723.95,36,Education,16.23,No,South,30/11/2024,1
CR102452,23.0,Male,Married,High School,Employed,10.2,25995.3,807.1,0.373,,9,0,Yes,mortgage,32569.88,12,Education,18.96,no,Central,2022-11-07,0
CR102587,36.0,male,,Bachelor,SELF-EMPLOYED,2.9,34899.23,914.52,0.314,304.0,15,0, N ,Mortgage,5517.58,24,Other,15.05, No ,South,2021-06-13,1
CR102280,62.0,Other,Married,High School,Employed,6.8,68412.94,205.17,0.036,,3,0,Yes,Rent,49740.33,24,Car,10.1,No,SOUTH,05-05-2024,0
CR100390,61.0,Male,Single,PhD,Employed,14.9,46807.99,480.9,0.123,729.0,7,0, No ,Rent,25101.58,60,Education,25.98,Yes,North,20/07/2023,0
CR104138,69.0,Male,Single,Other,Self-Employed,13.5,21014.99,508.59,0.29,846.0,19,1,No,rent,52825.84,60,Medical,13.66, No ,North,20/02/2024,0
CR102795,71.0,Female,Single,Master,Self-Employed,4.3,,1058.92,0.463,315.0,3,1,No,,24352.84,24,Education,16.94, No ,North,06-08-2023,1
CR101303,,Female,Single,Master,Retired,0.0,37941.88,487.62,0.154,578.0,7,0,No,Rent,10381.98,12,Home_Improvement,27.77,No, South ,2021-09-27,0
CR103203,26.0,Female,Single,Master,EMPLOYED,,,843.39,0.521,694.0,19,0,No,Mortgage,8101.4,12, Home Improvement ,14.59,No, West ,2024-01-27,0
CR100211,59.0,Male,,High_School,Self-Employed,,21817.09,446.89,0.246,,9,1,YES,Own,20673.3,36,Debt Consolidation,13.37,Yes,North,2024-06-25,0
CR103878,28.0,Female,, High School ,Self-Employed,15.6,18333.53,264.26,0.173,493.0,9,0,y,Mortgage,41504.35,60,Home Improvement,16.3, Yes ,North,07-24-2024,1
CR103933,60.0,Female,Single,PHD,Employed,14.5,19819.92,846.19,0.512,569.0,4,0,,Rent,44834.29,24,Home Improvement,25.95, No ,East,2021-07-08,0
CR104178,44.0,Female,Divorced,PhD,retired,6.5,24737.75,225.0,0.109,526.0,14,0,No,Rent,19576.22,12,Home Improvement,15.78,,WEST,02-01-2024,1
CR102603,50.0,Male,MARRIED, PhD ,Self-Employed,4.8,60408.59,879.15,0.175,453.0,0,0,No,Mortgage,14701.46,24,Debt Consolidation,6.37,No,West,12/05/2023,1
CR104203,25.0,Other,Single,HIGH SCHOOL, Unemployed ,3.9,37708.89,568.53,0.181,486.0,12,0,No,Mortgage,36524.33,12,Debt Consolidation,21.87,No,East,07-08-2022,0
CR102096,72.0,Male,Married,High School,Employed,0.0,39709.68,208.53,0.063,549.0,2,0,No,Rent,23876.94,48, Car ,27.08,No,Central,02-17-2021,0
CR101315,35.0, Male ,Married,High School,Employed,12.6,42345.22,1878.44,0.532,623.0,1,0,Yes,RENT,29080.19,60,DEBT CONSOLIDATION,22.39,no,CENTRAL,02/12/2024,0
CR102040,34.0,Female,married,Master,Retired,0.0,28599.01,204.68,0.086,567.0,1,0,Yes,Rent,27787.75,36,Debt Consolidation,29.7,No,west,31/10/2021,0
CR103920,,Male,Single,Master,Retired,10.1,23547.51,256.47,0.131,821.0,11,0,,Rent,3326.7,12,MEDICAL,27.84,No,West,2021-06-02,1
CR103831,,Male,Single,Master,Retired,7.3,61442.9,670.52,,814.0,15,1,No,Mortgage,32788.35,48,Home Improvement,10.57,Yes,Central,02-27-2024,0
CR100130,50.0,female, Single ,Bachelor,Employed,7.1,49275.77,1174.06,0.286,813.0,2,3,yes,Mortgage,42004.96,60,education,29.29,No,North,05-27-2022,0
CR102615,56.0,female,Single,OTHER,SELF-EMPLOYED,10.1,,480.77,0.273,669.0,15,0, No ,Rent,35637.43,24,Debt Consolidation,5.91,No,Central,11/02/2022,0
CR102838,30.0,Other,DIVORCED,High School,employed,,40226.98,282.97,0.084,437.0,7,2,0,Mortgage,28880.73,24,Car,27.68,No,South,06/11/2022,0
CR100781,54.0,Female,Married,Bachelor,UNEMPLOYED,15.9,78542.16,3147.76,0.481,804.0,15,0,No,Rent,36211.16,12,Debt_Consolidation,26.32,No,East,18/02/2022,0
CR100760,28.0,Female,Married,Other,Employed,5.6,64766.32,1604.0,0.297,523.0,19,0,Yes,Own,41347.28,36,Debt Consolidation,18.85,Yes,North,2023-02-16,0
CR104496,37.0,MALE,Married, Master ,Unemployed,11.2,23800.34,225.41,0.114,769.0,6,0,No,Rent,20694.68,36,Home Improvement,12.91,Yes,North,09/09/2024,0
CR103799,21.0,Male, Single ,Bachelor,unemployed,4.9,42283.47,1007.37,0.286,841.0,9,1,1,Own,5771.63,24,Home Improvement,4.6,No, South ,03-14-2024,0
CR104373,65.0,Male,Divorced,Master,Unemployed,,19275.54,251.14,0.156,,3,0,No,Mortgage,24611.3,12,Home Improvement,21.64,No,North,01/06/2023,0
CR102470,69.0,Male,married,Bachelor,Employed,11.1,59509.42,975.21,0.197,569.0,8,1,N,Mortgage,38689.69,36,Debt Consolidation,25.54,No,East,06-03-2022,0
CR101561,32.0,Male,Married,Bachelor,Unemployed,0.9,22132.17,329.71,0.179,443.0,17,0,1,Own,58232.74,24,Car,25.9,No,North,2021-02-24,1
CR103250,37.0,Female,DIVORCED,BACHELOR,Self-Employed,11.9,47787.99,2048.57,0.514,517.0,0,1,1,,50951.81,12,Car,9.74,NO,West,24/11/2024,0
CR101863,39.0,Female,Single,Bachelor,Employed,8.6,35116.49,1252.35,0.428,377.0,14,0,,Rent,27902.14,48,education,12.13,No, West ,03/09/2024,1
CR102875,47.0,MALE,Single,High School,Employed,0.0,30666.91,1077.9,0.422,346.0,16,0,Yes,RENT,42817.55,24,Home Improvement,17.32,NO, East ,24/01/2024,1
CR100895,53.0,Male,Married,High School,Employed,2.1,13149.3,62.68,,426.0,6,0,,Own,14022.78,36,Debt Consolidation,27.05,No,North,2022-08-03,0
CR102387,74.0,Male,MARRIED,Bachelor,Retired,6.2,21461.73,584.92,0.327,100.0,3,0, No ,mortgage,12480.02,60,CAR,7.22,Yes,north,2023-07-17,1
CR102469,30.0,male,Divorced, High School ,EMPLOYED,7.7,75960.63,2126.41,0.336,769.0,17,1,Y,,9839.08,36, Car ,15.48,No,north,01-20-2022,0
CR104304,56.0, Female ,,Bachelor,SELF-EMPLOYED,15.1,14399.65,66.91,0.056,515.0,7,0,No,Mortgage,7304.46,60,Debt Consolidation,19.57,YES,East,2024-03-13,1
CR103661,45.0, Male ,Married,BACHELOR, Employed ,11.1,,634.45,0.437,633.0,17,0,no,Mortgage,57144.71,60,Car,6.45,No,East,09/09/2023,0
CR102189,51.0,Female,Single,Bachelor,Employed,1.3,57581.35,2321.22,0.484,377.0,12,0,NO,Mortgage,21795.46,36,other,7.44,NO,South,05-29-2022,0
CR103240,30.0,Male,Single,Bachelor,Employed,10.7,41639.38,1807.4,0.521,707.0,15,1,No,own,52568.63,12,business,5.76,No,Central,06-12-2023,0
CR103154,21.0,Male,Married,Bachelor,Employed,10.8,26702.98,936.1,0.421,493.0,15,0,N,,38820.29,36,Other,28.35,No,East,04-07-2023,0
CR104125,47.0,Male,Married,,EMPLOYED,6.7,76950.2,1719.73,0.268,514.0,7,0,No,Rent,48257.14,12,Car,22.76,No, North ,07/12/2023,1
CR100795,35.0,Female,Divorced,Bachelor,employed,3.2,66826.95,2254.38,0.405,,10,0, 0 ,Rent,21554.01,24,MEDICAL,15.55,No, South ,2022-10-22,1
CR101680,72.0,Female,Single,Bachelor,Employed,7.5,20711.84,188.06,0.109,556.0,16,0,No,Rent,29536.24,48,Car,11.08,No,EAST,15/11/2022,0
CR103720,55.0,female,,High School,Retired,5.3,26628.05,233.62,0.105,457.0,14,1,No,Rent,42992.66,60,Medical,28.66,NO,West,2022-12-16,0
CR101205,70.0,Male,Married,Bachelor,Employed,2.5,,369.01,0.238,417.0,1,0,No,Own,17361.41,12,Other,8.85,No,North,13/12/2021,1
CR104279,66.0,Male,Single,Bachelor,Employed,0.0,55026.42,1871.11,0.408,624.0,6,0,Yes,OTHER,40814.3,48, Other ,9.46,, North ,14/07/2021,0
CR101408,18.0,Female,Single,Bachelor,SELF-EMPLOYED,10.1,112762.44,2963.87,0.315,575.0,4,1,Yes,Own,12643.06,24,Debt Consolidation,6.63,NO,North,21/09/2023,1
CR103082,34.0,Female,Single,,Employed,3.1,33071.8,439.4,0.159,702.0,16,0,No, Rent ,19194.39,36,Other,6.92,No,WEST,19/03/2021,0
CR100860,74.0,Female,Married,,employed,14.9,22394.48,97.19,0.052,494.0,8,0,Yes,Mortgage,58666.6,60,Medical,9.3,No,West,22/12/2024,0
CR100051,29.0,Male,Widowed, PhD ,Employed,7.8,46505.86,1541.64,0.398,732.0,11,0,Yes,,2164.93,12,Home Improvement,7.01,No,North,2024-12-07,0
CR100258,28.0,MALE,Single,High School,Retired,17.3,69630.5,1069.28,,411.0,4,0,No, Rent ,26002.68,36,Car,22.42,No,South,2022-04-24,1
CR102990,44.0,Male, Divorced ,BACHELOR, Self-Employed ,13.4,22389.76,335.87,0.18,389.0,6,2,Y,Rent,4170.0,24,Car,12.6,No,North,25/02/2022,1
CR100103,18.0,Female,Married, Bachelor ,Employed,20.0,84702.17,2390.94,0.339,,5,1,No,Mortgage,46305.45,12,Home Improvement,16.93,No,North,07/03/2023,0
CR103415,41.0,Female,Divorced,HIGH SCHOOL,Employed,8.9,30057.73,99.48,0.04,,4,1,,,43722.57,36,HOME IMPROVEMENT,20.93,,Central,07-28-2022,0
CR103304,24.0,Female,Married,Master, Unemployed ,16.8,28464.22,528.78,0.223,686.0,19,0,NO,Mortgage,45853.72,36, Car ,11.93,No,North,09/09/2023,1
CR100776,42.0,Male,SINGLE,,Retired,8.1,65921.89,151.73,0.028,387.0,7,0,NO,Rent,22674.98,12,Home Improvement,8.8,No,North,2024-02-23,1
CR100799,43.0,Male,Divorced,Bachelor,Self-Employed,4.4,24950.05,410.7,,755.0,13,0,Yes,Mortgage,23302.36,24,Home Improvement,29.88,,West,23/01/2024,0
CR103182,61.0,Female,Married,,RETIRED,6.1,46721.59,540.4,0.139,837.0,12,1,No,Own,36968.02,60,Education,21.57,No,West,07/10/2024,0
CR101715,68.0,Female,Single,Bachelor,Employed,999.0,10853.6,282.15,0.312,698.0,1,1,No,MORTGAGE,58326.58,12,Other,10.12,No,South,08-17-2022,0
CR104262,34.0,MALE,Single,Bachelor,Employed,5.6,69716.03,726.28,0.125,441.0,19,1,No,Rent,14218.55,60,Medical,29.02,No,West,2021-09-10,1
CR102967,,Female,Divorced,High_School,Employed,0.0,43158.7,579.91,0.161,579.0,13,0,No,Rent,3582.2,60, Medical ,19.55,No,Central,02-14-2024,0
CR101792,37.0,Female,Single,High_School,Employed,6.7,13505.63,229.84,0.204,401.0,8,0,Yes,Mortgage,51169.31,60,Debt_Consolidation,14.18,NO,North,30/12/2023,0
CR104410,24.0,Female,Single,High School,Employed,1.8,40471.26,1716.77,0.509,584.0,1,0,1,,53837.1,12,Business,27.32,No,West,2022-11-15,1
CR103762,51.0,Male,Married,high school,Employed,0.0,108559.61,3040.24,0.336,630.0,15,1,NO,Rent,51335.51,36,Car,26.76,NO,Central,09/09/2023,1
CR103232,57.0,Female,Single,PhD,retired,1.9,31227.28,147.38,0.057,423.0,14,0,Yes, Own ,1774.32,48,Debt Consolidation,7.7,Yes,East,2023-01-08,0
CR102574,62.0, Male , Single ,Master,Employed,16.5,34624.97,1336.8,0.463,593.0,9,1,no,Mortgage,30031.9,24,Education,12.2,,South,2021-09-28,0
CR104012,57.0,Female,Single,Master,Self-Employed,0.0,33432.28,980.61,0.352,391.0,14,1,1,Other,55940.87,48,BUSINESS,24.3, No ,West,01-27-2022,0
CR102179,44.0,Male,Married,Bachelor,Employed,10.6,48382.44,1207.41,0.299,766.0,0,0, No ,Mortgage,28482.98,12,Car,15.23,No, Central ,09/05/2021,0
CR103518,57.0,Male,Single,,Employed,8.5,45952.73,1507.26,0.394,588.0,7,0,YES,Rent,40035.2,48,Debt_Consolidation,21.3,No,Central,2021-11-23,0
CR101841,23.0,Male,Married,Other,Retired,8.8,55419.82,808.74,0.175,548.0,19,1,0, Rent ,28520.95,24,Education,12.97,No,East,2021-08-28,0
CR102812,29.0,Female,Single,,Self-Employed,4.6,32951.2,396.8,0.145,692.0,10,0,1,Mortgage,46652.73,48,CAR,7.67,Yes,west,2022-04-27,1
CR101024,65.0,Female,Divorced,Master,Unemployed,19.3,18047.47,107.56,0.072,671.0,14,0,YES,Mortgage,13667.72,36,Car,24.28, No ,central,06-09-2024,0
CR102763,20.0, Male ,single,High School,Self-Employed,,24811.68,526.72,0.255,850.0,0,0, 1 ,,25526.63,24,car,5.67,no,SOUTH,02/03/2021,0
CR102949,48.0,female, Divorced ,High School,Retired,11.4,42547.13,1348.85,0.38,338.0,2,0,No,Rent,1130.6,48,Education,23.26,No,Central,2024-06-26,1
CR102270,36.0,female,Married,HIGH SCHOOL,Employed,6.1,39967.76,1318.2,0.396,557.0,17,0,No,Mortgage,2498.4,24,Debt Consolidation,27.95,no,South,2021-02-25,0
CR104367,26.0,Male,Single,High School,Employed,17.3,60453.88,838.44,0.166,540.0,2,0,No,Mortgage,27018.83,24,Education,14.26,No,WEST,05-08-2023,0
CR104355,65.0,Female,Single,Other,Self-Employed,8.3,63695.0,524.16,0.099,311.0,3,0,0,Rent,45935.67,36,Education,17.71,No,south,01-09-2022,1
CR101104,35.0,Male,Single,Bachelor,Employed,5.3,47436.51,1873.97,0.474,801.0,9,0, Yes ,mortgage,34783.74,12,Medical,27.71,No,North,08-15-2022,1
CR104092,39.0,Female,Widowed,bachelor,Self-Employed,9.8,49658.33,931.08,0.225,765.0,0,1,No,Rent,18055.91,60,Car,18.29,No,south,2024-04-23,0
CR102143,53.0,male,Married,Bachelor,self-employed,7.4,105727.86,2559.45,0.29,726.0,19,0,Yes,Rent,44549.01,48,Car,27.47,No,Central,2022-10-26,0
CR100892,48.0,male,Married,Bachelor,Unemployed,0.7,163566.64,3688.61,0.271,632.0,19,0,Yes,Mortgage,20475.59,24,Home Improvement,27.78,No,East,2023-10-12,0
CR104589,35.0,Female,Widowed,Bachelor,Employed,0.0,49553.18,92.75,0.022,663.0,10,0,No,Mortgage,44598.6,48,Car,28.23,NO,East,12-06-2021,0
CR100372,41.0,Female,Married, High School ,Employed,13.3,26032.98,477.29,0.22,773.0,19,1,No,Other,12354.25,60,Education,10.06,,Central,05-15-2021,0
CR101411,50.0,Female,,Master,Employed,0.0,41844.51,396.79,0.114,461.0,17,1,No,Rent,3175.01,36,Debt Consolidation,23.36,NO,EAST,06-30-2023,0
CR102823,74.0,FEMALE,Married, Bachelor ,Unemployed,11.7,48692.59,2042.35,0.503,,1,0,YES,Rent,26587.79,12, Car ,25.37,no,Central,26/04/2021,1
CR101776,37.0,female, Single ,Bachelor,Self-Employed,3.4,24228.11,443.35,0.22,737.0,7,0,0,Mortgage,58993.17,60,CAR,15.5,no,South,05-22-2021,1
CR100352,35.0,Female,MARRIED,Bachelor,Employed,14.5,14426.49,95.36,0.079,350.0,0,0,Yes,Rent,1853.86,60,Home Improvement,29.58,No,West,2023-03-17,1
CR101306,32.0,Female,Divorced,Master,employed,3.3,22218.38,668.3,0.361,739.0,12,0,No,Own,16941.64,48,CAR,8.41,No,East,04-02-2023,0
CR101092,66.0,Male,Single,High_School,Employed,14.5,16482.81,102.29,0.074,356.0,5,0,No,own,15636.54,12,Education,27.9,No,Central,20/10/2024,0
CR103817,64.0,Male, Single ,Bachelor,Employed,6.4,30555.25,731.6,0.287,603.0,2,0,No,Rent,13564.45,48,Home Improvement,21.13,No,East,2024-06-22,0
CR101107,70.0,Female,Married,,Self-Employed,8.0,31705.52,404.27,0.153,352.0,3,0,No,Rent,11832.62,24,Debt Consolidation,15.56,No, South ,16/06/2024,1
CR102637,61.0,Female,Married,phd,Employed,15.0,17211.18,213.6,0.149,553.0,9,1,No,Own,39272.34,36,business,21.2,No, North ,07-02-2023,0
CR103982,56.0,Female,single,HIGH SCHOOL, Self-Employed ,3.3,21972.79,329.31,0.18,752.0,0,2,No,Other,27233.68,48,Debt Consolidation,18.96,No,west,2024-01-02,0
CR102541,74.0,Female,Single,Bachelor,SELF-EMPLOYED,2.5,26665.81,853.18,0.384,659.0,5,1,Yes,Rent,31777.59,48,Business,28.44,Yes,South,28/05/2021,0
CR100832,44.0,male,Married,High School,Self-Employed,7.6,,959.98,0.299,,6,0,1,Mortgage,43136.2,24,Other,5.8,No,Central,10/11/2022,1
CR103422,52.0,Female,Single,Master,Employed,6.9,43310.38,135.67,,683.0,14,1,1,Own,22719.79,48,Debt Consolidation,25.25,No,south,04-06-2022,0
CR101824,62.0,Male,Married,Master,Employed,8.3,17374.7,587.05,0.405,526.0,19,1,No,Rent,4433.99,36,Car,6.54,No,Central,05/04/2024,0
CR101150,39.0,Female, Single ,high school,Employed,9.3,48359.89,2099.96,0.521,407.0,3,1,NO,Rent,32542.41,60,Business,12.09,No,South,31/07/2024,0
CR102986,,Male,Single,Bachelor,Unemployed,1.2,,669.13,0.172,609.0,11,1,N,Mortgage,18500.33,36,Debt Consolidation,15.05,No,East,04-21-2023,1
CR103865,63.0,MALE,Single,High School,Self-Employed,10.7,98161.89,3927.04,0.48,785.0,19,0,yes,Mortgage,37975.16,24,home improvement,5.21,No,North,11-23-2024,1
CR104093,43.0,Male, Married ,Master,Employed,16.5,25115.94,406.19,,621.0,19,0,Yes,,44744.06,12, Education ,23.37,No,NORTH,2023-09-25,0
CR101243,46.0,FEMALE,Married,High School,EMPLOYED,5.9,31246.04,96.45,0.037,757.0,12,0,Yes,Mortgage,32724.22,60,Debt_Consolidation,10.36,no,SOUTH,03-05-2024,0
CR101872,52.0, Male ,Married,High School,Employed,,85240.95,1115.01,0.157,569.0,17,2,No,Rent,58080.93,12,Education,6.34,No,East,2022-07-13,1
CR100764,38.0,MALE,Married,Bachelor,Self-Employed,0.0,14107.6,567.48,0.483,734.0,15,1,Yes,Rent,38303.98,60,Car,28.34,No,South,05-06-2022,0
CR104128,49.0,Male,SINGLE,Bachelor,Employed,2.2,57902.45,345.39,,749.0,17,0,Yes,Rent,36164.67,48,Debt_Consolidation,25.63,NO,South,2023-09-10,0
CR100450,73.0,Female,MARRIED,PhD,Self-Employed,0.0,121195.55,5193.24,0.514,564.0,6,1, Yes ,Mortgage,25311.23,12,Debt Consolidation,15.7,No,North,2022-07-20,0
CR100191,54.0,Male,Married,Bachelor,Retired,5.0,40741.52,310.57,0.091,,18,2,No,Rent,2849.28,48,Medical,25.46,No,South,12-27-2024,1
CR102575,37.0,Female,Single,High School,Self-Employed,1.2,16353.82,136.21,0.1,658.0,11,0,No,Mortgage,50832.46,12,Debt Consolidation,11.08,No,West,22/01/2024,1
CR100143,41.0, Female ,Married,Bachelor,Employed,0.5,37227.8,825.92,0.266,770.0,2,0,1,Mortgage,9831.76,12,Debt Consolidation,9.23,No,South,06/11/2024,0
CR104242,65.0,Male,Divorced,Bachelor,Employed,7.2,16105.26,195.47,0.146,589.0,9,0,No, Rent ,32873.35,36,Debt Consolidation,15.96,No,North,07/07/2024,0
CR102497,69.0,Female,Widowed,Master,Unemployed,14.7,112955.46,1729.7,0.184,520.0,0,0,,Mortgage,18695.55,60,Education,8.14,,North,02-15-2023,0
CR100638,63.0,Female,Divorced,High School,UNEMPLOYED,5.7,27889.02,204.61,0.088,370.0,2,1,y, Rent ,7200.48,36,Home Improvement,8.07,No,Central,25/08/2024,1
CR102222,19.0,Male,Single,Bachelor,Self-Employed,5.4,30309.57,70.64,0.028,681.0,7,0,No,MORTGAGE,3787.78,12,Debt Consolidation,24.14,No, West ,05-27-2023,0
CR100195,23.0, Male ,Married,Master,Employed,7.2,25436.02,607.66,0.287,633.0,17,0,NO, Mortgage ,5183.71,12,car,14.4,No,Central,03/12/2021,0
CR100380,18.0,Male,Divorced,Bachelor,Employed,12.3,211351.78,7624.85,0.433,519.0,12,1,no,Mortgage,34573.14,48,Car,20.0,No,West,2024-01-06,1
CR101492,0.0,Male,Single,HIGH SCHOOL,Employed,8.7,57996.27,1177.37,,513.0,13,1,No,Own,45959.09,48,Car,13.61, No ,South,2023-10-15,0
CR100495,41.0,FEMALE,Divorced,PhD,Unemployed,6.8,39756.91,1679.35,0.507,540.0,16,0, No ,Rent,30368.3,48,Education,13.62,No,WEST,2022-05-18,1
CR102264,24.0,Female,married,Bachelor,Retired,11.8,84287.34,1459.7,0.208,390.0,19,1,NO,,6400.9,24, Business ,14.96,No,Central,2023-02-03,0
CR103947,39.0,Male,Widowed,High School,Employed,9.8,78835.85,730.31,0.111,595.0,19,0,Yes,Rent,48145.85,12, Education ,16.5,No,CENTRAL,07-09-2021,0
CR103456,61.0,Female,Married,master,Employed,,63899.55,1763.83,0.331,,2,0,Yes,Other,32839.7,48,Medical,25.78,No,West,23/10/2021,1
CR101055,75.0,Female,WIDOWED,Other,Self-Employed,0.0,27865.68,367.36,0.158,441.0,18,0,No,Mortgage,2879.01,12,Debt Consolidation,9.02,,SOUTH,2022-08-04,1
CR101854,24.0,Female,Married,High School, Employed ,21.5,45925.33,1674.95,0.438,636.0,10,0,Yes,Own,14537.81,60,Car,27.67,No,East,06-20-2022,0
CR104514,70.0,Male,SINGLE,High School,Employed,11.0,100662.53,1165.95,0.139,602.0,6,1, Yes ,Mortgage,8471.49,48,Education,28.17,No,East,10-26-2023,1
CR103466,49.0,Female,Single,Bachelor,employed,13.2,24793.33,190.89,0.092,,9,2, Yes ,Mortgage,11606.62,48, Other ,10.32,No,East,02-07-2022,0
CR103458,66.0,Other,married,High_School,Employed,10.9,51244.69,2281.64,0.534,813.0,12,0,No,,58899.39,60,Debt Consolidation,18.6,No,west,09-10-2021,0
CR100834,67.0,Male,Single,PhD, Employed ,9.2,23206.56,911.11,0.471,319.0,17,2,No,Own,37390.57,48,DEBT CONSOLIDATION,8.92,No,North,26/03/2021,1
CR103220,58.0,Female,Single, Master , Employed ,5.5,22595.61,949.42,0.504,690.0,2,0,No,Mortgage,45745.15,24,Other,11.58,No,West,27/02/2024,0
CR104121,72.0,Female,Single,High School,Self-Employed,6.2,35897.68,1061.91,0.355,815.0,17,1,Yes,Own,43697.13,24,Business,24.28,No,West,08/06/2024,0
CR104483,21.0,FEMALE,Single, Other ,Employed,13.1,14315.23,173.58,0.146,848.0,14,0,NO,,15690.75,36,business,29.81,No,North,2024-10-11,0
CR101755,36.0,Female,Married,Other,Retired,11.7,14311.4,177.95,0.149,506.0,2,0,N,Mortgage,51984.41,36,Debt_Consolidation,19.64,No,South,10/10/2022,0
CR100499,42.0,Female,SINGLE,Bachelor,Employed,0.0,56522.42,2429.58,0.516,370.0,10,0,No,Mortgage,52678.09,36,Other,7.18,No,Central,08-01-2022,0
CR100009,23.0,Male,married,High School,Unemployed,8.4,,712.02,0.156,842.0,16,0,No,Rent,41696.59,12,Medical,12.76,No,South,2023-12-10,0
CR101050,47.0,Female,,Bachelor,Employed,10.0,26727.77,261.5,0.117,742.0,0,1,Yes,Rent,33398.74,60,Other,7.53,No,West,2022-09-12,0
CR100739,70.0,Male,Widowed,Bachelor,UNEMPLOYED,7.2,,423.99,0.301,458.0,6,0,No,Rent,34594.24,36, Debt Consolidation ,14.92,No,South,07-21-2024,1
CR102883,20.0,Male,Divorced,Master,Self-Employed,10.1,75093.94,264.5,,639.0,10,1,yes,Own,57011.27,12, Other ,10.89,No,Central,01/01/2023,0
CR103858,36.0,Male,,High School,Employed,0.8,48604.57,1817.34,,,5,1,No,Rent,6994.13,12,home improvement,15.56, Yes ,South,2022-02-28,0
CR100381,72.0,female, Married ,High School,Self-Employed,0.0,9392.33,287.61,0.367,368.0,12,0,Yes,,27219.25,24,Other,21.72,No,North,2024-09-22,0
CR100045,,Male,, Master ,Unemployed,18.5,57804.68,122.66,0.025,368.0,4,2,NO,Own,17703.85,12,debt consolidation,29.19,No,Central,01/05/2021,1
CR103629,66.0,Male,Single,Other,Self-Employed,10.4,29293.75,1259.93,0.516,323.0,1,1,,Rent,3393.25,36,Home Improvement,14.17,No,South,2024-12-07,1
CR100911,28.0,Male, Married ,Other,EMPLOYED,11.5,20144.61,59.54,0.035,462.0,16,0,Yes,Mortgage,58943.21,36,Business,12.45, No ,west,28/06/2021,0
CR104293,23.0,male,Single,Master,Self-Employed,8.2,24090.54,306.69,0.153,626.0,11,0,Y,Mortgage,53379.87,60,Other,12.45,No,South,04-24-2022,0
CR101286,70.0,Male,Married,PhD,Retired,1.0,22724.41,205.7,0.109,824.0,0,0,YES,,48044.68,36,Medical,23.95, No ,West,05-17-2024,0
CR101878,60.0,Male,Single,High School,Employed,1.3,77556.61,2034.47,0.315,508.0,18,0,Yes,Rent,24081.01,36,Other,18.91,No,North,05-26-2023,0
CR102253,47.0,MALE,Widowed,Bachelor,Employed,5.6,45893.23,652.91,0.171,332.0,18,1,no,Rent,19855.71,60,Home Improvement,22.56,,South,2022-05-09,0
CR104324,74.0,Male,Single,Bachelor, Employed ,10.5,44794.29,1898.22,0.509,789.0,7,0,yes,Mortgage,46613.55,48,Car,21.66,no,EAST,23/04/2024,0
CR102395,56.0,Female,SINGLE,Bachelor,retired,7.0,28653.26,313.91,0.131,481.0,11,0,No,Own,26295.34,24,Business,18.4,No,Central,19/05/2021,0
CR103004,58.0,Female,Married,PhD,Employed,,19914.89,474.72,0.286,350.0,15,0,Yes,Rent,49092.37,60,Medical,23.82,No,Central,2021-06-08,0
CR100079,56.0,Female,Divorced,High School,Employed,2.9,10937.02,363.18,0.398,427.0,3,0,N,Own,11627.81,12,home improvement,6.7,No,North,2023-06-13,1
CR100968,999.0,Male,married,High School,Employed,12.2,84910.28,1621.53,0.229,325.0,10,1,NO,Own,31909.73,24,Medical,5.39,No, Central ,21/04/2023,0
CR103055,45.0,Female,Divorced,High School,Employed,6.9,54352.96,642.16,0.142,388.0,4,0,No,,40931.11,60,medical,23.8,No,South,20/03/2024,0
CR101462,20.0,FEMALE,Single, Bachelor ,Employed,3.7,35204.63,306.32,0.104,631.0,9,0,No, Own ,4236.52,60,business,10.36,No,East,08-23-2022,0
CR100302,18.0,Female,Married,bachelor,Self-Employed,5.4,17569.55,214.94,,660.0,17,1,No,Rent,47145.66,36,Debt Consolidation,17.79,No,South,03-29-2023,0
CR100568,55.0,Male,Divorced,,Employed,0.0,34707.21,439.26,0.152,359.0,4,0, No ,Mortgage,20299.26,36,Business,8.25,No,West,2022-03-27,0
CR101067,55.0,Male,Divorced,Master,Employed,6.2,45210.78,1529.7,0.406,368.0,18,1,No, Rent ,48469.58,36,Car,24.08,No,south,01-14-2024,0
CR102067,70.0,Female,Single,,Unemployed,7.5,28263.0,662.13,0.281,500.0,18,0,No,Mortgage,5369.43,60,Car,10.59,No,Central,05-10-2024,0
CR103958,23.0,Female,Single,High School,Self-Employed,,21247.02,368.83,0.208,367.0,7,0, No ,Rent,37261.42,48, Debt Consolidation ,7.91,No,East,05/12/2022,0
CR101952,22.0,Male,Single,Bachelor,Employed,7.7,30555.69,863.02,0.339,800.0,2,1,No,Mortgage,27409.7,12,Education,19.05,No,west,04-13-2022,0
CR103709,67.0,Male,Single,Master,Retired,9.2,29157.68,936.41,0.385,760.0,9,0,no,,9737.3,48,Car,24.92,No,North,2023-08-05,0
CR101189,18.0,Female,Single, High School ,Employed,9.9,67491.05,2179.15,0.387,459.0,10,0,No,Own,53786.5,36,Medical,13.85,no,North,2023-09-10,1
CR102289,42.0,Male,Single,Master,self-employed,2.7,,1763.68,0.448,731.0,18,0,Y,Rent,35297.07,60,Debt Consolidation,20.61,No,Central,13/11/2022,0
CR100065,36.0,Male,Single,High School,Self-Employed,0.0,58557.56,1630.34,0.334,482.0,4,1,No,Rent,59936.62,36,Medical,17.48,Yes, East ,02-05-2021,1
CR102947,46.0,Female,Divorced,,Employed,4.3,45727.5,1764.07,0.463,472.0,7,0,Yes,Mortgage,43532.48,60,Other,29.7,No,EAST,09/02/2021,0
CR100005,67.0,Male,Divorced,,employed,0.0,33958.85,1539.77,,491.0,19,1,0,Rent,29288.86,12,Medical,6.97,Yes,West,2023-02-26,0
CR100015,63.0,Male,Married,, Employed ,14.1,39865.25,567.96,0.171,572.0,17,0,No, Own ,48084.52,36,Debt Consolidation,11.92,Yes,North,18/04/2022,0
CR101967,45.0, Female ,Single,Other,Employed,19.6,55008.54,2014.55,0.439,667.0,4,1, No ,Mortgage,9407.0,24,Home Improvement,8.21, No ,South,18/10/2021,0
CR102498,19.0,Female,Single,Master,Employed,8.3,52953.47,663.15,0.15,399.0,15,0,No,Rent,14399.09,24,Car,25.0,No,West,2023-07-12,1
CR100025,55.0,Female,, Bachelor ,Employed,7.7,139457.27,3220.91,,400.0,15,0,Y,Own,12016.9,36,Debt Consolidation,8.88,No,Central,06/02/2023,0
CR102657,33.0,Female,Single,High School,Employed,5.8,38705.3,1070.9,0.332,318.0,5,1,Yes,Other,58845.57,36,Education,25.92,No,South,2022-10-02,1
CR104061,19.0,Female, Single , High School ,retired,20.2,67686.27,2880.83,0.511,543.0,16,0,yes,MORTGAGE,25300.05,48,Debt Consolidation,9.5,No,NORTH,2023-03-27,0
CR100963,30.0,Female,single,Bachelor, Employed ,0.0,74418.21,2545.22,,778.0,7,0,0,Rent,31689.18,12,Home Improvement,9.87,No,NORTH,05-05-2022,0
CR101593,19.0,Male,married,master,Self-Employed,12.3,92649.02,1306.25,0.169,684.0,11,2,yes,,46272.14,24,Home Improvement,6.5,Yes,East,21/02/2021,1
CR103308,19.0,Male,,Bachelor,Employed,8.3,57213.82,2267.27,0.476,317.0,16,1,0,Mortgage,16422.95,12,Business,19.69, No ,South,2022-01-04,0
CR101538,58.0,MALE,,Bachelor,Employed,7.1,40214.13,166.05,0.05,563.0,1,0,Yes,Own,19014.88,36,Debt Consolidation,11.57,No,North,01-28-2021,1
CR102273,44.0,Other,Single,Bachelor, Unemployed ,15.6,63950.95,1170.12,0.22,401.0,1,1,Yes,,33110.46,24,Car,5.96,Yes,East,22/02/2022,0
CR103012,20.0,Male,Divorced,PhD,Employed,14.2,14835.4,368.21,0.298,818.0,6,0,No,Own,7898.01,36, Car ,7.31,No,East,04-23-2022,0
CR101494,41.0,Male,divorced,BACHELOR,Retired,,36107.14,1222.15,0.406,840.0,4,0,No,Mortgage,1583.18,36,Medical,4.71,No,north,2021-02-16,0
CR102256,64.0,Female,Married,High School,Retired,,43791.21,543.81,0.149,542.0,11,0, No ,Other,30842.34,24, Home Improvement ,20.7,,Central,14/11/2022,0
CR102660,43.0,Male,Single, Bachelor , Employed ,0.2,31820.37,778.19,0.293,520.0,18,0,No,Rent,25221.32,12,Car,20.51,No,EAST,07-23-2021,0
CR104046,44.0,Female,Married,Bachelor,Employed,5.6,13186.13,305.42,0.278,664.0,5,1, Yes ,Mortgage,7584.87,60,Debt Consolidation,6.5,Yes,North,04-10-2023,0
CR101348,60.0,Male,Married,PhD,Retired,2.9,57341.69,2165.68,0.453,300.0,19,1,0,Mortgage,42238.55,24,Home Improvement,13.91,, East ,22/02/2023,1
CR103729,55.0,Female,Married,High School,Unemployed,11.3,62173.81,1026.25,0.198,808.0,9,0,n,Rent,5660.2,60,Home Improvement,20.31,No,West,15/04/2021,0
CR102539,46.0,Female,SINGLE, High School ,Employed,1.1,33828.94,1288.48,0.457,488.0,8,0,0,,38448.67,24,HOME IMPROVEMENT,23.05,,central,10-08-2024,0
CR101961,75.0,Male,Single,High School,Self-Employed,10.3,17173.64,441.68,,495.0,14,1,Yes, Own ,33488.4,60,DEBT CONSOLIDATION,11.4,No, West ,06/09/2022,0
CR104200,57.0,Male,Married,,Self-Employed,7.7,38549.9,256.81,0.08,362.0,7,0, Yes ,Mortgage,3667.1,24,debt consolidation,16.04,No,North,10-22-2024,0
CR103740,31.0,Male,widowed,Bachelor,Unemployed,0.0,27197.02,439.8,0.194,,6,0,No,,38502.12,36,Car,23.72,Yes,Central,09-16-2023,1
CR103866,48.0,Female,Single,Bachelor,Employed,0.0,29033.09,1139.34,0.471,785.0,6,0, Yes ,Mortgage,1919.14,24,Car,17.23,No,Central,05-30-2023,0
CR103612,53.0,Male,Single,Bachelor,Self-Employed,12.2,29540.64,1260.06,0.512,644.0,6,0,No,Rent,14016.64,24,home improvement,8.51,Yes,East,07-24-2024,1
CR103953,44.0,Female,Married,Bachelor,Retired,0.0,15226.52,380.72,0.3,315.0,3,0,Yes,Mortgage,36108.89,60,DEBT CONSOLIDATION,20.68,No,Central,10-13-2023,0
CR100935,72.0,Male,Single,Bachelor,Retired,16.7,54245.63,2049.6,0.453,578.0,2,0,N, Rent ,52591.05,24,Debt Consolidation,13.98,No,Central,07/06/2021,0
CR100075,45.0,Male,Single,Bachelor,Employed,7.6,12110.97,496.27,0.492,619.0,8,0, Yes ,Own,22188.94,36,Other,26.82,Yes,Central,06-10-2021,0
CR102819,59.0,Female,Single,Bachelor,Employed,0.0,72817.49,760.42,,478.0,6,1,1,Rent,20069.99,48,EDUCATION,27.68,No,North,09-21-2021,0
CR103046,60.0,Female,,High School,Unemployed,3.5,16651.5,254.23,0.183,386.0,10,1,No,Rent,29983.61,12,Business,19.26,No,North,08/05/2024,0
CR100259,52.0,female,Married,Bachelor,Employed,14.9,79367.98,2508.83,,829.0,4,1,1,Own,54722.8,36,Education,24.54,No,South,05-13-2022,0
CR102312,47.0, Female ,Single,Master,Unemployed,,37438.01,1661.67,0.533,341.0,7,0,Yes,Mortgage,31059.33,48,Debt Consolidation,24.1,No,North,25/10/2021,1
CR102717,58.0,Female,Single,High School,Employed,8.7,19089.47,404.77,0.254,532.0,14,0,No,Own,33607.28,48,DEBT CONSOLIDATION,29.71,No,Central,08/01/2024,0
CR100295,48.0,Female,Married,high school,SELF-EMPLOYED,9.1,52356.81,218.5,0.05,337.0,8,1,1,,39559.39,48,Car,10.36,, Central ,14/08/2021,1
CR102950,19.0,Female,Married,High School,Retired,8.8,22520.88,185.33,0.099,368.0,19,1,No,,13786.48,36,Other,18.96,No,North,06-14-2021,1
CR102623,71.0,FEMALE,Single,Master,Retired,6.6,,120.87,0.064,327.0,17,0,Yes,Rent,3097.59,60,Business,28.44, Yes , Central ,28/10/2023,1
CR100803,71.0, Male ,single,High School,RETIRED,0.0,51549.45,981.08,0.228,564.0,17,0,,Own,47341.39,36,Education,9.43,No,EAST,2024-02-25,0
CR100865,58.0, Female ,Divorced,Bachelor,Employed,14.0,75254.14,2267.07,0.362,398.0,17,1,No,Rent,43448.5,60,CAR,5.89,No,South,2021-06-06,0
CR100633,,Male,Divorced,High School,Employed,,58485.61,617.03,0.127,803.0,11,0,No,Own,12416.08,12, Debt Consolidation ,15.5,Yes,East,07-05-2024,0
CR101875,24.0,Female,Married,Bachelor, Employed ,,39700.44,1266.3,0.383,373.0,18,0,No,Rent,15190.1,24,business,21.21,No,Central,02-11-2021,0
CR103645,48.0,Male,Divorced,Bachelor,Employed,1.4,33332.3,584.62,0.21,695.0,18,0,Yes,Rent,30673.86,36,Car,5.83,no,South,2023-12-20,0
CR103548,35.0,Female,Single,High School,Employed,0.0,173365.51,5563.97,0.385,,18,0,No,,23120.96,12,Debt Consolidation,24.24,Yes,South,03-31-2022,1
CR103453,38.0,Male,,master,Employed,7.6,15016.29,602.92,0.482,480.0,14,0,yes,Rent,43371.28,24,Education,28.26,No,WEST,11/07/2021,0
CR104280,45.0,Male,Married,Bachelor,EMPLOYED,0.0,44622.45,135.49,0.036,303.0,6,0,0,Own,49181.33,12,Home Improvement,20.91,No,South,17/10/2024,1
CR102446,62.0,Male,,High School,Unemployed,12.4,50370.67,616.15,0.147,688.0,3,0,No,Mortgage,31992.64,36,Debt Consolidation,27.79,No,West,08-12-2022,0
CR103170,54.0,MALE,Single,Master,Employed,10.3,33264.21,1200.07,0.433,461.0,15,0,No,OWN,31966.7,36, Debt Consolidation ,19.97,No,North,2021-06-09,1
CR100906,,Female,Married,OTHER,EMPLOYED,0.0,20640.87,636.52,0.37,,4,2,No,Other,55791.83,24,Home Improvement,10.52,No,West,04-05-2023,1
CR103106,67.0,Female,Divorced,Master,SELF-EMPLOYED,0.0,27554.67,1039.32,0.453,535.0,12,2,Yes,Rent,45739.05,60,Debt Consolidation,7.66,No,East,2024-09-21,1
CR103062,40.0,Male,Married,Master,Unemployed,9.3,9956.06,107.42,0.129,605.0,15,0, No ,Own,49867.09,36,EDUCATION,14.44,No,North,2022-10-15,0
CR100556,60.0,Female,Married,High School,UNEMPLOYED,6.5,19051.25,63.41,0.04,725.0,9,1,No,Rent,33934.1,48,Home Improvement,14.53,No,south,12/06/2021,0
CR100571,42.0,Female,Single,Bachelor,EMPLOYED,4.4,34242.23,680.73,0.239,748.0,11,0,Yes,Mortgage,35208.39,24,Car,11.47,no, North ,2022-04-22,0
CR103993,34.0,Female,Widowed,High School,Employed,4.5,30753.93,299.36,,589.0,6,0,No,Mortgage,44974.1,24, Debt Consolidation ,10.59,No,West,2023-10-28,1
CR101191,,Other,Married,Bachelor,Retired,10.8,19571.13,199.16,0.122,710.0,9,1,Yes,Mortgage,56524.34,12,Business,17.99, No ,Central,2022-06-21,0
CR103761,47.0,Male,Divorced,Master,Employed,9.1,14317.69,100.0,0.084,563.0,19,0,Yes,Rent,39316.97,12,Education,8.55,No,Central,2024-12-18,1
CR100090,43.0,Male,Single,HIGH SCHOOL,Employed,4.9,57395.75,1194.0,0.25,693.0,6,1,No,Rent,57100.69,12,Home Improvement,18.37,No,South,2021-01-10,0
CR101909,72.0,Male,Married,Bachelor,Retired,8.4,29415.29,319.73,0.13,699.0,8,0,No,Mortgage,20275.5,24,Education,4.76,No,North,2021-05-23,0
CR101835,25.0,Male,SINGLE,High School,Retired,6.0,51494.39,254.73,0.059,725.0,3,0,No,Rent,55823.59,12,Debt Consolidation,21.96,Yes,west,12-27-2021,0
CR100375,23.0,Male,Single,High School,self-employed,12.7,11561.79,470.52,0.488,558.0,13,2,No,Rent,48337.65,12,Debt_Consolidation,23.08,No,West,14/09/2021,0
CR100690,75.0,Female, Married ,Bachelor,Unemployed,0.0,67311.89,2549.56,0.455,708.0,13,1,Yes,RENT,20451.77,48,Other,16.6,No, North ,05-21-2023,0
CR100181,26.0,Female,,,Employed,9.9,19575.59,730.06,2.3371852548820815,489.0,8,0,NO, Rent ,17463.92,12,Medical,29.43,No,East,2021-05-31,0
CR100382,72.0,Female,Married,High School,Employed,10.8,42934.18,760.59,0.213,732.0,1,1,No,Own,55600.14,12,Other,22.51,Yes, Central ,08-19-2022,0
CR102399,-5.0,Female,Single,Bachelor,Employed,8.2,46496.51,1942.47,0.501,731.0,18,0,No,Own,24477.78,12, Debt Consolidation ,11.8,No,East,04/11/2021,0
CR103476,49.0,Female,,Bachelor,employed,20.6,36553.02,698.68,0.229,341.0,13,0,NO,Own,21628.94,12,Car,29.41,no,East,09-01-2024,0
CR102996,35.0,Male,Single, High School ,Self-Employed,12.3,15276.76,321.75,0.253,,6,0,No,Mortgage,51304.91,36,Business,7.55,yes,South,01-26-2024,1
CR102364,,Male,DIVORCED,Other,Unemployed,13.7,27582.43,961.45,0.418,617.0,4,0,,Other,39262.34,48,Education,19.37,Yes,South,2021-11-10,1
CR103050,66.0,Male,Widowed,HIGH SCHOOL,Employed,12.7,38808.91,994.17,0.307,359.0,14,0,no,Rent,13630.95,48,Business,16.64,No,West,2022-04-07,1
CR101840,42.0,Female,Single,Bachelor,Employed,5.8,25803.34,529.07,0.246,597.0,6,0,,Own,56548.35,48,Debt Consolidation,10.32,NO,Central,27/05/2021,0
CR104268,20.0,Male,Single,Master,Employed,9.3,92009.56,3795.3,0.495,488.0,8,1, No ,Rent,17614.75,36,Debt Consolidation,21.1,no, South ,2022-08-17,1
CR100520,38.0,Male,Married,PHD,Employed,14.7,36903.95,110.5,0.036,375.0,11,0,,Own,45653.37,12,Debt Consolidation,25.52,No,Central,2024-07-15,1
CR101215,,FEMALE,Single,PhD,SELF-EMPLOYED,3.7,,3313.43,0.465,617.0,6,1,Yes,Own,18225.43,60, Debt Consolidation ,28.99,No, North ,2021-05-06,1
CR100012,60.0,Male,married,High School, Employed ,7.9,43058.51,1435.27,0.4,551.0,15,0,Yes,Rent,40333.62,12,Debt Consolidation,25.18,No,EAST,02-03-2021,0
CR102708,60.0,male,married,PhD,Unemployed,10.0,67824.56,2333.42,0.413,524.0,4,0,No,Rent,28406.32,36,Other,25.13,No,central,07-14-2024,1
CR100347,72.0, Male ,Single,High School,Employed,6.0,34769.95,816.84,0.282,445.0,16,1,Yes,Mortgage,35340.99,24, Debt Consolidation ,21.35,No,East,2024-08-06,0
CR102636,37.0,Male,Married,Master,Employed,5.8,28822.87,579.58,0.241,648.0,6,0,1,,8516.57,12, Medical ,15.43,no,West,12-15-2024,0
CR101886,55.0,Male,Divorced,High School,Employed,0.0,30285.33,1293.75,0.513,434.0,14,0,no,Mortgage,46956.49,36,Business,28.62,No,East,11/08/2024,1
CR100216,22.0,Male, Married ,Bachelor,Employed,6.9,40090.56,1423.88,0.426,,13,2,No, Rent ,51440.57,48,Home Improvement,12.47, No ,South,2021-01-11,0
CR101235,38.0,Female,Single,HIGH SCHOOL,Employed,13.1,41632.09,623.43,0.18,318.0,9,0,Yes,Rent,29587.12,36,Business,25.64,No,North,2023-12-24,0
CR102008,63.0,male, Married ,,Employed,5.6,46125.46,2008.99,0.523,337.0,7,0,Yes,Rent,55516.48,12,debt consolidation,20.01,No,North,09-17-2022,0
CR102902,68.0,Female,Single,High School,Unemployed,,54379.85,1565.69,0.346,619.0,17,1,0,Mortgage,19415.89,24, Debt Consolidation ,11.53,No,Central,07/03/2022,0
CR103200,71.0,Male,Single,Master,Employed,3.8,53725.4,2140.11,0.478,439.0,15,1,No,mortgage,1650.77,36,Home Improvement,11.84,,Central,21/10/2022,0
CR101158,40.0,MALE,Single,Other,Employed,6.3,42960.83,1201.87,0.336,,1,2,Yes,Rent,35645.58,36,Business,19.97,No,North,2024-11-01,0
CR104192,60.0,Male,Married,bachelor,Retired,11.9,81203.51,729.61,0.108,425.0,13,0,,,42126.17,36,Car,10.55,No,South,27/02/2023,0
CR101674,59.0,Male,Married, Master ,Retired,14.2,24371.06,446.23,0.22,424.0,8,1,Yes,Mortgage,37893.91,48,Medical,8.62,,EAST,09-24-2022,1
CR101221,50.0,Male,Single,Bachelor,Employed,,41430.83,1265.24,0.366,502.0,0,0,No,Other,18203.88,36,Debt Consolidation,18.08,Yes,Central,2021-11-15,0
CR103335,31.0,Female,Single,high school,Retired,5.9,82857.38,1651.28,0.239,333.0,0,0,no,Other,39790.11,48,Debt Consolidation,26.75,,North,12-04-2021,1
CR101888,21.0,Female,Divorced,Master,Self-Employed,6.2,24781.15,243.71,0.118,632.0,6,1,NO, Mortgage ,16999.77,60,Education,12.17,No,North,2024-05-26,0
CR100912,39.0,Male,Married,Master,Employed,9.3,21866.07,547.04,0.3,369.0,10,0,Yes,Mortgage,35015.06,48,BUSINESS,15.99,No,South,03-14-2022,1
CR100898,22.0,MALE,Married,High School, Self-Employed ,5.5,75202.13,173.79,0.028,465.0,11,1,0,MORTGAGE,46059.14,24, Home Improvement ,24.6,No,Central,2021-12-03,0
CR100033,50.0,Female,married,Bachelor,Unemployed,,43674.86,461.39,0.127,540.0,11,2,No,Own,29066.88,48,Home Improvement,15.99,No,East,08-20-2023,0
CR101657,68.0,FEMALE,Single,Other,Employed,17.0,40579.66,506.54,0.15,771.0,2,1,No, Rent ,19774.74,12,Home Improvement,26.83,No, East ,05-21-2022,0
CR103410,22.0,Female,Married,Master,Employed,7.5,39875.99,1108.95,0.334,595.0,3,1,no,MORTGAGE,27450.25,12,Medical,10.88,No,South,2021-05-25,0
CR100959,41.0,Male,Single,bachelor, Employed ,6.5,86137.93,2121.53,0.296,398.0,14,0,No,Mortgage,23592.0,12,Debt Consolidation,8.22,NO,Central,04-06-2022,0
CR100264,75.0,Male, Single ,bachelor,EMPLOYED,5.7,30247.89,1200.47,0.476,588.0,6,1,No,,14303.65,12,Home Improvement,18.34,No,west,2024-05-14,1
CR102055,39.0,male,Divorced,OTHER,Employed,13.4,59683.96,969.17,0.195,507.0,17,0,No,Rent,48302.14,12,Debt Consolidation,16.26,No,East,03/03/2022,0
CR100054,46.0,female,Divorced, Bachelor ,SELF-EMPLOYED,5.4,43045.2,1784.97,0.498,840.0,2,0,No,Mortgage,3071.94,60,Car,29.61,No,North,08-12-2023,0
CR100862,24.0,Male,SINGLE,Bachelor,Employed,9.8,26667.48,531.6,0.239,565.0,14,3,No, Mortgage ,51978.94,60,Debt Consolidation,12.35,No,Central,13/03/2022,0
CR101528,19.0,Male,Divorced,High School,Employed,15.1,49929.16,627.38,0.151,503.0,9,0,No,Own,38540.28,48,Education,18.41,No,East,01-24-2022,1
CR100986,53.0, Female ,Married,,Employed,2.6,59572.52,578.58,0.117,311.0,13,1, Yes ,Rent,17408.43,60,Debt Consolidation,24.07,No,north,24/05/2021,1
CR101430,,Male,Married,High School,Employed,0.9,25656.56,526.72,0.246,760.0,10,0,No,,30494.98,60,Debt Consolidation,4.69,No,Central,02/01/2022,0
CR104234,33.0,Female,,High School,Employed,10.6,43516.42,1440.37,,716.0,18,1,Yes,Rent,2870.59,24,Home Improvement,7.68,No,WEST,2022-03-10,1
CR101276,56.0,Female,,Bachelor,Unemployed,13.6,53756.66,1294.04,0.289,364.0,17,1,Yes,Other,54040.46,12,home improvement,19.95,No,West,2022-08-30,0
CR100386,21.0,Male,Single,Bachelor,Employed,5.7,39434.01,504.84,0.154,669.0,10,0,Yes,Mortgage,45253.78,48,Debt Consolidation,14.61,No,Central,09/06/2021,0
CR101692,56.0,Female,Single,Master,Unemployed,,62279.31,2832.46,0.546,319.0,15,0,NO,Rent,53996.24,36,Home Improvement,7.19,Yes,East,25/02/2021,1
CR101653,52.0,Male,Married,High School,Employed,10.5,13777.5,56.54,0.049,353.0,10,0,,Own,57356.65,48,Medical,8.39,,East,09-18-2022,1
CR100342,54.0,Female,Married,bachelor,Employed,2.8,50658.15,619.45,0.147,428.0,4,0,No,Own,36769.4,36,Debt_Consolidation,28.61,Yes,North,03-18-2022,0
CR102925,28.0,Male,Single,Bachelor,Employed,2.2,82203.66,357.77,0.052,582.0,0,0,No,,27289.05,12,Other,27.67, No , North ,18/01/2022,0
CR104498,32.0,FEMALE,Married,High School, Employed ,15.0,120439.65,5426.03,0.541,790.0,8,0,Yes,Rent,32341.35,36,Debt Consolidation,11.32,No,East,18/04/2023,0
CR103469,68.0,Female,Divorced,High School,Retired,0.0,,1899.69,0.495,525.0,6,0,No,RENT,33946.52,24,Business,10.27,No,West,05-10-2024,0
CR100626,37.0,Female,,HIGH SCHOOL,Self-Employed,5.6,25049.37,186.61,0.089,,4,1,,Mortgage,22282.46,48,home improvement,26.46,No,North,2023-03-26,0
CR100784,45.0, Male ,Single,bachelor,EMPLOYED,10.3,51882.86,1799.01,0.416,404.0,17,0,Yes,Own,50723.99,24,Other,23.57,No,North,17/03/2023,0
CR101085,66.0,MALE,Married,PhD,Employed,11.4,10588.49,443.52,,803.0,13,0,NO,,58538.41,36,Debt Consolidation,9.77,No,South,05-20-2021,0
CR100725,24.0,Female,Single,Bachelor,Employed,2.8,112447.88,3940.55,0.421,497.0,12,0,,Mortgage,19000.11,12,Home Improvement,18.5,Yes,Central,2021-01-09,1
CR104161,40.0,Female,Married,Master,Employed,7.8,85689.98,1695.66,0.237,741.0,14,0,No,Own,41700.72,12,home improvement,24.6,NO,North,24/12/2021,0
CR101986,65.0,Female,MARRIED,High School,Employed,,28647.95,938.5,0.393,352.0,4,1,Yes,Rent,18723.11,36,Debt Consolidation,27.0,,South,10-24-2021,1
CR101291,67.0,Female,Married,high school,employed,16.1,43950.11,1621.71,0.443,735.0,15,0,Yes,Rent,25127.72,36,Home Improvement,7.32,No,North,04-16-2023,0
CR102240,30.0,Male,Married, High School ,Employed,0.0,27687.91,645.84,0.28,484.0,15,0,Yes,Mortgage,22139.47,60,Car,20.94,,South,2024-12-09,1
CR103225,62.0,Female,single,Bachelor,Employed,1.8,30343.41,107.01,0.042,511.0,18,0,No,Mortgage,9287.82,60,Home Improvement,26.45,Yes,North,01-12-2021,1
CR104291,71.0,Male,,,Retired,0.0,22884.88,902.6,0.473,747.0,2,0,0,MORTGAGE,59868.35,60, Education ,14.15,No,West,2021-06-24,1
CR104586,,Other,Divorced,Master,Retired,0.0,56154.17,870.61,0.186,,19,1,no,RENT,4305.22,48,Home Improvement,8.54,No, South ,07-23-2021,0
CR100404,46.0,Female,WIDOWED,Bachelor,Employed,16.5,37202.11,1391.89,0.449,621.0,16,0,0,own,22699.7,12,Debt Consolidation,26.51,Yes,north,13/07/2022,1
CR100263,71.0,MALE,Single,High School,Employed,6.5,9722.84,110.82,0.137,468.0,6,0,1,Rent,35587.22,24,debt consolidation,23.92,No,Central,2021-08-07,1
CR102934,64.0,Female,Married,High School,Employed,5.3,16758.87,425.42,0.305,410.0,17,2,No,Rent,19833.07,48,Home Improvement,17.84, No ,South,2024-04-29,0
CR100596,51.0,Male,Single,High School,self-employed,10.8,123340.88,2928.24,0.285,442.0,19,0,No,Mortgage,3815.92,60,Medical,17.31,,NORTH,01-27-2021,1
CR100767,45.0,FEMALE,Single,Bachelor,Self-Employed,7.4,,1042.64,0.373,834.0,7,1,0,Mortgage,16948.88,48,Medical,26.08,No,North,15/08/2022,0
CR100738,60.0,Female,Married,Bachelor,Unemployed,0.0,37927.5,1348.83,0.427,646.0,16,0,No,RENT,2765.35,36,Debt Consolidation,7.48,No,South,12-19-2022,1
CR103316,54.0,Male,Single,Bachelor,employed,8.0,101218.03,1778.57,0.211,489.0,16,1,No,Rent,48624.64,24,Home Improvement,29.1,No,South,2021-02-26,0
CR100008,29.0,Female,Single,Bachelor,EMPLOYED,2.4,29744.13,309.2,0.125,756.0,0,0,No,Rent,51575.86,48,Debt Consolidation,27.4,No,CENTRAL,16/01/2021,0
CR104177,59.0,Female,Married, High School ,Employed,5.7,102635.95,4420.74,0.517,,19,1,,Mortgage,59479.38,12,Home Improvement,22.75,No,EAST,08/05/2021,0
CR103921,53.0,Female,Married,High School,Employed,0.5,56338.77,838.45,0.179,427.0,1,1,Yes,Rent,19267.13,48,CAR,12.64,No,Central,16/02/2024,0
CR102878,68.0,Male,Single,High School,Employed,,40878.33,957.24,0.281,444.0,3,0,NO,Rent,11478.87,60,Business,16.64,No,west,03/10/2021,0
CR101057,62.0,Female,Married,Bachelor,Employed,13.3,27076.32,955.06,0.423,,1,2,1,Own,35783.59,48,Debt Consolidation,23.59,No,Central,2021-05-14,1
CR104492,58.0,Female,Divorced,,Employed,0.0,55163.66,424.8,0.092,487.0,5,0,No,Mortgage,10622.18,24,Education,26.27,yes,North,2023-11-26,1
CR100138,38.0,female,Single,Master,Employed,0.3,47004.23,2030.04,0.518,317.0,14,0,0,rent,16521.32,48,Other,20.45,No,South,2024-09-16,0
CR102271,36.0,Male,Single,bachelor,Retired,16.1,29342.19,450.89,0.184,485.0,5,0,No,Own,15920.07,48,Debt Consolidation,6.3,No,East,05-18-2021,0
CR102673,28.0,Male,Married,Master,Retired,13.9,38390.11,259.34,,429.0,7,0,Yes,mortgage,59201.68,48,Car,16.71,,East,04-27-2022,1
CR103938,59.0,FEMALE,Single,BACHELOR,Unemployed,0.0,31016.87,1151.72,0.446,828.0,18,0,Yes,Other,12634.6,24,other,27.49,No,Central,2022-06-08,0
CR102404,40.0, Female , Married ,Bachelor,Employed,18.2,48407.66,1933.04,0.479,782.0,7,0,0,Mortgage,20118.67,12, Debt Consolidation ,17.47,,North,11/01/2021,0
CR100701,53.0,Female,SINGLE,Master,Retired,0.0,17742.6,409.96,0.277,327.0,9,0,No,own,12630.07,36,Debt Consolidation,20.42, No ,East,11-03-2021,1
CR101018,20.0,male,,Bachelor,Unemployed,7.0,17802.54,260.55,0.176,707.0,17,0,No,Rent,13206.85,12,Home Improvement,11.22,No,South,06-23-2024,0
CR103124,43.0, Female ,Married,High School,Employed,9.9,,1355.79,0.298,717.0,10,1,Yes,Rent,42630.81,36,business,18.34,No,EAST,2021-07-06,0
CR100403,74.0,Female,Single,Bachelor,Employed,0.0,20162.68,168.86,0.1,543.0,13,0,Yes, Rent ,12045.42,12,Car,6.49,No,west,02-14-2023,0
CR104149,40.0,Female,SINGLE,High School,Self-Employed,0.4,37578.34,974.73,0.311,751.0,1,1,Yes,Own,13345.88,24,Debt_Consolidation,24.67,,East,26/12/2023,0
CR104431,23.0,Female,Single,High School,Employed,1.2,27919.45,1080.71,,455.0,12,1,,Mortgage,14729.18,24,Debt Consolidation,18.53, No ,south,26/03/2021,0
CR104282,27.0,Female,Single,Master,Employed,6.4,50866.92,1350.68,0.319,837.0,2,0,no,Own,42480.75,36,Debt_Consolidation,7.22,No,South,25/12/2024,0
CR103378,67.0,FEMALE,,Master,Retired,9.5,20477.96,175.37,0.103,368.0,13,1,Yes,Other,5481.84,36,Education,7.83,no,South,09-05-2024,0
CR102314,31.0, Male ,Single,Master,Employed,5.4,81355.9,332.36,0.049,769.0,14,0,No,RENT,51518.71,48,Medical,23.41,,Central,13/07/2021,0
CR103905,62.0,male,Married,Master,employed,,84042.07,2605.07,0.372,325.0,4,2,No, Mortgage ,14803.53,24,Other,29.08,No,North,01-19-2024,0
CR103319,20.0,female,Single,Bachelor,Employed,23.1,28819.19,1260.49,0.525,441.0,19,0,No,Mortgage,37763.87,12,Car,27.66,No,South,2024-03-28,1
CR101061,57.0, Female ,Widowed,MASTER,Employed,11.9,57923.75,2615.64,0.542,607.0,15,0,No,Mortgage,51108.9,24,Car,13.03,Yes,East,09-28-2023,0
CR103634,,Female, Single ,Bachelor,Employed,15.2,166082.19,1099.98,0.079,657.0,11,0,Y,Mortgage,19705.94,24,education,11.36,NO,Central,26/04/2024,0
CR101184,42.0,Female,Single,High School,Employed,12.5,41011.83,475.64,0.139,340.0,9,0, No ,,3667.02,60,Car,22.71,No,North,04/01/2024,0
CR100037,66.0,Male,Divorced, Bachelor , Retired ,0.0,34624.08,248.65,0.086,613.0,4,0, No ,Mortgage,25746.4,12,Debt Consolidation,8.86,NO,North,03-28-2023,0
CR102576,130.0,female,Widowed,PhD,employed,8.1,29085.66,733.8,0.303,515.0,12,1,No,Own,49028.53,60,Car,15.59,No,West,11-29-2021,0
CR101651,,Male,Single,Bachelor,Employed,7.6,14845.87,338.2,0.273,822.0,6,0,No,Own,50355.08,60,Car,18.44,No,North,12-14-2022,0
CR103909,70.0,Female,Single,Bachelor,Employed,13.1,33582.88,466.08,0.167,375.0,6,0,Y,Rent,22445.01,48,home improvement,6.92,Yes,NORTH,13/03/2023,1
CR103939,47.0,Male,Married,Bachelor,Employed,1.8,42902.08,856.86,0.24,663.0,12,1, No ,Mortgage,2853.88,36,Business,19.85,No,Central,16/11/2022,0
CR103815,,Male,Single,High School,Employed,5.0,50813.22,1657.15,0.391,764.0,15,0,No,Rent,46927.22,36,Business,23.31,No,north,2023-02-27,0
CR103222,62.0,Female,Married,PhD,Self-Employed,15.6,27098.92,1214.28,0.538,560.0,19,0,No,Own,56850.46,12, Car ,21.25,No,East,26/10/2021,0
CR101199,,Female,MARRIED,High School,Self-Employed,13.2,39311.61,1497.54,0.457,312.0,0,0,Yes,Rent,50702.4,48,Business,10.49,No,East,2024-03-15,1
CR104295,75.0,Female,Single,Bachelor,Retired,4.6,31186.69,1167.87,0.449,723.0,7,1,Yes,Rent,2420.51,12,Debt Consolidation,11.81,no,South,06-11-2022,0
CR102315,18.0,Female,Married,Bachelor,Retired,6.6,60505.0,1723.91,0.342,456.0,1,1,NO, Mortgage ,56345.21,48, Car ,17.94,no,South,2023-04-19,0
CR103330,53.0,Female,Divorced,Bachelor,Self-Employed,6.7,32782.04,944.01,0.346,300.0,14,0,Yes,Mortgage,8449.5,24,Car,26.3,No,Central,31/08/2023,1
CR102104,68.0, Male ,Married,Master,employed,12.2,22792.83,822.62,0.433,570.0,8,1,No,Mortgage,11555.83,36,Medical,13.4,No,NORTH,18/10/2024,0
CR100628,47.0,male,Divorced,high school,employed,0.9,11370.68,203.15,,,13,0,Yes,Rent,17248.25,12,Debt Consolidation,27.33, No ,South,10-26-2022,1
CR101637,54.0,Male,,High School,Employed,0.0,77097.69,776.38,0.121,629.0,6,1,No,Own,3204.95,36,DEBT CONSOLIDATION,16.64,No,north,2021-09-11,0
CR104359,,female,Married,Bachelor,Employed,15.3,32943.0,1211.49,0.441,638.0,5,0,No, Rent ,19642.39,24,Debt Consolidation,7.28,Yes,South,20/07/2023,1
CR104459,55.0, Male , Single ,High School,Employed,2.9,32537.76,547.08,0.202,586.0,10,2,,Rent,27023.2,60,Other,22.14,No,North,2023-12-20,0
CR100108,45.0,Female,single,Bachelor,Employed,15.1,,1601.47,0.349,,17,0,1,Own,23943.09,48,Car,29.61,no,South,2022-10-14,0
CR100837,29.0,Male,,Other,Employed,7.2,39642.14,460.83,0.139,569.0,6,0,No,,55182.5,60,Home_Improvement,5.54,No,North,09/11/2021,0
CR102402,61.0,Male,married,Bachelor,Employed,,31706.85,1383.34,0.524,725.0,9,0, 1 ,Mortgage,28791.1,48,Debt Consolidation,27.36,No,North,05-28-2023,1
CR101605,69.0,Female,Married,BACHELOR,RETIRED,7.5,22952.18,1019.52,0.533,684.0,1,0,No,Mortgage,29000.86,36,DEBT CONSOLIDATION,20.08, Yes ,Central,2021-06-02,0
CR101615,28.0,Female,Divorced,HIGH SCHOOL,Self-Employed,1.1,,53.49,0.025,650.0,4,0,No,Rent,20028.78,36,Education,15.92,No,South,2021-09-06,0
CR102341,40.0,Male,Divorced, Bachelor ,Employed,0.0,41799.41,1047.63,0.301,401.0,11,0,,Mortgage,55634.4,12,car,7.47,No,North,2022-01-11,1
CR103481,32.0,Female,Married,Master,Employed,11.2,23989.55,743.06,0.372,362.0,12,2,Y,Mortgage,6863.93,12,Business,24.4,NO,Central,2024-05-15,0
CR101789,61.0,Female,Single,Bachelor,Self-Employed,11.0,30687.78,61.49,0.024,781.0,18,0,No,Rent,59925.85,12,Home Improvement,8.57,NO,South,24/08/2021,0
CR100778,33.0,Female,Single,High School,Employed,11.2,24504.16,215.68,0.106,742.0,19,1,No,Mortgage,8186.13,60,Medical,20.49,Yes,East,2022-10-21,0
CR101510,37.0,Male,Divorced,High School,Employed,0.0,44427.07,764.04,0.206,404.0,11,2,No,Own,25045.72,36,Car,22.17,No,West,2023-02-17,1
CR101858,48.0,Female,Married,High School,Retired,12.9,17060.19,584.79,0.411,314.0,13,0,Yes,,59372.65,48,Business,19.77,No,East,05-21-2023,0
CR102684,,FEMALE,Married,Master,Unemployed,0.0,54321.98,1139.16,0.252,,8,0,1,Mortgage,37963.34,36,Debt Consolidation,23.15,No,West,2022-10-23,1
CR104197,25.0,Male,Married,Bachelor,Employed,7.7,55699.1,623.58,0.134,509.0,18,0, Yes ,Own,42879.13,36,Education,6.26,No,East,12-13-2024,1
CR101807,45.0,Female, Single ,bachelor, Self-Employed ,4.0,20255.63,607.92,0.36,677.0,9,1,0,Mortgage,57584.2,24,Medical,20.36,No,North,2023-01-04,1
CR101998,34.0,Female,Single,Bachelor,Self-Employed,3.9,29318.19,1203.88,0.493,668.0,2,0, 0 ,Rent,34153.06,36,Other,17.8,no,Central,2021-12-11,0
CR101950,71.0,FEMALE,Single,High School,Employed,4.5,140978.49,4139.68,0.352,350.0,5,1,No,Own,17704.58,60,debt consolidation,8.26,No,East,04/07/2021,0
CR102112,71.0,Female,Married,master,Self-Employed,0.0,57856.35,504.02,0.105,,7,0,,Rent,22667.43,24,Other,10.14,No,West,29/01/2023,0
CR104598,73.0,Female,Single,High School,Employed,9.1,223691.68,5495.04,0.295,779.0,17,0,, Own ,21677.11,12,Debt Consolidation,9.95,yes,East,03-10-2023,1
CR101073,48.0,FEMALE,Single,Master,Unemployed,3.9,,1499.74,0.329,367.0,2,1,0, Rent ,10276.62,60, Education ,7.12, No , West ,08-27-2023,0
CR100165,65.0,Female,Single,,Employed,15.4,36458.1,1474.67,0.485,782.0,19,0,No,Mortgage,1153.29,36,Debt Consolidation,27.99,No,North,01-17-2024,0
CR101731,70.0,Male,Single,High School,employed,5.9,37922.65,1548.34,0.49,570.0,5,0,No,Rent,50618.62,60,Other,6.24,No,Central,2022-12-31,0
CR103818,54.0,Male,Divorced,High_School,Retired,9.4,32714.8,161.13,0.059,623.0,18,1,Y,Rent,23554.07,60,Car,28.78,No,central,01-29-2024,1
CR101709,30.0,male,Married,Bachelor,EMPLOYED,14.0,117715.98,588.43,0.06,717.0,0,0,yes,Own,8903.04,24,Business,23.2,,South,2023-03-21,1
CR100224,59.0,Other,Single,High School,employed,0.0,32057.66,888.62,0.333,636.0,3,0,No,Rent,35914.14,48,Other,26.42,No,South,03/08/2022,1
CR102415,46.0,Male,Married, Bachelor ,Unemployed,5.3,55111.62,860.4,0.187,314.0,12,0,Yes,rent,45650.01,60,car,17.23,No,NORTH,01-08-2024,1
CR100220,25.0,Male,Married,Other,Employed,4.2,33435.36,1223.75,0.439,,5,0,Yes,Rent,11300.56,60,Medical,18.21,No,West,29/11/2022,0
CR102824,53.0,Female,Married,High School,Self-Employed,4.0,52280.45,2145.12,0.492,,12,0,No,Own,42128.23,12,Home Improvement,26.94,,South,10-08-2021,1
CR102181,31.0,Male,Married,Bachelor,Employed,18.0,118464.25,3105.31,0.315,448.0,16,1,No,Mortgage,31937.83,36,car,24.15,Yes,Central,02-14-2023,0
CR102573,40.0,Female,Single,Bachelor,Unemployed,9.6,26435.3,61.18,0.028,398.0,6,1,No,Rent,15308.61,24,Home_Improvement,12.34,No,South,2023-12-05,0
CR104453,58.0,Male,Single,Bachelor,Employed,8.6,12706.48,328.75,0.31,501.0,13,1,Yes,Mortgage,6361.58,36,Education,8.7,NO,Central,19/03/2021,0
CR102045,75.0,Female,Single,High School,Self-Employed,7.8,28361.71,543.47,0.23,792.0,5,1,No,,16191.58,60,Car,6.61,No,North,01-18-2024,0
CR102132,48.0,Female,DIVORCED,Bachelor,UNEMPLOYED,14.0,15524.43,553.87,0.428,387.0,2,2,no,Mortgage,18927.85,48, Education ,29.62,No,North,08-18-2022,0
CR100477,19.0,Female, Married ,Bachelor,Self-Employed,6.6,65577.98,1898.53,0.347,668.0,12,0,yes, Own ,43842.76,36,Home Improvement,5.48,No,Central,31/03/2021,0
CR100989,63.0,Female,,high school,Self-Employed,15.6,35366.45,1283.36,0.435,707.0,6,0,No,Mortgage,26706.5,60,Education,24.28,,East,05-05-2022,0
CR102484,37.0,Male,Married,master,Self-Employed,19.8,82176.9,1043.13,,775.0,10,2,,,44745.33,60,Business,20.91,No,Central,2023-02-03,0
CR101234,54.0,Female,Divorced, High School ,Employed,0.0,44447.85,1246.88,0.337,796.0,3,0,no,Mortgage,21331.32,12,Medical,9.18,Yes,Central,2024-04-07,0
CR101877,69.0,Male,Single,high school,EMPLOYED,17.4,22367.11,246.26,,505.0,14,0,Yes,,54106.6,36,Car,6.01,No,east,2022-04-27,1
CR102847,40.0,Male,Single,phd,Employed,,39789.79,351.38,0.106,459.0,19,0,No, Mortgage ,55902.03,12,Medical,9.2,No,west,05-13-2024,0
CR101911,69.0,Female,Married, Bachelor ,Retired,0.4,20454.0,273.86,0.161,753.0,17,0,No,Mortgage,25106.2,60,Business,20.86,No,WEST,06-11-2024,0
CR100204,44.0,Female,Single,,Employed,8.8,65225.07,2594.57,0.477,666.0,9,1,Y, Rent ,37680.42,48,Debt Consolidation,19.46, Yes ,South,12-01-2023,1
CR103405,38.0,Male,Single,Master,Self-Employed,5.8,37798.87,422.24,0.134,421.0,19,0,Yes,Rent,8868.63,24,Education,8.44,No,West,2022-02-18,0
CR103559,45.0,MALE,Single,, Unemployed ,9.1,107886.71,4579.01,0.509,794.0,18,0,Yes,Own,56868.3,36,Car,28.34,No,South,2022-01-31,0
CR101900,49.0,male,Married, Other , Employed ,13.9,25066.49,562.07,0.269,611.0,18,0,No,own,22948.74,36,Car,18.92, No ,West,06/07/2024,0
CR104100,23.0,Female,Widowed,Bachelor,Employed,0.0,39971.95,486.6,0.146,494.0,1,0,Y,Rent,59530.85,36,Car,17.13,No,East,03-15-2023,0
CR100635,57.0,Male,single,Master,employed,3.2,29941.4,705.38,0.283,549.0,4,1,0,Rent,3666.63,36,Other,9.1,No,East,12-30-2023,0
CR104587,35.0,Male,Single,PhD,Self-Employed,10.6,24047.9,853.17,0.426,,15,0,1,Mortgage,13398.17,60,Car,23.02,no,North,01/08/2023,0
CR101076,59.0,Female,Single,Bachelor,Employed,4.9,53284.87,2365.31,0.533,480.0,18,0,No,Rent,49340.08,12,Home_Improvement,24.66,Yes,North,2024-03-05,0
CR100909,23.0,Male,Married,Master,Employed,21.5,73907.35,3022.64,0.491,660.0,9,0,No,,9031.59,36,Home Improvement,20.35,No,south,08/10/2021,1
CR100094,70.0,Male,Single,Bachelor,Self-Employed,6.8,79776.59,1257.31,0.189,598.0,0,1,No,Rent,8458.75,48,Car,26.08,No,North,2024-04-22,0
CR102230,54.0,MALE,,Master,Employed,14.4,52719.78,1416.06,,388.0,17,2,Yes,Mortgage,57754.44,60,Debt Consolidation,24.8,NO,North,25/09/2023,1
CR102726,25.0, Male ,Single,High School,Retired,14.0,87981.77,1972.05,0.269,,5,0,No,Own,32680.18,48,debt consolidation,23.51,No, West ,10-19-2021,0
CR102184,54.0,MALE,Single,High School,Employed,12.1,111511.27,320.11,0.034,,13,0,No,Mortgage,45503.36,60, Other ,13.72,No,North,06-13-2024,0
CR102178,,Male,, Master ,Self-Employed,11.6,20864.32,89.94,0.052,498.0,14,1,Yes, Mortgage ,48080.85,48,Home Improvement,4.98,No,NORTH,10-08-2022,0
CR104572,46.0,Male,Married,PhD,Self-Employed,18.4,8000.0,240.63,0.361,710.0,1,2,No,Other,43664.64,48,Car,9.94,No, West ,01-12-2023,0
CR102886,,Male,Married,BACHELOR,Employed,5.0,30988.61,633.1,0.245,491.0,16,1,No,Mortgage,4723.02,48,Other,4.59,No,South,07-22-2021,0
CR101428,33.0,Male,,Bachelor, Employed ,4.5,55179.2,573.71,0.125,461.0,8,0,No,Mortgage,20399.11,24,Car,4.57,NO, Central ,21/01/2024,0
CR103964,29.0,Female,married,High School,Retired,4.4,38345.11,1477.7,0.462,691.0,7,1,No,,17265.79,60,Debt Consolidation,16.51,No,North,10-29-2022,1
CR100620,43.0,Female,Married,Master,Unemployed,12.8,29096.88,911.99,0.376,344.0,18,1,No,Mortgage,30181.3,36,Debt Consolidation,24.62,No,South,11-17-2021,0
CR103251,61.0,Female,Single, High School ,SELF-EMPLOYED,10.8,116084.65,2199.07,0.227,793.0,7,0,Y,Own,52746.32,48,Business,17.54,No,West,2021-10-18,0
CR102059,41.0,Male,Married,High School,Employed,13.3,86115.56,3885.71,0.541,303.0,10,0, 1 ,Rent,40991.25,48,BUSINESS,20.77,NO,East,2021-01-06,1
CR103671,23.0,Female,Married,Bachelor,Employed,3.2,85359.42,1477.31,0.208,731.0,5,1,Yes,Mortgage,25985.55,12,Other,25.46,NO,West,2024-01-18,0
CR103406,38.0,Female,Single,Bachelor,Self-Employed,8.3,39174.1,1413.88,0.433,706.0,6,0,No,Mortgage,1720.23,36,Debt Consolidation,23.37,Yes,Central,20/03/2021,1
CR103489,59.0,MALE,Single, Bachelor ,Unemployed,0.0,39072.8,1587.68,0.488,642.0,4,0,0,Rent,51150.05,36,Car,18.82,No,south,2024-10-09,1
CR104571,23.0,Male,Single, High School ,Unemployed,2.8,11377.11,150.13,,309.0,3,0,No,Own,7264.54,12,Business,25.35,NO,East,2021-12-09,1
CR101252,,Male,,BACHELOR,Employed,24.5,95324.33,922.13,0.116,,18,0,NO,Mortgage,11141.08,24,Debt Consolidation,24.17,No,East,11-24-2021,0
CR102508,41.0,Female,Married,Bachelor,Employed,6.6,18346.32,171.39,0.112,360.0,9,0,No, Mortgage ,58506.92,36,Business,23.95,No,East,2023-07-01,0
CR104342,45.0,Male,Single,Bachelor,employed,5.0,46992.84,1466.25,0.374,690.0,14,0,0,,7966.03,12,Debt Consolidation,7.77,No,North,02-12-2024,0
CR102048,61.0,Male,Divorced,Bachelor,Self-Employed,8.7,38982.15,922.0,0.284,451.0,4,0,no,Rent,52559.33,36, Home Improvement ,10.86,No,East,23/11/2024,1
CR100275,45.0,Male,Divorced,Bachelor,Employed,3.3,57993.13,422.82,0.087,484.0,2,0,No,Other,4743.43,48,Business,12.76,No,East,12/08/2023,0
CR101166,19.0,Male,Married,High School,Employed,6.1,34002.45,532.71,0.188,566.0,8,0,No,Mortgage,36788.45,60,Debt Consolidation,22.17,No,North,10-28-2022,0
CR103547,69.0,Male,Single,Bachelor,Employed,9.9,33041.07,76.21,0.028,795.0,18,0,no,,12260.11,12,Debt_Consolidation,26.42,No,North,18/10/2021,0
CR102973,74.0, Female ,Divorced,Bachelor,Employed,3.3,17212.84,570.07,0.397,585.0,16,0,No,Mortgage,35930.03,36,Debt Consolidation,29.3,No,NORTH,2022-12-06,0
CR100595,64.0,Female,Married,,Employed,11.3,31137.26,974.66,,329.0,11,0,Yes,Own,59468.39,48,Debt Consolidation,19.63,No,south,01-05-2024,0
CR103397,73.0,Male,Single,Bachelor,Employed,0.0,17811.7,381.39,0.257,831.0,11,0,Yes,Rent,28462.88,48,EDUCATION,9.2,Yes, North ,22/01/2024,1
CR102335,49.0,MALE,Divorced,Bachelor, Employed ,,19596.02,45.76,,433.0,10,1,Yes,Own,38315.46,12,Debt Consolidation,21.45,No,East,2021-05-17,1
CR102830,71.0,MALE,Single,,Retired,14.7,24746.31,857.63,0.416,369.0,1,0,YES,Own,31645.47,12,Medical,6.36,no,North,22/03/2021,0
CR100194,73.0,Male,Single,,Self-Employed,13.3,,785.51,0.424,,13,1,No,Rent,32519.43,24,Debt Consolidation,17.78,no,West,2024-10-16,1
CR101035,,female,Single,,Retired,2.5,30162.3,64.48,0.026,331.0,3,0,No,Mortgage,33105.13,12,CAR,11.53,No,West,06/05/2021,1
CR100893,74.0,female,Single,Other,EMPLOYED,,107834.1,4720.85,0.525,437.0,12,0,No,Mortgage,16928.62,48,OTHER,7.43,No,south,01-25-2023,0
CR102417,33.0,FEMALE,Single,Master,Employed,3.0,27722.92,162.65,0.07,396.0,2,1,Yes,Rent,34096.87,12,Business,13.84,No, South ,09-25-2021,0
CR101394,30.0,FEMALE,,BACHELOR,Employed,9.6,42977.59,575.42,0.161,337.0,11,1,Yes,own,51468.2,36,other,26.75, No ,East,2023-07-23,1
CR103460,42.0, Male ,,phd,Employed,,38085.45,772.24,0.243,399.0,17,0,No,Mortgage,49076.71,36,Home Improvement,17.74,No,North,08-16-2024,0
CR101284,40.0,Male,Single,PhD,EMPLOYED,2.4,40774.48,227.18,0.067,759.0,11,0,No,rent,20003.49,48,Home Improvement,26.35,No,South,01-13-2024,0
CR100736,60.0,Male,Single,Bachelor,Employed,11.2,29114.38,622.36,0.257,737.0,5,0,Yes,Mortgage,51097.44,24,debt consolidation,11.21,No,Central,05/05/2024,1
CR100943,45.0,Male,Married,Master,Employed,10.2,20596.42,672.61,0.392,678.0,12,1,No,Own,39653.55,36, Education ,13.81,yes,East,01-13-2022,0
CR100252,28.0,Female,SINGLE,High School,self-employed,10.9,48420.6,1449.17,0.359,746.0,19,0,Yes,Rent,20612.18,24,Debt Consolidation,29.7,No,Central,20/02/2022,0
CR100899,53.0,Female,Married,High School,Employed,8.6,24404.73,210.33,0.103,555.0,11,0,,Rent,9458.89,36,DEBT CONSOLIDATION,9.72,Yes,Central,01/12/2022,1
CR104052,62.0,Male,Married,Bachelor,Employed,3.8,36448.72,1016.06,0.335,371.0,4,0,,RENT,51856.28,12,Education,18.27,,EAST,2024-07-30,1
CR100953,42.0,Female,single,Bachelor,Employed,13.2,60743.86,2734.79,0.54,784.0,5,0,NO,Mortgage,29796.57,36,Debt Consolidation,6.45,No,Central,03-16-2024,0
CR103829,26.0,Female,, Bachelor ,Employed,,,815.87,0.389,575.0,12,1, No ,Other,57767.09,12,Car,5.71,No,West,2021-12-10,0
CR104176,35.0,Male,Single,Bachelor,Retired,2.2,43327.57,121.82,0.034,845.0,17,0,Y,mortgage,8712.77,24,Education,21.05,No, North ,03-03-2022,0
CR102767,75.0,Male,Single,Bachelor,Self-Employed,6.0,24031.76,596.06,0.298,453.0,11,0,Yes,,7733.91,60,Car,23.41,No,EAST,15/02/2023,0
CR102365,22.0,MALE,Married,Master,Employed,10.4,34632.36,1285.31,0.445,460.0,2,0,No,Mortgage,38529.29,48,Medical,18.48,No,NORTH,03-21-2021,1
CR101598,,Male,Married,High School,Self-Employed,8.0,14481.1,24.79,0.021,658.0,5,0,N,Own,18789.03,36,Home Improvement,15.66,Yes,East,2024-05-09,0
CR101995,18.0,Female,,High School,Employed,10.0,133223.34,786.59,0.071,654.0,15,1,0,Mortgage,9562.05,48,Education,9.02,No,North,27/09/2021,0
CR104068,60.0,Male,Married, Bachelor ,Employed,,57275.04,1680.03,0.352,341.0,10,1,yes,,39599.67,12,Home Improvement,24.27,,Central,11/08/2021,1
CR103983,57.0,Male,Single,Master,Employed,4.3,17272.64,201.69,0.14,759.0,16,0,No,Rent,49372.08,60,Debt Consolidation,14.23,No,NORTH,10-14-2024,0
CR103848,60.0,Other,Single,Master,Retired,6.9,16387.34,644.36,0.472,640.0,13,0,no,Own,18793.82,24,Debt Consolidation,19.43,yes,WEST,06-19-2024,1
CR103021,25.0,female,Married,Master,Self-Employed,10.3,40659.75,1004.82,0.297,384.0,12,2, No ,Mortgage,11036.73,60,Debt Consolidation,27.5,No,South,04/06/2021,0
CR102923,49.0,Female,Married,Bachelor, Unemployed ,3.9,,597.17,0.229,784.0,3,0,Yes,,19594.41,60,Education,8.23,No,Central,2022-06-03,0
CR101302,,Female,Single,Bachelor,Unemployed,7.0,62513.01,895.99,0.172,332.0,3,1,,Own,29781.84,36,EDUCATION,15.67,Yes,North,01/12/2023,1
CR103047,,Male,Married,Other,Employed,,17360.5,313.59,0.217,378.0,13,0,No,Rent,5197.79,24,Other,26.49,No,North,17/10/2024,1
CR103981,23.0,Male,MARRIED,Other,retired,4.0,13761.53,48.33,0.042,557.0,6,0,yes,Mortgage,5826.0,12,Home Improvement,5.48,No,South,10-02-2021,0
CR100608,74.0,Female,Single,Bachelor,Employed,12.1,8477.37,194.4,,,11,1,NO, Own ,13689.21,60,Business,13.84,,South,2023-01-16,1
CR101612,56.0,Female,Married,High School,Retired,11.4,19739.16,230.62,0.14,727.0,8,1,No,Own,15361.17,36,Car,25.98,yes,West,10/03/2022,0
CR103191,57.0, Male ,DIVORCED,High School,Self-Employed,,37471.08,1696.78,0.543,,3,0,No,own,16065.58,36,Education,16.51,No,Central,17/12/2024,0
CR101599,59.0,Female, Single ,Bachelor,Employed,0.0,34784.67,989.76,0.341,523.0,5,0,,,5451.65,12,Car,16.24, No ,South,22/10/2023,1
CR102871,74.0,Female,Single,Master,Unemployed,,47950.52,1830.85,0.458,369.0,3,0,No,Rent,56306.28,36,Medical,16.97,No,East,2023-10-20,1
CR101631,70.0,Female,Married,,Employed,4.7,30711.28,900.22,0.352,657.0,19,1,N,Rent,30038.38,24,other,4.68,Yes,West,14/02/2023,1
CR103769,37.0,Male,Married,,Self-Employed,1.1,38301.31,1522.52,0.477,301.0,18,0, No ,Mortgage,23702.53,24,BUSINESS,13.11,No,East,03-17-2021,0
CR103152,29.0,Female,Single,,Employed,1.8,77120.35,1497.65,0.233,773.0,4,1,No,rent,45191.89,60,Car,24.04,No,SOUTH,16/05/2022,0
CR104484,45.0,Female, Married ,MASTER,employed,15.5,43672.36,1929.12,0.53,479.0,11,0,No,Rent,13235.37,60,Debt Consolidation,21.13,No,East,08/05/2022,0
CR100241,51.0,FEMALE,Married,High School,Employed,5.0,35410.1,396.24,0.134,503.0,7,1,No, Rent ,44356.79,48,Home Improvement,29.35,,Central,2022-08-08,0
CR100047,69.0,Female,married,Bachelor,Retired,1.3,20044.19,163.34,0.098,399.0,16,1,Yes,Mortgage,11223.89,48,DEBT CONSOLIDATION,28.05,No,North,2024-11-07,0
CR104049,44.0,Male,Divorced,, Retired ,7.4,73027.78,2774.89,0.456,543.0,3,0,Yes,Mortgage,17658.15,48,car,5.13,No,Central,15/07/2023,0
CR102277,20.0,Male,Married,Bachelor,Employed,13.3,21289.66,871.89,0.491,536.0,17,0,0,Own,57638.35,12,Other,21.44,Yes,Central,2024-12-18,1
CR104405,69.0,Male,Single,Bachelor,Employed,7.5,35554.02,303.48,0.102,465.0,19,0,no,Own,30666.01,12,Debt Consolidation,21.75,No,Central,2021-08-28,1
CR104071,63.0, Male ,Single,, Employed ,17.3,45806.25,1454.99,0.381,613.0,11,1,N,Mortgage,45026.0,12,Debt Consolidation,6.54,Yes,West,15/08/2024,0
CR102378,75.0,Other,Married,Bachelor,Employed,4.0,18739.8,521.42,0.334,821.0,11,1,No,Mortgage,48465.16,48, Other ,29.03,NO,Central,12/09/2024,0
CR103171,72.0,male,Married,High_School,Employed,1.4,82978.9,2367.6,0.342,713.0,9,3,0,Rent,45889.89,24,HOME IMPROVEMENT,23.6,No,South,2024-10-22,0
CR102920,,Male,Single,High School,self-employed,17.6,18848.51,220.44,0.14,841.0,8,0,,rent,8448.71,12,Car,18.97,No,East,08-13-2022,0
CR102919,39.0,Male,Single,Bachelor,Employed,3.3,38661.7,1598.6,0.496,764.0,8,1,Yes,Mortgage,1749.98,48,Business,20.9,No,South,16/09/2022,0
CR101126,67.0,Male,Married,High School,Employed,,,1599.78,0.206,554.0,10,0, No ,mortgage,35876.68,24, Debt Consolidation ,17.83,No, East ,2023-10-15,0
CR104360,18.0,Female,Married,High School,Employed,10.2,25755.44,953.84,0.444,322.0,7,0,Yes,Own,58311.88,12, Home Improvement ,14.26,No,South,2024-09-30,0
CR101667,57.0,Other,Married, Master ,Employed,3.8,21269.9,841.2,0.475,697.0,19,1,Yes,Mortgage,4394.58,12,Education,14.66,No,East,2024-03-27,0
CR100838,18.0,Other,Single,high school,Retired,2.1,30744.98,463.11,0.181,834.0,14,1,1, Mortgage ,52340.72,12,Other,25.28,No,South,01-21-2022,0
CR100024,63.0,Female,married,Bachelor,Employed,5.3,9424.33,411.11,0.523,376.0,17,0,No,Mortgage,44072.61,24,Car,4.85,NO,West,12/08/2021,1
CR103117,55.0,Male,MARRIED,MASTER,Self-Employed,7.7,17305.34,240.85,0.167,,6,0,Yes,Rent,11009.68,60, Debt Consolidation ,12.69,No,South,10-06-2024,0
CR102822,25.0,Male,Married,bachelor,Employed,9.2,8000.0,282.9,0.424,,2,1,NO,Own,38344.25,24,Business,26.26,No,North,12-03-2023,0
CR102195,65.0,Male,MARRIED,High School, Retired ,4.1,58502.16,422.75,0.087,351.0,14,0,Yes,Rent,17115.04,24,DEBT CONSOLIDATION,15.34,No,South,2023-10-14,0
CR100970,35.0,female,,Bachelor,Self-Employed,9.7,39114.7,1271.09,0.39,729.0,14,0,N,Own,5559.5,48,Home Improvement,9.52,No, South ,12-03-2021,0
CR102764,29.0,Female,Divorced,Bachelor,employed,3.3,8000.0,125.9,0.189,778.0,15,1,No,Own,28771.16,48,Debt Consolidation,22.93,Yes,South,08/05/2021,0
CR102155,46.0,Male,Married,Bachelor,Self-Employed,12.3,92037.75,3554.83,0.463,778.0,14,1,No,Rent,14156.69,48,Education,26.49,No,West,10-01-2021,0
CR102160,64.0,Female,,High School,Retired,2.6,,1316.99,0.415,590.0,11,0,No,,27266.74,60,Debt Consolidation,4.85,no,South,2023-03-02,0
CR100040,27.0, Male ,Married,Bachelor,Self-Employed,4.3,24592.29,113.27,0.055,715.0,12,0,Yes,rent,10178.41,60,Debt Consolidation,27.65,No,North,2024-10-25,0
CR102501,23.0,Female,Single,Bachelor,Employed,13.1,15213.45,516.82,0.408,802.0,10,0,No,mortgage,55570.02,36,education,27.4,No,south,2023-08-15,0
CR100298,34.0,Female,Single,Master,Retired,0.0,29195.12,552.48,0.227,668.0,16,0,No,Mortgage,6465.06,24,Home Improvement,7.7, No ,East,12-28-2022,0
CR102578,74.0,Female,Married,High School,Employed,,29702.47,878.17,0.355,488.0,12,0, No ,Mortgage,28963.33,24,Car,14.66,No,West,06/03/2023,0
CR100464,18.0,Female, Married ,High School,Self-Employed,7.4,156930.51,3787.58,0.29,,12,1,YES,Own,59777.58,36,Business,24.59,No,South,2021-08-13,0
CR104194,50.0, Female ,Single,High School,unemployed,10.2,19418.26,241.76,0.149,399.0,0,1,No,Own,34942.6,36,Business,5.95,No, East ,08/07/2021,1
CR102220,72.0,Other,,,Employed,2.8,90647.28,2464.43,0.326,648.0,15,1,No,mortgage,5864.16,60,Business,9.14,No,West,20/07/2021,0
CR104084,, Other ,Married,high school,retired,14.3,15781.23,534.44,,404.0,12,0,YES,Rent,47446.2,24,Other,27.55,No,West,03-14-2022,1
CR101266,21.0,Female,Married,,Employed,0.7,127191.47,3974.0,0.375,601.0,12,0,No,Own,43539.5,12,Business,15.6,No,Central,09-30-2021,0
CR101725,63.0,Male,Single,High School,Employed,5.1,33776.31,1010.34,0.359,437.0,0,0, No ,own,22205.41,60,Debt_Consolidation,11.44, No ,South,12/03/2022,0
CR103487,73.0,Female,Single,Bachelor,Employed,14.8,35443.77,1309.09,0.443,317.0,4,0,No,Mortgage,4508.14,60,Home Improvement,8.16,No,east,12-18-2023,0
CR100081,43.0,female,Married,Other,Self-Employed,17.1,116636.55,2559.63,0.263,806.0,2,0, Yes ,RENT,25625.85,36,Medical,16.66,No,North,22/06/2023,0
CR101931,45.0,Female,Married,Bachelor,Employed,14.0,10776.56,111.58,0.124,782.0,4,1,Yes, Rent ,58252.82,60,Medical,28.54,Yes,South,2024-09-18,0
CR103620,75.0,Male,Single, High School ,Employed,7.5,60311.71,2073.35,0.413,526.0,4,1,,mortgage,44749.83,36,Car,25.37,No,South,2024-05-21,1
CR101976,72.0,Female,Single,High School,Self-Employed,7.0,23540.55,350.36,0.179,730.0,10,0,no,Own,24054.98,24,Home Improvement,12.92,no,South,2021-06-29,0
CR101122,33.0,female,Divorced,bachelor,UNEMPLOYED,6.6,13744.11,295.43,0.258,632.0,19,0,Yes, Rent ,53349.92,12,Debt Consolidation,23.89,No,Central,23/11/2023,0
CR104337,37.0,Male,Single, Other ,Unemployed,7.6,25084.51,209.8,0.1,669.0,13,1,no,Mortgage,23640.09,60,Education,13.47,NO,Central,2023-04-30,0
CR103146,55.0,Female,Single,High School,Employed,7.4,13302.37,51.82,0.047,684.0,19,0,No,,14641.96,24,HOME IMPROVEMENT,13.65,No,West,2022-05-14,0
CR102522,30.0,male,Married,Master,Employed,7.1,34313.55,1409.3,0.493,394.0,17,1,No,Mortgage,44032.76,48, Car ,25.92,Yes,East,11/01/2024,0
CR103898,35.0,Male, Widowed ,Bachelor,Unemployed,,18064.94,171.56,0.114,355.0,12,2,0,Rent,53720.09,24,Home Improvement,18.47,Yes,East,12-14-2023,1
CR103923,42.0,Male,Divorced,Bachelor,Employed,2.2,20403.4,51.38,0.03,766.0,9,1,No,Rent,59853.48,24,Debt Consolidation,15.9,No,north,07-17-2021,0
CR104255,37.0,Female, Married ,Other,Self-Employed,6.9,19856.33,238.72,0.144,377.0,15,0,No,Own,25345.43,12,Debt Consolidation,5.48,No,Central,12-28-2022,1
CR104028,58.0,Female,Single,Bachelor,Employed,6.7,39784.16,983.24,,586.0,7,0,Yes,Mortgage,2924.96,48,Car,21.26,No,East,14/09/2022,0
CR103861,55.0,Female,SINGLE,Master,Employed,7.8,26323.85,941.48,0.429,758.0,10,0,Yes,,45893.67,60,BUSINESS,25.64,NO,East,2022-05-28,0
CR100326,31.0,Female,Married,High School,employed,4.3,,471.2,0.419,509.0,8,1,No,Rent,53623.09,24,EDUCATION,9.71,No,North,09/07/2024,0
CR104366,27.0,female,married,Other,Employed,8.3,13994.85,640.86,0.55,,4,0,No,Rent,26515.32,24,Medical,15.92,Yes,West,08-27-2021,0
CR103593,50.0,Female,Single,Bachelor,Employed,16.0,21524.55,146.59,0.082,385.0,0,0,,Mortgage,43435.7,60,debt consolidation,21.66,No,North,06-10-2022,0
CR104425,68.0,Female,Single,High School,Employed,16.4,,2082.91,0.518,367.0,12,0,no,,33146.46,24,Debt Consolidation,11.21,No,East,07/10/2023,0
CR104029,42.0,Female,Divorced,Bachelor,Employed,3.1,37881.49,1309.06,0.415,650.0,1,0,No,Own,38162.99,36,Car,24.11,YES,South,10/01/2021,0
CR102755,68.0,Male,Married,High School,Employed,6.5,42254.04,1909.97,0.542,694.0,9,1,y,,50663.18,24,Debt Consolidation,26.63,No,Central,2022-04-19,0
CR100856,32.0,Male,Single,,Retired,11.3,36794.91,880.8,0.287,301.0,4,0,No,Own,47207.47,48,Debt Consolidation,5.89,No,North,03-29-2022,0
CR103099,33.0,Female,SINGLE,Bachelor, Employed ,12.8,,326.62,0.144,467.0,17,0,Yes,Mortgage,7616.41,60,Debt Consolidation,27.87,No,Central,09-12-2021,0
CR104254,,Male, Married ,,Unemployed,0.0,,348.89,0.166,328.0,15,0,Yes,Rent,31717.98,36,Home Improvement,17.74,no,South,2022-02-18,1
CR103877,32.0,Other,Divorced, High School ,Employed,0.0,33218.98,319.78,0.116,811.0,11,0,Yes,Own,15379.51,48,Other,12.29,No,Central,12-30-2022,0
CR101487,18.0, Female ,Married,Bachelor,Employed,1.2,75480.51,1296.31,0.206,542.0,13,1,0,,16126.18,60,Home Improvement,21.53,No,central,2021-07-17,0
CR100882,44.0,Female,single,PHD,Employed,10.7,27418.19,992.91,,808.0,2,0,No,Rent,42430.13,60, Debt Consolidation ,20.31, Yes , South ,03-08-2022,0
CR101436,-5.0,Female,Divorced,OTHER,employed,0.0,118675.93,4974.15,0.503,489.0,15,0,,,41433.14,48,Car,15.19, No ,West,03-03-2023,0
CR100442,25.0,Male,Single,High School,Retired,1.5,19273.92,160.12,0.1,831.0,8,0,No,Other,14139.4,48,car,13.16,Yes,South,22/09/2024,0
CR103233,18.0,Female,Single, Master ,employed,18.7,36080.57,408.96,0.136,754.0,19,1,No,Mortgage,28343.09,24,HOME IMPROVEMENT,12.89,No, North ,03-15-2023,0
CR101720,23.0,Male,Single, Other ,Self-Employed,5.7,23668.89,963.92,0.489,582.0,8,0,Yes,Rent,51466.0,60,debt consolidation,14.07,No, South ,03-02-2022,0
CR104397,32.0,Male,Single,Master,SELF-EMPLOYED,10.9,67523.23,1297.98,0.231,592.0,17,1,Y,Rent,53998.58,60,Other,11.4,No,East,2022-05-08,0
CR101431,28.0, Female ,single,Bachelor,Employed,8.0,52583.55,368.72,0.084,805.0,19,1,No,Mortgage,38308.57,48,Debt Consolidation,27.4,No,North,10-31-2021,0
CR103090,37.0,Male,single,Bachelor,Retired,11.1,35646.24,171.46,,519.0,0,1,y,Own,41551.25,12,Debt_Consolidation,29.48,Yes,East,2021-03-29,0
CR104568,,Female,Single,high school, Retired ,15.5,36487.15,278.99,0.092,615.0,2,0,No,mortgage,3483.88,36,MEDICAL,9.91,No, South ,09-30-2023,0
CR101014,48.0, Female ,Single,high school,Self-Employed,10.3,61570.26,255.28,0.05,813.0,16,0,Yes,rent,39968.72,36,home improvement,17.58,,South,04/07/2021,0
CR103189,,Female,Single,Bachelor, Unemployed ,14.1,23937.46,151.66,0.076,474.0,18,0,Yes,Rent,54288.16,36,debt consolidation,20.91,No, West ,2024-08-15,0
CR100855,67.0,Male,Divorced,Master,self-employed,5.5,36552.61,1469.01,0.482,576.0,8,0,No,RENT,44935.98,12,Business,12.91,No,Central,07-01-2024,0
CR101607,52.0,Female,SINGLE,High_School,Employed,0.0,25846.99,647.6,0.301,626.0,18,0,No,Mortgage,34384.21,36,HOME IMPROVEMENT,7.67,No,South,03/08/2024,0
CR101745,74.0,Female,Married,Bachelor,Employed,0.0,67989.62,1231.79,0.217,510.0,6,0,YES,Rent,13531.05,60,Car,18.24,,Central,2021-01-25,0
CR101865,41.0,Male,Married,Master,Employed,,34605.79,856.59,0.297,342.0,9,0,Yes,Mortgage,4812.56,48,Medical,4.86,No,NORTH,12-26-2024,1
CR102905,68.0,male,Married,High School,Employed,0.0,82061.73,1566.31,0.229,674.0,6,0,Y,,32386.8,36,Home Improvement,21.0, No ,West,07-06-2023,0
CR100148,65.0,Male,Married,,Retired,0.0,15200.72,102.52,0.081,744.0,6,0,N,Other,54703.45,24,Home_Improvement,10.38,No,South,17/11/2021,0
CR100230,44.0,female,widowed,, Employed ,15.1,35023.13,1578.93,0.541,837.0,1,2,no,Mortgage,25774.5,36,Debt Consolidation,25.88,No, East ,19/03/2022,0
CR103343,53.0,Female,married,High School,Retired,,25742.28,1046.78,0.488,,6,0,Y,Mortgage,34500.06,36,Debt Consolidation,24.9,,South,2021-10-22,0
CR101726,,male,Married,MASTER,Employed,0.0,67282.08,2192.64,0.391,464.0,15,0,No,Mortgage,59109.05,12,Car,4.8,No,East,28/06/2021,0
CR100203,58.0,Male,Widowed,High School,Employed,7.5,106895.6,2591.02,0.291,415.0,9,0,No,Rent,9204.44,36,Car,27.19,No,North,10/12/2023,0
CR100528,71.0, Male ,Single,,Employed,20.5,,1908.55,0.504,527.0,18,0,no,Mortgage,37769.1,36,Medical,13.66,No,south,2022-08-10,1
CR103520,65.0,Male, Widowed ,High School, Employed ,2.0,41638.39,754.92,0.218,570.0,8,0,Yes, Own ,29793.06,12,Debt Consolidation,11.1,No,South,27/11/2021,0
CR101882,28.0,Female, Married ,high school,Unemployed,5.8,104596.41,2652.73,0.304,414.0,7,0,no,Rent,37446.61,12,Car,24.68,no,North,05-10-2022,0
CR100949,34.0,Female,Single, High School , Employed ,11.3,36945.5,1512.52,0.491,550.0,18,0,No,Own,9044.69,60,Debt Consolidation,5.57,NO,central,2023-08-03,0
CR101899,37.0,Male,Single,Master,Unemployed,5.8,105073.67,1441.93,0.165,734.0,11,0,No,Mortgage,41616.99,48,Home Improvement,26.15,No,Central,03-09-2023,0
CR101177,29.0,Female,Divorced,Bachelor,Employed,3.3,31742.42,1014.56,0.384,547.0,1,0,No,Rent,18433.87,60,business,12.42,NO,Central,2021-07-27,0
CR103633,,Female,, Master ,Self-Employed,5.8,36474.45,1051.2,0.346,452.0,8,1,Y,RENT,1948.98,36,Debt Consolidation,9.47,NO,East,2023-08-03,0
CR103914,63.0,Male,SINGLE,Bachelor,Employed,,19781.42,94.95,0.058,551.0,0,0,NO,Own,7281.54,12,Home Improvement,22.49,NO,South,2022-08-15,0
CR100614,57.0,Male, Married ,Bachelor,Self-Employed,20.6,91304.1,1988.15,0.261,708.0,5,1,N,Own,25159.33,12,medical,29.66,No,east,24/12/2024,0
CR101682,20.0,Female,Married,Bachelor,Employed,10.8,20648.13,553.08,0.321,799.0,19,0,No,Rent,40783.08,36,Home Improvement,16.69,No,Central,2024-01-06,0
CR100158,47.0, Female ,Married,Bachelor,RETIRED,19.6,69535.27,1715.15,0.296,586.0,5,0,NO,Rent,11534.05,60,Other,18.8,No,NORTH,2021-03-13,0
CR102291,36.0,Male,Single,Bachelor,Employed,14.2,78264.82,1546.43,0.237,763.0,12,0,,Own,7365.72,24,Debt_Consolidation,20.76,No,Central,21/05/2022,0
CR103944,25.0,Male,Single,,Employed,6.3,26792.3,214.63,0.096,453.0,19,2,1,Rent,54736.0,48,Debt Consolidation,16.81,No,North,09-09-2023,0
CR100703,27.0,Male,Single,High School,Employed,6.6,53583.01,2305.33,0.516,452.0,2,0, No ,Rent,15917.42,12,Medical,19.09,No,West,16/09/2022,0
CR101540,45.0,Female,MARRIED,Bachelor,Employed,9.1,28019.38,1078.48,0.462,638.0,0,1,Yes,Own,46043.48,60,Debt Consolidation,22.56,Yes,WEST,2023-12-26,0
CR100687,52.0, Female ,Divorced,HIGH SCHOOL,Employed,16.7,73183.37,1693.69,0.278,671.0,16,2,No,Rent,32737.11,24,Home Improvement,26.2,Yes,North,13/06/2024,1
CR103524,,Female,divorced,High School,Unemployed,4.4,64136.95,1640.48,0.307,356.0,13,2,Yes,Mortgage,54105.59,48,Debt Consolidation,26.69,No,Central,12-20-2023,1
CR103918,,Female,Married,bachelor,UNEMPLOYED,9.7,21961.58,975.32,0.533,682.0,11,2,,Rent,49558.43,12, Car ,18.57,No,East,2023-05-02,0
CR100334,44.0,MALE,Married,high school,Self-Employed,10.3,28853.0,364.62,0.152,740.0,13,0,1,mortgage,38250.37,48,Debt Consolidation,9.84,No,North,01-21-2022,0
CR100493,52.0,Female,Divorced,High School,Unemployed,9.5,41213.48,873.34,0.254,465.0,11,0,No,Own,4132.27,12,Education,4.53,NO,NORTH,2024-03-20,0
CR102914,41.0,Male,Single,High School,Employed,9.1,81659.49,1713.89,0.252,800.0,7,0,No,Mortgage,27280.66,12,Home_Improvement,7.91,No,West,2022-06-17,0
CR101294,73.0,MALE,Divorced,Other, Employed ,3.5,43569.7,400.03,0.11,473.0,18,0, No ,,17596.25,36,DEBT CONSOLIDATION,24.48,No,North,2023-09-22,0
CR100908,39.0,Male,WIDOWED,High School,Self-Employed,5.1,51216.84,2341.47,0.549,585.0,14,1,Yes,Own,50962.75,48,car,23.83,No,South,07/07/2023,0
CR100887,29.0,MALE,single,Bachelor,Employed,0.0,31122.74,1028.42,0.397,823.0,5,3,Yes,Own,43383.84,36,business,10.83,no,Central,2022-05-26,0
CR100370,37.0,female, Divorced ,Bachelor,Employed,15.4,44305.78,1991.94,0.54,346.0,13,0,Yes,Rent,36581.36,48,Debt Consolidation,20.77,No,Central,06/07/2024,1
CR102528,23.0,Male,Divorced,BACHELOR,Self-Employed,,16934.09,739.67,,526.0,0,0,No,Rent,51871.0,24,Debt Consolidation,7.75,,West,06-25-2023,0
CR103322,63.0,Female,Single, High School ,Employed,13.2,35883.02,1505.81,0.504,719.0,0,0,Y,Own,18958.29,36,Debt_Consolidation,21.98,No,West,2023-06-11,0
CR100557,68.0,Male,Divorced,Bachelor,Employed,10.9,38059.32,657.38,0.207,390.0,1,1,No,Rent,24679.82,12,Medical,28.23, No ,North,2022-01-13,1
CR100637,35.0,Female,divorced,Other,Unemployed,9.3,50176.02,128.69,0.031,443.0,17,2,No,Mortgage,28933.59,12,Debt Consolidation,6.81,No,East,2024-10-16,0
CR100590,64.0,Female,Single,Master,Employed,11.3,40962.3,1383.57,0.405,424.0,13,0,YES,Rent,1590.2,24,Education,28.33, No ,EAST,06-08-2023,1
CR100873,25.0,MALE,married,,Employed,5.0,64294.16,1202.03,0.224,739.0,10,1,No,Rent,11646.23,36,Business,5.16,no,CENTRAL,14/07/2021,0
CR101645,35.0,MALE,Married,Bachelor,Employed,4.3,25444.26,422.32,0.199,788.0,6,0,No, Mortgage ,56590.77,60,Debt Consolidation,25.46,No,South,2023-10-06,0
CR102021,56.0, Male ,Married,High School, Employed ,18.7,35326.71,1227.41,0.417,675.0,17,1,No,Own,45338.55,48,Debt Consolidation,11.28, No ,South,02-10-2023,0
CR101297,57.0,Other, Married ,bachelor,Employed,4.1,42710.02,1110.25,0.312,418.0,16,1,0,Mortgage,27341.8,48,Car,6.17,YES,South,2021-09-26,1
CR101567,52.0,MALE,Married,Master,Employed,0.0,43281.16,744.06,0.206,431.0,15,1,,Rent,17692.32,36,Other,27.74,No,South,02/03/2022,1
CR103658,37.0,Female,Married,Bachelor,Unemployed,10.4,28514.99,361.97,0.152,666.0,13,0, No ,Own,56474.09,60,Debt Consolidation,14.53,No,East,10/07/2023,0
CR104444,60.0,Female,Single,Bachelor,Employed,12.9,29032.21,1019.91,0.422,,11,0,Y,Rent,44059.21,12,Other,6.96,No,North,2023-11-14,0
CR102667,73.0,Male,Single,Master,Unemployed,3.6,41780.8,1096.81,0.315,551.0,10,0,no, Own ,51007.24,36,Car,13.38, Yes ,East,10-14-2024,1
CR102779,20.0,Male,SINGLE,Bachelor,Employed,0.4,53792.25,639.25,,,10,1,NO,Other,33795.47,60,Business,9.68,No,East,05-03-2024,1
CR103625,61.0,Female,Single,other, Employed ,3.5,10587.43,145.68,0.165,688.0,1,0,0,Mortgage,57729.45,24, Business ,6.02,No,South,2024-11-10,0
CR103601,53.0,Male,Married,,Employed,16.2,43674.34,1774.23,0.487,345.0,15,1, No ,,4999.96,36,Debt Consolidation,15.65,no,Central,01-03-2023,1
CR102476,48.0,Female,Married,high school,Employed,14.8,53174.39,1880.88,0.424,415.0,2,1,yes,Rent,57823.72,12,Debt Consolidation,15.91,No,Central,11-09-2021,0
CR102772,29.0,Other,,Bachelor,retired,6.5,61319.21,2795.56,0.547,,11,0,,,32882.83,24,Car,28.2,No,Central,2022-06-25,0
CR101236,18.0,Female,Single,,Self-Employed,9.5,19204.61,647.63,0.405,426.0,12,0,NO,Rent,7600.67,60,Debt Consolidation,29.74,,West,11-04-2023,0
CR102075,41.0,female,Married,MASTER,Employed,6.8,33998.51,1268.42,0.448,451.0,7,0,Yes,Own,58245.5,24,EDUCATION,26.46,No,North,2021-10-30,0
CR101698,38.0,Male,Divorced,BACHELOR,Self-Employed,15.1,30001.12,302.54,0.121,734.0,1,0,No,,53607.05,60,Car,10.85,No,South,2021-04-11,0
CR102904,55.0, Male ,Divorced,High School,Employed,11.1,39588.81,156.13,0.047,472.0,9,1,, Mortgage ,25711.65,60,Car,24.14,No,East,10-01-2022,0
CR101043,39.0,Male,Married,High School,Self-Employed,3.9,34672.7,821.51,0.284,636.0,16,2,No,Rent,4186.13,36,car,12.51,NO,East,17/02/2024,0
CR103373,47.0,Male,,Master,Employed,12.0,28408.71,299.06,,488.0,8,2,yes,rent,31318.17,60,Education,22.42,NO, South ,06-19-2024,0
CR101216,47.0,Male,MARRIED,Bachelor,Self-Employed,13.6,12711.31,351.81,0.332,372.0,1,0,Yes, Rent ,10616.53,48,Home_Improvement,23.14,no,East,07-27-2022,0
CR104519,42.0,Other,Single,Bachelor,Retired,4.2,38499.5,389.53,0.121,,7,0,N,RENT,36599.85,12,Debt Consolidation,23.66,No,West,06-24-2024,1
CR101416,54.0,Female,Single,Master,Employed,7.1,44415.99,1471.82,0.398,508.0,15,0,No,Mortgage,18366.5,24,Debt Consolidation,16.3,Yes,EAST,05/01/2023,1
CR100966,52.0,Male,,Master,Employed,4.7,19763.07,132.35,0.08,459.0,9,0, No ,Rent,51249.08,24,Car,17.34,,West,18/10/2022,0
CR104198,73.0,Other,Divorced,Master,EMPLOYED,5.6,49441.52,184.6,0.045,321.0,10,0,No,Mortgage,24503.13,24,Debt Consolidation,20.8,No,West,12-21-2023,1
CR104585,53.0,Female,Single,Bachelor,employed,0.0,37509.97,121.41,0.039,827.0,10,0,Yes,RENT,35604.67,48,BUSINESS,21.51,,South,07-22-2023,0
CR103855,59.0,Male,Married, High School ,Employed,1.6,30752.48,148.44,0.058,,11,0,,RENT,24757.65,24,Debt Consolidation,25.68,No,East,18/01/2024,1
CR100149,21.0,Female,Single,Bachelor,Retired,7.9,35935.18,539.91,0.18,495.0,5,0,No,Own,22653.52,24,Business,9.33,no,CENTRAL,09-21-2022,0
CR103704,72.0,Male,Single,Bachelor,Retired,,49192.31,2031.66,0.496,609.0,5,1,Yes,Rent,7931.12,12,Other,17.48,NO,West,06-25-2021,0
CR103827,49.0,Female,Single,High School,retired,9.8,27680.29,851.21,0.369,437.0,6,0,No,Own,32911.06,12,Car,11.24,No,South,2023-06-14,1
CR104186,,Female,Married,Bachelor,Retired,6.2,41610.55,776.17,0.224,343.0,17,0,no,MORTGAGE,59469.49,36,Home Improvement,28.93,No,NORTH,2021-01-11,0
CR102328,19.0,Female,Single,Bachelor,Employed,4.2,82341.45,613.91,,686.0,14,0,,Rent,53475.47,24,Debt Consolidation,14.18,yes,East,22/02/2024,0
CR104175,38.0,MALE,Married,HIGH SCHOOL,Retired,0.0,37024.78,1085.94,0.352,375.0,15,1,No,,39338.37,12,DEBT CONSOLIDATION,21.58,Yes,East,09/05/2023,0
CR100189,,Male,Married,HIGH SCHOOL,Self-Employed,5.6,28448.61,1197.25,0.505,389.0,12,0,1,Mortgage,31588.24,12,Education,26.53,No,East,18/04/2022,0
CR102661,62.0,Male,Divorced,Bachelor,Employed,2.0,14353.16,583.25,0.488,643.0,2,0,No,Own,6704.69,12,Debt Consolidation,21.49,No, North ,2022-10-19,0
CR102910,24.0,Male,MARRIED,,Self-Employed,5.9,25410.6,891.84,0.421,444.0,12,0,Yes,Mortgage,45604.99,24,Other,26.16,No,East,2023-09-11,0
CR100458,66.0,MALE,SINGLE,Bachelor,Self-Employed,2.5,97187.31,3295.66,0.407,407.0,3,1,yes,mortgage,32622.56,48,Medical,14.66,No,central,05/01/2023,0
CR102118,49.0,Male,Single, High School ,Employed,0.7,33915.39,963.33,0.341,751.0,6,1,No,,27767.33,12,Car,21.76,No,central,12/01/2023,0
CR103772,48.0,OTHER, Married ,PhD,Self-Employed,11.4,20178.78,51.84,0.031,344.0,9,1,Yes,Own,2348.98,24,Debt Consolidation,14.82,No,NORTH,21/07/2022,0
CR101012,32.0,Male,Married,Bachelor,Employed,,49191.29,1316.8,0.321,359.0,6,0,No,,30633.43,24,Car,10.93,No,West,09-18-2023,0
CR100932,32.0,MALE,Single,Bachelor,Employed,11.3,15185.95,519.51,0.411,359.0,3,0,No, Own ,54957.89,48,Medical,9.72,No,EAST,2024-01-08,0
CR101722,55.0,Female,single,High School,Self-Employed,8.0,29165.8,311.59,0.128,405.0,2,0,Yes,Own,53600.02,36,debt consolidation,28.58,No, South ,11-09-2023,0
CR103744,,Female,Single,Bachelor,UNEMPLOYED,7.0,,634.18,0.262,416.0,15,0,Yes,Rent,31156.35,48,Debt Consolidation,13.46,No,North,19/10/2022,1
CR103609,57.0,MALE,Single,High School,Employed,6.0,44573.62,1748.39,0.471,444.0,2,1, Y ,Mortgage,13324.4,36,Debt Consolidation,23.7,NO,East,03-24-2024,0
CR100869,20.0,Male,Married, Bachelor ,Employed,10.6,42132.06,1033.49,0.294,596.0,11,1,Yes,Own,1073.32,24,Home_Improvement,7.45,No,Central,28/11/2023,0
CR102439,21.0,Female,Married,High_School,Self-Employed,11.4,37679.08,690.84,0.22,794.0,19,1,Yes,Mortgage,3990.92,36,Home Improvement,8.69,no,South,23/01/2021,0
CR102558,19.0,Male,Widowed,Bachelor,Retired,4.6,75790.12,1151.36,0.182,531.0,4,2,No,Own,44402.37,48,other,6.15,No,South,07-06-2022,0
CR104545,61.0,Male,Single,MASTER,Retired,4.2,16027.12,373.29,0.279,612.0,14,1,No,Rent,16751.64,48,Debt Consolidation,4.81,No,South,03/01/2022,0
CR104554,59.0, Male , Single ,High School,Retired,18.5,26767.54,970.74,,817.0,2,0,no,Mortgage,58039.81,36,Education,15.49,No,East,29/01/2022,0
CR100218,43.0,FEMALE,Married,Bachelor,employed,5.7,28723.37,1287.5,0.538,615.0,1,0,No,Rent,30240.61,36,Home Improvement,4.95,,South,2022-12-01,0
CR100317,60.0,Male,Divorced,High School,Employed,7.6,31313.48,383.06,0.147,748.0,6,0,0,Rent,1926.04,60,Car,10.48,No,West,24/11/2024,0
CR100874,58.0,Female,SINGLE,High School,Retired,5.9,59474.46,658.51,0.133,710.0,4,0,YES,Rent,26487.79,60,Home Improvement,17.97,Yes,Central,2022-07-26,0
CR104210,26.0,Female,Single,High School,Employed,1.6,56175.62,634.37,0.136,309.0,1,0,NO,,47772.1,36,Home Improvement,8.66,Yes,East,01-31-2022,1
CR104215,75.0,Female,Divorced,Other,employed,0.0,21756.35,744.42,0.411,799.0,19,3,, Own ,7777.7,60,Home Improvement,15.94,No,East,06-26-2024,0
CR103703,70.0,Female,MARRIED,Bachelor,Employed,16.1,25179.91,654.86,0.312,660.0,8,1,No,Own,43531.79,24,Home Improvement,11.0,No,north,07-12-2024,0
CR103613,22.0,Female,Single,Bachelor,Employed,13.4,29750.2,275.54,,728.0,7,0,Yes,Rent,50386.63,60, Home Improvement ,18.11,No,Central,03-07-2024,1
CR102049,56.0,Male,Single,High School,SELF-EMPLOYED,3.0,67055.33,1143.7,0.205,,15,0,No,RENT,4718.25,60,Business,20.9,No, Central ,04/10/2022,0
CR101307,31.0, Male ,Married,HIGH SCHOOL,Employed,15.7,19497.04,680.32,0.419,516.0,17,1,No,Own,12066.49,60,Home Improvement,28.31,No,Central,2022-03-04,1
CR103261,45.0,Female,Single,master,Self-Employed,7.0,39659.74,332.47,0.101,580.0,6,0,Yes,Mortgage,7809.55,24,Home Improvement,12.32,yes,East,11-24-2022,1
CR101113,34.0,female,Divorced,Bachelor,employed,8.3,69754.28,2835.1,0.488,685.0,2,1,NO,Own,55637.61,12,debt consolidation,14.56,Yes,East,26/11/2022,1
CR101804,25.0,Female,Widowed,PHD,employed,9.9,73780.5,712.34,0.116,806.0,8,0,Yes,Other,53042.76,36,home improvement,8.2,No,South,11-25-2024,0
CR100497,39.0,Female,Single,High School,Self-Employed,0.0,57409.94,764.19,0.16,540.0,4,0,1,,45563.81,60,DEBT CONSOLIDATION,25.47,No,South,08/12/2024,0
CR100322,53.0,MALE,Married,bachelor,Employed,2.6,26110.55,1132.99,0.521,563.0,18,0,No,Rent,21620.96,24,Medical,19.09,No, North ,2023-07-22,0
CR101160,51.0,Female, Single ,High_School,Retired,17.7,55323.91,2016.3,0.437,518.0,2,0,No,Mortgage,4153.97,48,Home Improvement,6.43,No,north,12/06/2023,1
CR102540,34.0,Male,Single,Master,Employed,0.0,26874.83,655.65,0.293,652.0,4,0,No,,53435.77,60,Education,7.61,No, North ,10-29-2021,0
CR101925,25.0,Male,Married,High School,Employed,999.0,58884.18,2313.17,0.471,571.0,13,1,Yes,Mortgage,48405.75,12,Education,8.7,Yes,West,2021-05-20,1
CR103752,73.0,Female,Divorced,Bachelor,Employed,13.6,40504.73,720.45,0.213,684.0,11,1,No,Rent,43407.32,36,Debt Consolidation,23.06,Yes,West,02/07/2021,0
CR101941,32.0,Female,Married,High School,Employed,14.3,62941.45,1490.97,0.284,648.0,3,1,Yes,Rent,41782.93,24,Car,21.89,No,east,2024-04-03,0
CR102293,61.0,male,Married,Other,Employed,15.8,275234.91,12015.27,0.524,478.0,16,1, Y ,RENT,33695.51,24,Debt_Consolidation,13.88,No,north,04-05-2024,0
CR101295,47.0,Male,MARRIED,MASTER, Self-Employed ,5.4,28743.77,494.28,0.206,588.0,5,1,Y,Rent,3594.31,12,Business,7.65,,North,11-16-2024,0
CR101449,23.0,other,married, Bachelor , Employed ,9.2,18612.66,86.49,0.056,697.0,11,0,No,OTHER,25206.81,60,Business,8.88,No,Central,27/02/2021,0
CR102826,38.0,Female,Divorced,other,Employed,13.0,47050.15,956.33,0.244,401.0,15,0,N,other,1725.01,48,Medical,11.79, Yes ,EAST,08-09-2024,1
CR100984,52.0,Male,Married,Master,Unemployed,11.4,96838.14,1421.59,0.176,446.0,4,0,Yes,Rent,1675.69,24,Debt Consolidation,4.79,Yes,West,28/12/2021,0
CR101629,25.0,Female,Married,Master,Employed,0.0,26226.09,505.73,0.231,830.0,1,0,No,Other,31671.63,24,Car,18.6,No,North,01-27-2022,0
CR101936,39.0,Female,Single,Bachelor, Unemployed ,,26010.3,1189.92,0.549,311.0,10,0, Yes ,rent,55100.83,36,Education,12.55,Yes,West,2023-07-08,0
CR102842,62.0,Female,Married,High School,Employed,3.6,87200.98,3974.49,0.547,850.0,5,1,YES,Rent,3933.22,48,Business,6.98, No ,South,11-02-2021,0
CR100095,34.0,Female,Single,High School,Employed,7.8,41645.8,1207.53,0.348,,13,0,,Rent,41266.61,12,Other,8.18,No,East,19/09/2024,0
CR104091,20.0,Female,Single,High School,Retired,3.9,24852.16,491.88,0.238,443.0,17,1,Yes,Own,21143.97,60,Home Improvement,10.12,No,West,2024-09-24,1
CR100270,35.0,Female,Married,, Employed ,9.1,16396.2,398.92,0.292,437.0,4,0,Yes,own,47911.16,60,Other,18.7,No, East ,05-15-2022,0
CR100842,70.0,Female,Married,Other,Employed,15.1,92382.01,2919.24,0.379,775.0,10,1,No,Rent,30328.51,60,Education,13.56, No ,South,2024-04-16,0
CR104066,67.0,Other,Single,High School,Self-Employed,6.7,46290.41,1901.77,0.493,360.0,5,1,No,Other,56663.18,36,Debt Consolidation,17.02, No ,East,13/07/2024,1
CR100435,25.0,Female,Single,High School,Employed,0.6,37017.07,1540.9,0.5,,0,0,Y,Mortgage,57543.31,48,Home Improvement,28.2,No,North,29/07/2023,0
CR100829,19.0,Female,Single,Bachelor,unemployed,,34979.56,996.36,0.342,597.0,5,1,No,Own,7974.12,60,Business,20.23,NO,South,13/06/2023,0
CR101377,61.0,Male,Single,Bachelor,Employed,0.0,51912.83,1321.18,0.305,477.0,11,1,No,Mortgage,29921.28,24,CAR,5.76,Yes,Central,20/04/2024,1
CR101186,26.0,Female,Married,,Unemployed,5.6,26296.54,440.06,0.201,844.0,1,0,No,own,57563.02,12,Car,14.3,No,North,2023-01-27,0
CR103555,,Male,Married,Master,Employed,6.4,167664.03,839.54,0.06,769.0,13,0,Yes,Mortgage,33863.91,12,Car,7.64,Yes,Central,07-04-2023,0
CR103539,65.0,Male, Married ,,Unemployed,18.7,23457.5,263.41,0.135,684.0,7,0, No ,Own,52409.87,24,Home_Improvement,21.84,Yes,West,16/02/2024,0
CR101683,64.0,Male,Single,Bachelor,Retired,3.6,11889.78,187.43,0.189,731.0,18,0,,Mortgage,9508.5,36,Home Improvement,4.99,No,East,07-19-2021,0
CR102856,50.0,Female,Married,PhD,Employed,9.2,39755.28,972.46,0.294,317.0,11,0,YES,Rent,20952.52,24,Other,5.86,No,North,2024-07-23,1
CR102375,75.0,Male,Divorced,Bachelor,SELF-EMPLOYED,6.2,42800.61,1556.93,0.437,,14,1,Yes,Mortgage,23236.84,36,Business,21.52,No,South,18/11/2023,0
CR102899,29.0,Female,Divorced,Bachelor, Employed ,6.9,36155.3,1521.73,,613.0,2,0,No,Rent,27983.75,36,Business,25.08,No,East,07-25-2023,1
CR102686,32.0,Female, Widowed ,High_School,UNEMPLOYED,9.8,32154.96,957.56,0.357,668.0,1,0,Y,Mortgage,47215.74,36,car,20.37,No,east,08/05/2022,0
CR101371,37.0,Female,Single,high school,employed,,27724.59,878.23,0.38,362.0,15,0,Yes,Own,2459.92,36, Car ,8.7,No,West,2024-06-30,1
CR100092,,Female,Single,master,self-employed,,36377.18,1238.87,0.409,651.0,9,0,,Own,8844.42,48,Home Improvement,29.38,No,North,10/01/2024,0
CR102584,38.0,Female,married,Master,Employed,7.0,20870.29,497.01,0.286,338.0,1,0,No,Mortgage,13488.81,48,car,10.59,Yes,South,04-16-2022,1
CR100180,72.0,female,Married,HIGH SCHOOL, Employed ,0.0,61297.25,787.61,0.154,406.0,18,1,1,Rent,42185.59,60, Business ,14.45,Yes,East,16/10/2024,0
CR102153,49.0,Female,Single,Other,Employed,8.5,26931.79,1140.77,0.508,429.0,2,0,0,Mortgage,23957.56,60,Car,7.25,No,South,11-25-2023,1
CR104228,38.0,Female,Single,High_School, Unemployed ,2.8,43197.6,1243.01,0.345,401.0,5,0,Yes,Rent,10618.58,60,debt consolidation,15.32,NO,East,30/03/2023,1
CR104307,,Female,Married,High_School, Employed ,9.2,46427.82,570.16,0.147,759.0,16,0,No,RENT,22789.34,48,debt consolidation,9.81,No,North,03/10/2022,0
CR100107,56.0,Female,Divorced,Bachelor,retired,8.3,41207.39,1395.17,0.406,310.0,14,0,N,Mortgage,36661.65,24,Home Improvement,9.09,No,Central,07-04-2022,1
CR101940,27.0,Male, Divorced ,BACHELOR,Unemployed,5.2,34016.49,394.96,0.139,776.0,9,0,Yes,Rent,28692.89,60,medical,11.07,Yes,North,12-15-2022,0
CR103945,60.0, Female ,SINGLE,High School,Self-Employed,8.1,22581.97,976.74,0.519,,1,1,Yes, Own ,3490.35,12,Education,15.19,No,West,04-21-2023,1
CR104137,33.0,Female,Single,Master, Retired ,9.4,71481.99,340.39,0.057,750.0,4,0,No,Rent,22071.19,12,Education,17.78,No,CENTRAL,30/03/2024,0
CR103289,28.0,female,Single,High School,Employed,0.0,23253.59,949.11,0.49,,7,1,Yes,Own,47082.44,60,Business,18.9,Yes,West,2023-04-08,1
CR103698,34.0,OTHER,Married,High School,Retired,2.6,35215.3,1125.72,0.384,634.0,3,0,Yes,Own,48781.07,24,Debt Consolidation,27.82,NO,East,09-08-2021,0
CR101829,74.0,Female,Single,Master,Self-Employed,9.1,,774.99,0.288,829.0,0,1,0, Mortgage ,11834.44,36, Debt Consolidation ,26.29,No,North,02-14-2023,0
CR102643,45.0,Male,Married,Bachelor,Employed,1.3,52396.2,545.12,0.125,326.0,15,2,No,Rent,24100.76,12,Car,11.9,No,East,21/12/2022,1
CR103467,32.0,Male,,Master,Employed,2.7,25677.22,485.07,0.227,629.0,19,0,0,Rent,57486.64,60,Debt Consolidation,18.24,No,North,2024-09-23,0
CR101853,27.0,female,SINGLE,PhD,Unemployed,1.1,23522.7,800.67,0.408,587.0,8,0,YES,Own,17394.95,60,Debt Consolidation,11.86,No,East,15/10/2022,0
CR103677,62.0,female,,Bachelor,employed,12.8,40682.32,549.78,0.162,428.0,15,0,No,Other,10208.72,36,Medical,15.1,No,East,04-19-2021,0
CR101272,72.0,Male,Divorced,High School, Employed ,,17226.5,490.56,0.342,832.0,16,0,Yes, Other ,7110.09,12,Business,13.81,No,East,2022-02-04,0
CR101114,29.0,male,Married,High School,Self-Employed,10.9,28295.97,1138.24,0.483,449.0,8,0,no,Other,22430.52,12,Car,17.06,No,South,27/01/2024,0
CR102527,73.0,Female,Single,High School,Employed,6.9,29947.15,133.11,0.053,,2,1, Y ,Rent,38739.4,48,Debt Consolidation,20.78,Yes,South,08-23-2022,1
CR104432,70.0,Male,MARRIED,,Employed,0.8,35413.74,987.98,0.335,345.0,8,1,0,Rent,53130.95,12,Debt Consolidation,20.81,no,East,2021-05-05,0
CR103043,48.0,Female,Single,Bachelor,Employed,11.1,23790.21,634.18,0.32,352.0,0,0,NO,Rent,40091.19,36,Home Improvement,26.94, No ,South,02-09-2021,1
CR100336,,Male,Married,Bachelor,Unemployed,5.7,18734.98,432.41,0.277,536.0,11,0,yes, Mortgage ,1114.16,24,Debt Consolidation,19.41,No,South,2022-04-05,0
CR104546,52.0,Female,Married,High School, Employed ,10.5,20932.3,845.41,0.485,689.0,18,0,,RENT,6692.72,24,Business,10.75,no,West,05-23-2022,0
CR102073,37.0,Male,Divorced,Bachelor,Employed,8.7,31098.44,1276.4,0.493,523.0,9,0,No, Own ,35891.21,12,Car,27.12,No,North,2022-10-18,0
CR102768,45.0,Male, Married ,Master,Employed,10.7,,187.99,0.094,772.0,1,0,Yes,Rent,49396.81,12,Debt Consolidation,15.76,No,South,2021-08-02,0
CR101292,43.0,Female,Single,High School,Self-Employed,7.9,22669.99,320.18,0.169,550.0,6,0,Yes,Rent,35754.01,24,Debt Consolidation,21.55,No,South,02-01-2023,0
CR101581,30.0,Female, Married ,master,Employed,4.6,66194.41,793.83,0.144,634.0,5,0,No,Own,8125.88,36,Home Improvement,28.52,No,West,02-21-2021,0
CR101933,73.0,Male,Single,bachelor,Employed,2.8,55347.1,2427.81,0.526,783.0,5,0,No,rent,41030.02,36, Car ,17.75,,Central,05/09/2021,0
CR103896,48.0,MALE,Single,Bachelor,Self-Employed,0.0,28024.21,79.7,0.034,,17,0,Yes,Own,28621.72,36,Debt Consolidation,21.62,No, South ,07/12/2021,0
CR103857,19.0,Male,Married,Master,Employed,12.5,35898.28,1492.7,0.499,383.0,19,1,YES,Mortgage,23222.11,12,Debt Consolidation,15.45,No,North,10-08-2024,0
CR102602,63.0,Male,Single,,Employed,0.0,26941.8,1188.25,0.529,467.0,10,0,NO,Mortgage,17830.47,24,DEBT CONSOLIDATION,17.41,,West,2021-02-01,1
CR100471,64.0,Other, Married ,, Employed ,0.3,28295.23,320.11,0.136,820.0,18,0,No,Rent,43489.51,60,Debt Consolidation,16.24,No,West,07-11-2021,0
CR100028,49.0,Male,MARRIED,high school,Employed,0.0,13947.15,572.06,0.492,798.0,18,0,Y,Mortgage,2421.5,36,Debt Consolidation,25.68,Yes,East,05/09/2021,0
CR100066,70.0,Female,Single,high school,Retired,6.0,29285.71,1295.91,0.531,737.0,7,0,No,,39253.42,60, Other ,15.3,No,South,28/10/2024,0
CR104319,20.0,Female, Single ,Bachelor,Self-Employed,17.8,41180.41,219.02,0.064,421.0,16,0,No,Rent,6689.81,12,BUSINESS,20.85,No,West,02/04/2023,0
CR104185,51.0,Male,Married, Other ,Employed,1.0,32786.69,1461.78,0.535,823.0,14,0,,own,56850.6,60,Car,21.07,Yes,Central,08-31-2023,1
CR102719,27.0,Male,Single,High School,Employed,0.4,41659.82,556.51,0.16,506.0,1,0, No ,Own,22137.56,12,car,15.75, No ,West,11-09-2022,0
CR102261,75.0,Other,Widowed,High School,Employed,8.1,55866.18,492.69,0.106,700.0,7,0,No,,40724.35,60,Car,17.8,No,west,03/08/2024,0
CR103655,45.0,Male,Married,High School,Employed,3.7,21968.81,989.11,0.54,738.0,2,0,Yes,Rent,23602.88,60,Home Improvement,4.76,No,East,2021-08-10,0
CR102594,35.0,Female,divorced,Master,Employed,11.1,29357.97,1014.68,0.415,808.0,14,0,Yes,Other,1593.47,48,Medical,27.44,No,West,13/04/2022,0
CR101013,36.0,Male,Single,Other,Retired,16.1,43549.91,295.48,0.081,752.0,17,1,No,Own,44101.6,24,Home Improvement,22.82,No,East,03/05/2022,0
CR101589,19.0,Male,Married,High_School,employed,,41537.25,1007.51,0.291,841.0,11,0,No,Mortgage,16682.72,36,Debt Consolidation,4.56,No,CENTRAL,2023-11-15,0
CR103318,32.0,Male,Single,High School,Employed,,15157.48,414.79,0.328,374.0,17,0,no,Rent,1745.97,48,Medical,12.51,no,North,22/06/2023,0
CR104151,,Female, Single ,Bachelor,EMPLOYED,1.0,19389.84,122.0,0.076,665.0,18,1,No,,7518.95,60,Other,21.12,No,East,2022-03-05,0
CR102926,,male,Single,Bachelor,Employed,8.8,93249.5,3364.52,0.433,439.0,19,0,0, Mortgage ,55308.51,60,Other,17.24, No ,West,2023-03-12,0
CR100643,45.0,Female,Divorced,High School,Retired,13.4,60567.3,698.44,0.138,,6,0,,Mortgage,54989.36,60,Car,13.54,No,East,05-31-2022,0
CR102226,68.0,Female,SINGLE,High School,Employed,2.1,45770.6,1994.72,0.523,764.0,16,0,No,Mortgage,1747.33,48,Education,20.85,No,North,2021-04-25,0
CR103455,68.0,Female,SINGLE,Bachelor,Self-Employed,0.9,,4323.0,0.455,,19,0,YES,mortgage,42334.0,24,Debt Consolidation,15.65,No,East,10-04-2021,0
CR104194,50.0, Female ,Single,High School,unemployed,10.2,19418.26,241.76,0.149,399.0,0,1,No,Own,34942.6,36,Business,5.95,No, East ,08/07/2021,1
CR103411,,Female,Single,High School,Self-Employed,6.1,13779.07,585.41,0.51,756.0,12,0, No ,Rent,25541.19,12,Education,13.43,No,EAST,17/04/2022,1
CR102379,55.0,Male,Single,Bachelor,Self-Employed,8.2,33673.46,1198.14,0.427,843.0,1,0,Yes, Rent ,10355.07,24,Education,14.36,No,North,12-30-2024,0
CR101673,,male, Married ,Bachelor,Employed,,34353.54,1059.1,0.37,635.0,7,1,Yes,Rent,55885.84,12,Debt Consolidation,24.46,No,Central,09-20-2021,0
CR101062,26.0,male,Married,Bachelor,Employed,19.0,26336.73,192.0,0.087,765.0,9,1, No ,Rent,31944.9,60,Car,16.47,NO,East,11-19-2022,0
CR100563,28.0,Male,Married,Master,Self-Employed,,57898.2,251.55,0.052,830.0,7,0,No,Rent,9864.07,24,Car,28.23,No,East,2022-09-12,0
CR100226,64.0,male,,Bachelor,Retired,8.9,44837.88,462.68,0.124,438.0,14,0,No, Mortgage ,58443.25,60,other,24.33,No,East,12-31-2022,1
CR100196,37.0,Female,Single,Bachelor,Employed,7.4,69254.28,2116.48,0.367,330.0,5,0,No,Mortgage,47627.54,36,Debt Consolidation,11.55,No,East,2021-07-11,0
CR104217,37.0,Female,Single,Bachelor, Employed ,2.4,92535.61,1351.59,0.175,602.0,18,0,No,Own,30402.05,36,Car,26.96,No,North,2021-12-28,0
CR104118,30.0,Female,Widowed,High School,Unemployed,14.3,,692.59,0.23,836.0,3,0,N,Mortgage,45595.12,48,Medical,26.35,No,EAST,2023-11-21,0
CR100820,19.0,Other,MARRIED,High_School,EMPLOYED,10.1,51101.86,733.92,0.172,541.0,11,1,No,Rent,45033.56,24,Debt Consolidation,22.6,No,WEST,09-23-2021,0
CR100680,59.0,Male,Married,BACHELOR,Employed,2.8,33301.36,1457.07,0.525,,3,0,Yes,Rent,29214.54,36,Debt Consolidation,15.91,No,East,09-29-2021,1
CR103613,22.0,Female,Single,Bachelor,Employed,13.4,29750.2,275.54,,728.0,7,0,Yes,Rent,50386.63,60, Home Improvement ,18.11,No,Central,03-07-2024,1
CR101506,71.0,Female,Widowed,High_School,Retired,8.4,14272.55,300.14,0.252,805.0,1,0,No,Rent,46485.28,12,Debt Consolidation,21.47,No,West,2024-11-24,1
CR101727,51.0,female,Married,high school,Employed,12.3,35352.39,533.22,0.181,356.0,19,0,Y,other,49767.99,24,Education,24.55, No ,West,17/08/2021,1
CR101643,52.0,Male,SINGLE,bachelor,Employed,13.4,59369.15,1908.14,0.386,632.0,3,0,No,Own,26826.38,12,Debt Consolidation,10.87,No,West,27/11/2024,0
CR100841,56.0,female,Single,Bachelor,Unemployed,17.7,53420.66,1526.7,0.343,849.0,5,0,No,Mortgage,59160.07,12,Debt Consolidation,19.33,NO,North,19/09/2022,0
CR103320,22.0,Female,Single,Bachelor,Employed,3.6,15318.74,107.97,0.085,541.0,7,1,NO,RENT,11316.24,12,Car,16.65,YES,west,06-30-2021,0
CR101622,71.0,Male,Single,Bachelor,Employed,2.6,25993.83,826.58,,762.0,3,0,Yes,Rent,40498.48,24,home improvement,21.28,No,West,2024-06-28,0
CR100977,51.0,Male, Single ,HIGH SCHOOL,Retired,9.9,27077.97,1063.45,0.471,596.0,15,0,No,Rent,14197.83,24,Car,23.11,NO,WEST,2022-11-12,0
CR102555,23.0,Female,Married,Bachelor,Employed,7.1,21196.18,128.13,0.073,441.0,15,0,No,,19575.15,36,Home Improvement,29.74,No,South,2024-11-10,0
CR103116,54.0,Female,Married,Bachelor,EMPLOYED,0.0,27451.41,381.97,0.167,423.0,3,0,Yes,RENT,23155.46,12,Car,25.33,No,North,03/11/2023,0
CR100247,42.0,Other, Single ,high school, Employed ,10.6,35567.87,1241.25,,435.0,3,0,No,Mortgage,31613.8,36,Home_Improvement,12.41,No,East,2021-08-23,0
CR100057,26.0,Female, Married ,Bachelor,Retired,,,1137.83,0.236,,12,0,No,Mortgage,30090.69,48,Medical,15.54,No,West,2022-05-17,0
CR101358,23.0,FEMALE,Married,High School,EMPLOYED,3.8,18814.75,166.36,0.106,818.0,12,1,No,Own,51942.97,24,Other,13.75,Yes,South,12-12-2023,1
CR104574,59.0,Female,Single, Bachelor ,Employed,14.8,22718.31,914.11,0.483,756.0,16,0,No,RENT,46229.78,48,Medical,8.4,Yes,North,20/01/2021,0
CR102582,34.0,Female,Married,MASTER,Employed,1.0,57345.83,852.29,0.178,510.0,5,0,N,Mortgage,13092.8,12,Home Improvement,18.99,No,South,16/01/2024,0
CR101124,66.0,Female, Married ,High School,Employed,17.1,47735.31,442.15,0.111,418.0,0,1,No,Own,52056.38,36,Business,7.77,No,Central,01-13-2022,0
CR101943,19.0,Female,Married,High School,Self-Employed,18.1,56212.72,1542.72,0.329,781.0,18,2,no,Own,16122.25,60,Debt Consolidation,5.13,No,South,05/08/2024,0
CR103358,,Female,MARRIED,High School,Self-Employed,4.7,25509.92,380.61,0.179,826.0,19,0,No,Rent,32037.84,60,Debt Consolidation,23.29, No , Central ,09/01/2023,0
CR101376,73.0,Male,Single,Master,Employed,18.9,,642.22,0.195,350.0,2,0,No,,15680.57,60, Home Improvement ,10.93,YES,WEST,30/01/2024,0
CR100183,58.0,Male,Single,Bachelor, Self-Employed ,2.0,19508.79,861.07,0.53,748.0,19,1,N,Rent,19336.5,60,Home Improvement,22.11,No,South,2024-02-03,1
CR102523,41.0, Male ,Single,High School,Employed,15.4,23689.9,55.46,0.028,486.0,1,0,,Mortgage,17778.95,12,Debt Consolidation,22.53,No,North,06-11-2023,1
CR100296,67.0,Female,single,High School,Employed,8.9,63849.54,751.53,0.141,818.0,15,1,No,Own,43133.49,60,Car,27.7,Yes,North,24/07/2023,0
CR101636,27.0,Male,Single,Master,Employed,,54949.19,1621.49,0.354,578.0,1,0,No,Own,40140.45,36,Car,12.39,No,East,11-25-2022,1
CR104249,39.0,Female,Married,HIGH SCHOOL,EMPLOYED,,30550.01,1142.99,0.449,,11,2,No,Rent,45071.2,12,Debt Consolidation,8.3,No,west,2021-09-10,0
CR100428,19.0,Male,Single,Master,Employed,16.8,53642.25,1580.41,0.354,423.0,19,1,no,MORTGAGE,10036.11,60,Business,8.13,No,East,09/10/2023,1
CR101213,68.0,Female,Single,Other,Unemployed,8.7,28515.28,568.26,0.239,368.0,12,1,No,Own,16289.49,48,Medical,7.86,no,Central,2024-03-10,0
CR102136,49.0,Male,, Bachelor ,Employed,11.2,35172.37,1041.76,0.355,,15,0,Yes,RENT,26592.58,60,Medical,19.21,No,West,10-17-2024,1
CR100533,34.0,Female,Married, Bachelor ,Self-Employed,10.9,,1484.35,0.323,840.0,1,0,Yes, Rent ,38506.99,36,medical,17.96,Yes,South,09/02/2023,0
CR102936,62.0,Male,Married,Bachelor,Employed,10.1,16935.28,31.16,0.022,,17,0,Yes,mortgage,30297.13,24,Home Improvement,9.25,Yes,WEST,2022-07-01,1
CR102944,65.0,Male,Single,High School,EMPLOYED,6.2,32272.33,1242.45,0.462,419.0,10,0,No,OWN,52666.06,60,Car,24.14,, North ,04-22-2023,0
CR104506,34.0,Female,,Bachelor,Self-Employed,15.6,48901.8,1101.5,0.27,681.0,4,0,,,45242.16,48,Car,6.51,No, Central ,07-12-2021,0
CR100667,67.0,Female,Married,High School,Employed,4.7,73514.56,1378.96,0.225,303.0,1,0,No,Rent,44363.89,60,HOME IMPROVEMENT,29.86, No ,South,2024-12-02,1
CR100491,68.0,Male,Married,High School,self-employed,6.7,43668.2,628.45,0.173,679.0,14,0,Yes,,52640.02,60,Business,14.14,No,West,08-27-2023,0
CR100256,57.0,Male, Divorced ,Bachelor,Employed,15.3,16164.84,661.61,0.491,517.0,13,1,no,rent,17197.04,48,Education,24.84,No,West,10-14-2021,0
CR103766,57.0,Male,MARRIED,MASTER,Employed,1.9,38417.48,907.71,0.284,831.0,10,0,No,mortgage,59800.36,12,Business,26.93,No,Central,2023-11-21,0
CR101659,32.0,Male,Single,PHD,unemployed,0.0,15389.68,166.07,0.129,900.0,13,0,No,Mortgage,7835.45,12,Debt Consolidation,24.18,No,South,2022-03-18,0
CR101805,,Male, Single ,High School,Retired,7.3,46216.55,2031.38,0.527,524.0,18,0,Yes,Own,44984.54,24,Debt Consolidation,8.24,yes,CENTRAL,2022-12-31,0
CR103935,67.0,MALE, Married ,Bachelor,Retired,6.9,34383.46,230.73,0.081,654.0,17,0,NO,own,23792.8,24,Car,14.2,No,Central,2023-08-09,0
CR100308,36.0,Male,Single,High_School,Self-Employed,1.5,28847.37,335.4,0.14,320.0,12,1,no,Own,5113.02,36,Education,26.62,Yes,South,25/11/2024,0
CR104350,53.0, Female ,,high school,Employed,,16270.85,709.4,0.523,530.0,18,1, Yes ,Mortgage,16616.41,36,Debt Consolidation,19.98,Yes,Central,31/05/2021,0
CR101705,67.0,Female,Divorced,Bachelor,Employed,8.4,83709.01,1956.4,0.28,492.0,9,0,YES,Rent,51728.41,24,Other,4.76,No,West,07/02/2022,0
CR104330,28.0,Female,Single,Master,EMPLOYED,,63653.21,1161.62,0.219,540.0,5,2,Yes,Rent,22629.97,36,Medical,12.66,No,North,2023-09-15,1
CR101913,63.0,Male,Single,,Employed,5.1,36846.49,157.31,0.051,624.0,3,0,Yes,Own,26478.16,36,Home_Improvement,21.9,No,central,27/02/2023,0
CR104153,74.0,Male, Single ,High School,Employed,0.0,,1528.23,0.241,801.0,0,0,Yes,Mortgage,29873.26,60,Debt Consolidation,24.37,No,east,01/01/2022,0
CR101257,50.0,Male,Single,MASTER,Employed,14.5,49737.57,582.21,0.14,647.0,11,0,,Rent,16099.29,12,Home Improvement,29.03,No,Central,26/02/2024,0
CR100979,50.0,Male,MARRIED,High School,Self-Employed,12.3,33449.97,321.88,0.115,703.0,9,0,No,RENT,10867.8,60,CAR,27.44,No,South,26/03/2022,0
CR104321,43.0,Male,MARRIED,High School,Employed,9.2,81084.21,1316.41,0.195,316.0,9,0,Yes,Mortgage,52167.46,24,Medical,8.07,yes,NORTH,24/12/2023,0
CR103084,37.0,Male,Single,High School,Employed,11.2,20933.25,476.44,0.273,338.0,17,1,No,RENT,16798.76,12,Debt Consolidation,18.31,Yes,West,05-27-2021,0
CR103863,53.0,Female,Divorced,Bachelor,Employed,,24305.36,47.96,0.024,556.0,18,0,No,Own,53819.6,24,education,14.01,No,South,01-29-2021,0
CR102036,51.0,FEMALE,SINGLE,Master,Retired,10.6,24535.17,158.89,0.078,583.0,9,0,No,Mortgage,28906.49,36,OTHER,20.94,,West,27/03/2023,0
CR100883,27.0,Male,MARRIED,Master,Employed,9.7,47580.42,1872.2,0.472,763.0,5,1,Y,Rent,40572.63,60,Home Improvement,20.44,no,East,2022-07-10,0
CR101887,41.0,Male,Divorced,High_School,Employed,7.8,30007.03,888.51,0.355,534.0,15,1,No,Mortgage,32335.11,12,Business,22.59,NO,south,03-16-2023,0
CR101741,61.0,female,Divorced,Bachelor,Employed,0.0,28602.58,907.72,,761.0,5,1,No,,11470.86,48,Education,21.42,No,South,03/06/2022,0
CR100388,69.0,Other,Single,Master,employed,4.3,36904.3,172.54,0.056,466.0,11,0,No,Rent,57324.28,60,car,14.05,No,CENTRAL,02-26-2022,0
CR100485,31.0, Female ,Married,PhD,Employed,1.8,16160.37,619.75,0.46,326.0,11,0,No,Mortgage,23579.73,48,Home Improvement,27.8,no,Central,2024-06-08,1
CR101981,54.0,Male,,High School,Employed,8.8,44279.37,318.72,0.086,499.0,14,0,YES,mortgage,16954.81,48,Education,6.35,No,East,2023-03-30,1
CR101195,54.0,Male,Single,Master, Employed ,0.0,,880.56,0.209,737.0,14,0,Yes,Rent,45610.91,24,Education,21.03,No,CENTRAL,09/05/2021,0
CR102677,68.0,FEMALE,Married,Bachelor,Employed,10.5,42095.35,1507.94,0.43,627.0,1,0,0,Own,20764.13,60,Car,5.57,No,CENTRAL,05-07-2022,0
CR103339,68.0,Male,Widowed,Bachelor,Unemployed,8.3,33370.25,99.07,0.036,410.0,11,0,NO,Mortgage,58518.97,60, Car ,18.48,No,North,2022-11-10,1
CR100393,52.0,Male,Single,Master,EMPLOYED,3.1,,4354.16,0.305,,2,1,no,Own,11530.57,48,Education,17.31,No,Central,2021-09-01,0
CR102783,66.0,Male,Single,Bachelor,Unemployed,7.2,26281.3,324.97,0.148,716.0,8,0,No,,6609.58,12,Business,21.23,No,North,2021-09-25,0
CR104445,42.0,male,Married,High School,EMPLOYED,9.7,58286.25,1932.32,0.398,667.0,10,0,No,mortgage,36117.26,48,Business,26.2,Yes,South,27/05/2024,0
CR103057,26.0,Female,Single,High School,Employed,3.3,69172.2,1076.89,0.187,579.0,16,1,1,Rent,43993.21,48,Home Improvement,9.97,,south,29/11/2021,0
CR100385,25.0,Male,Married,,Employed,6.1,48953.04,1582.07,0.388,521.0,0,0,NO,Mortgage,51367.59,12,debt consolidation,24.55,No,central,02-17-2022,1
CR101997,75.0,Male,Married, Bachelor ,SELF-EMPLOYED,12.4,14365.88,170.8,0.143,344.0,19,0,, Own ,37649.85,60,Debt Consolidation,6.13, No ,East,2023-11-28,1
CR102324,61.0,Female,Married,master,Employed,7.7,16605.27,578.99,0.418,379.0,10,0,Yes,own,1578.95,24,HOME IMPROVEMENT,8.31,Yes,East,04-15-2023,0
CR100821,56.0, Male , Divorced , Master ,Retired,17.3,20733.59,523.58,0.303,773.0,0,0,No,Mortgage,39421.18,48,education,23.35,Yes,North,10-04-2024,0
CR100699,23.0,Female,Married,Bachelor,Retired,6.7,39492.24,1377.39,0.419,635.0,11,0,No,Rent,12613.92,36,Home Improvement,8.19,,West,15/03/2021,0
CR104531,130.0,Male,Single,Master,Self-Employed,0.0,62452.05,2565.64,0.493,771.0,5,0,No,Mortgage,6345.2,60,Medical,23.34,No,North,02-02-2023,0
CR103611,57.0,Male,Married,Bachelor,Retired,0.0,85558.74,3406.33,0.478,305.0,17,1,No,Mortgage,25229.86,36,Education,28.85,Yes,West,17/11/2023,1
CR100323,,female, Widowed ,Bachelor,Self-Employed,2.4,13242.88,353.27,0.32,674.0,16,0,,Rent,22550.94,48,debt consolidation,11.06,no,West,2022-07-27,0
CR102894,33.0,Male, Single ,Master,Employed,9.8,31646.12,631.51,0.239,558.0,9,0,Y,Mortgage,39139.64,36,Car,8.39,No,South,06/02/2021,0
CR103447,50.0,Female,Widowed,Other,unemployed,0.0,28023.83,1085.74,0.465,316.0,19,0,Yes,Rent,22009.02,36,Car,24.7,,East,2023-08-07,0
CR103119,68.0,female,married,Master,Unemployed,0.0,26422.83,132.94,0.06,469.0,18,0, Yes ,MORTGAGE,52869.11,48,Education,25.96,NO,Central,09-11-2024,0
CR104174,41.0,Male,Single,OTHER,employed,9.3,105858.79,241.08,0.027,,2,0,YES,Own,59463.55,12,Other,19.59,No,North,01-25-2022,0
CR100773,59.0,Male,MARRIED,Master,Self-Employed,5.8,43076.96,1547.27,0.431,348.0,10,0,No,mortgage,37096.62,48,Debt Consolidation,24.87,No,South,28/05/2021,1
CR103241,30.0,Male,Married,High School,employed,12.8,26611.44,680.59,0.307,805.0,6,0,No,Rent,2192.14,24,Debt Consolidation,22.94,No,central,01/08/2022,0
CR101060,62.0,Female,Divorced,Bachelor,UNEMPLOYED,0.0,,5858.82,0.514,316.0,5,0,No,Mortgage,56797.99,12,Debt Consolidation,23.99,Yes,South,22/06/2024,0
CR101938,73.0,female,Single,High School,Self-Employed,5.6,,169.85,0.045,495.0,16,0,Yes,Rent,50705.62,48,Debt Consolidation,17.27,,south,04/08/2021,0
CR101198,64.0, Female ,Single,High School,Employed,5.3,19961.63,214.37,0.129,358.0,1,0,Yes,Mortgage,30505.58,12,Debt Consolidation,22.88,No,central,01-28-2021,1
CR102669,73.0,Female,Single,Master, Retired ,4.3,39017.6,678.59,0.209,341.0,7,0,No,Other,38325.63,36,Other,20.09,No,Central,02/07/2024,0
CR101739,29.0,Female,single,High School,Unemployed,12.6,37212.62,216.54,0.07,399.0,2,0,No,Mortgage,20333.46,48,Debt Consolidation,8.84, No ,East,2021-06-25,0
CR102825,66.0,Female,Divorced,,Employed,6.0,48254.59,583.66,0.145,348.0,17,1,,Other,14150.6,24,DEBT CONSOLIDATION,28.84,NO,east,14/01/2023,0
CR104443,44.0, Female ,Divorced,Master,Employed,5.8,33731.26,1240.7,0.441,838.0,10,0,Yes,Mortgage,16292.85,36,Debt Consolidation,29.06,No,South,15/01/2022,0
CR101624,50.0,Male,Married, Other ,Retired,0.0,36012.17,1646.32,0.549,805.0,19,0,0,own,8843.4,36,Car,27.01,YES,East,11-02-2021,1
CR101597,60.0,Male,,Bachelor,Employed,4.2,43872.43,379.64,0.104,441.0,13,1,No,Own,5286.24,48,debt consolidation,21.62,No,east,2024-04-25,1
CR102072,41.0,Male,married,Master,Employed,7.4,26598.57,351.48,0.159,789.0,11,0,No,Mortgage,15789.0,60,Business,19.99,No,South,06/07/2023,0
CR104421,75.0, Male ,Single,Master,Self-Employed,3.4,,613.82,0.342,557.0,14,0,Yes,,31102.94,60,Home Improvement,8.54,Yes,west,29/05/2024,1
CR100991,49.0,female,Divorced,Master,Self-Employed,13.0,32288.38,311.11,0.116,738.0,4,0,No,Rent,28658.36,60,Education,17.07,no,West,2024-10-25,0
CR103197,65.0,Female,SINGLE,Bachelor,Employed,0.8,28472.27,1082.08,0.456,745.0,19,1,No,Other,43912.92,24,Other,25.83,No,East,2021-11-10,0
CR100277,63.0,female,Married,High School,Employed,12.9,17927.98,209.66,0.14,844.0,6,0,No,Own,51902.38,60,Education,16.86,No,North,2024-05-24,0
CR104051,40.0,Female,Single,Master,employed,,25781.84,71.52,0.033,659.0,1,1,No,Rent,15451.37,24,Debt Consolidation,15.67,No,South,15/10/2022,0
CR104595,20.0,Female,Married,Other,Self-Employed,5.5,44220.78,987.6,0.268,716.0,1,1,No,Own,3636.33,12,Debt Consolidation,6.3,Yes,West,11-06-2024,0
CR103128,47.0,Male,Single,Bachelor,employed,1.0,28133.66,993.22,0.424,349.0,13,2,Yes,Own,59617.21,48,Education,7.03,No,Central,29/08/2022,0
CR100853,,Male,Married,High School,Employed,12.3,27458.88,976.46,0.427,683.0,1,1,No,Rent,28306.38,24,Education,28.01, No ,Central,01-01-2023,1
CR103010,39.0,Male,Married,bachelor,Self-Employed,3.9,46550.19,767.2,1.900980848063436,620.0,2,0,No,Mortgage,9924.7,12,debt consolidation,17.26,No, Central ,2024-11-29,1
CR104023,34.0,Female,widowed, High School ,Self-Employed,2.9,400160.9067220733,4805.31,0.144,664.0,4,0,No,,38034.45,36,Debt Consolidation,15.96,,West,19/08/2021,0
CR100484,44.0,Male,Widowed,High School,Retired,5.6,22327.46,804.17,,822.0,5,1,No,Rent,59370.52,60,Medical,11.79,Yes, South ,01-25-2024,0
CR101179,19.0,Female,SINGLE,MASTER,EMPLOYED,9.4,24186.37,188.71,0.094,536.0,17,0,No,mortgage,46245.0,60,Car,18.17,No,North,2024-09-19,0
CR101662,28.0,Male,Divorced,Bachelor,Employed,5.3,26030.48,1009.38,0.465,675.0,0,0,No,RENT,2414.15,60,Debt Consolidation,10.86,No,Central,26/10/2023,1
CR103451,21.0,Female,,Master,Employed,9.6,22779.15,235.48,0.124,398.0,15,0,N,Mortgage,23152.35,48,EDUCATION,27.33,No,North,2022-04-11,1
CR102553,29.0,Female,Widowed,Bachelor,Employed,4.8,47768.2,1482.31,0.372,415.0,13,0, No ,Mortgage,33952.28,24,Debt Consolidation,21.26,No,Central,01-16-2023,0
CR102012,26.0,Female,Married,Bachelor,Retired,19.9,29450.09,645.45,0.263,590.0,1,2,No,Own,7916.35,24,Business,23.17,NO,East,11-09-2023,0
CR100983,55.0,MALE,single,High School,Employed,10.4,10511.08,477.57,0.545,512.0,17,0, No ,RENT,42047.58,60,home improvement,18.55,No,NORTH,2024-09-25,1
CR102039,44.0,Female,,High School,Self-Employed,16.4,38060.64,205.54,0.065,741.0,14,0,Yes,Mortgage,7081.53,48, Business ,24.17,no, South ,2022-10-11,0
CR101385,,Female,Married,Master,Employed,4.1,40783.88,989.43,0.291,486.0,17,0, No ,own,44009.48,36,Other,5.97,,West,03-30-2023,0
CR102087,56.0,Male,Single,HIGH SCHOOL,Employed,0.0,19915.25,587.33,0.354,495.0,2,1,YES,Mortgage,38098.68,24,Home Improvement,9.53,No,Central,12-16-2022,0
CR102722,24.0,Male,Divorced, Bachelor ,Employed,10.7,42434.92,1436.36,0.406,519.0,9,1,Yes,Rent,58537.66,36,Debt Consolidation,29.47,No,South,2024-01-14,1
CR101769,29.0,Female,Single,Bachelor,Employed,0.6,41274.28,495.8,0.144,799.0,9,1,No,Rent,58409.95,48,Education,16.75,No,west,31/03/2023,0
CR104580,29.0,female,Married,Bachelor,Employed,7.5,46592.86,1633.54,0.421,310.0,10,0,,Rent,22223.79,48, Home Improvement ,8.7,No,Central,21/10/2024,0
CR102453,45.0,Male, Single ,Master,Employed,9.2,33267.27,625.0,0.225,530.0,0,3,N,,59726.67,60,debt consolidation,17.1,No,South,04-06-2024,1
CR102935,31.0,Male,Married,High School,Employed,11.4,28420.85,422.83,0.179,462.0,10,0,No,rent,18504.5,24,OTHER,13.27,No,North,2023-09-29,1
CR103483,31.0,Female,Single,High School,Employed,,37700.71,1340.84,0.427,591.0,18,0, No ,Rent,40002.65,48,Car,9.46,yes,central,17/12/2022,0
CR104252,,Male, Married , Bachelor ,Self-Employed,5.8,74061.72,2705.94,0.438,423.0,6,0,No,Own,42211.99,36, Home Improvement ,27.72,NO,North,07-08-2022,0
CR104494,35.0,Female,Married,High School,Employed,5.3,35464.04,873.72,0.296,797.0,10,0, Yes ,Rent,59521.17,36,Business,16.69,No,East,2023-06-25,1
CR103850,60.0,Male,,PhD,Retired,14.5,55338.59,881.41,2.2849089087149217,410.0,17,2,No,Rent,23577.44,48,Other,6.53,NO,North,06-22-2024,1
CR102084,25.0, Female , Single ,High School,Unemployed,0.0,92407.56,3806.3,0.494,735.0,8,0,0,Mortgage,16091.99,36,Other,7.65,,south,10-03-2024,0
CR103420,,Female, Single ,Bachelor,self-employed,3.2,39533.25,825.6,0.251,589.0,8,1,Yes,RENT,13748.32,36, Debt Consolidation ,19.21,No,North,03-13-2024,1
CR101220,55.0,Female, Single ,High School,employed,3.9,30111.15,116.65,0.046,595.0,16,0,No,mortgage,2883.32,24,Home Improvement,27.66,YES,South,2023-02-15,1
CR101951,53.0,Female,Married,HIGH SCHOOL,Employed,16.2,24192.4,263.39,0.131,826.0,19,0,No,OWN,46549.16,48,Car,14.53, No ,South,03-27-2024,0
CR104016,33.0,Male,Single,,Employed,0.0,39114.94,952.43,0.292,652.0,15,1,No,Mortgage,17901.9,36,Car,11.25,,Central,2022-01-15,1
CR102773,58.0,female,Single,,employed,9.8,31293.08,104.38,0.04,321.0,11,0,Yes,Mortgage,8869.46,24,Medical,6.33,,West,2022-10-02,0
CR101801,45.0,Male,Married,Other,Employed,0.0,54999.26,1200.81,,715.0,9,0,No,Own,8650.38,24,Home Improvement,16.44,No,Central,17/04/2024,1
CR100830,32.0,Male,Divorced,Bachelor,Retired,,63185.24,902.19,0.171,687.0,15,1,Yes,RENT,17578.05,48,Car,24.29, No ,West,02-01-2023,0
CR103987,22.0, Female ,divorced, Bachelor ,Employed,15.8,47020.44,1094.66,0.279,654.0,18,0,No,mortgage,53707.25,48,Business,18.2,No,Central,11-30-2022,0
CR102843,46.0,Female,,Master,Retired,5.2,48453.8,416.86,,466.0,2,0,Yes,Own,10558.82,60,Business,22.58,No,East,03/10/2023,0
CR103956,48.0,Female,Single,HIGH SCHOOL,Employed,0.0,39031.56,1187.49,0.365,451.0,4,0,Yes,Rent,34890.68,24,Debt Consolidation,21.14,No,West,11-15-2021,0
CR100732,71.0,Female, Single ,High School,Self-Employed,7.2,34798.33,1059.16,0.365,644.0,13,0,1,,33102.86,12,Other,16.72,Yes,West,02-20-2024,0
CR101242,73.0, Other ,Single,bachelor, Self-Employed ,,16515.85,136.31,0.099,554.0,17,0,No,Own,22695.76,48,Car,21.55,No,central,19/10/2021,0
CR100190,57.0, Male ,Married,high school,Unemployed,9.8,32847.35,1208.01,0.441,605.0,3,2,No,Rent,26877.86,48,Education,23.93,,North,2023-11-25,0
CR100996,48.0,Male,Divorced, High School ,Retired,,26086.54,808.23,0.372,837.0,16,0,1,Own,38588.11,24, Home Improvement ,26.66,No,East,2021-04-28,0
CR103747,75.0,Male,Single,High School,Employed,3.8,19555.04,555.01,0.341,813.0,2,0,No,Rent,56478.52,36,Home Improvement,29.46,No,North,03-11-2022,0
CR101318,44.0,male,Single,,employed,14.6,25947.92,754.41,0.349,552.0,18,0,No,Mortgage,6015.53,12,Car,8.16,No,Central,24/05/2023,0
CR102024,22.0,Female,Single,Other,Unemployed,1.5,8939.16,219.42,0.295,759.0,7,1,,Own,11049.78,48,Home Improvement,13.79,No,West,03/08/2023,0
CR104386,,Female,Single,Bachelor,Unemployed,10.6,31087.04,442.2,0.171,770.0,0,0,no,Rent,18163.3,60,Debt Consolidation,5.52,,East,2024-06-05,0
CR101883,67.0,Female, Married ,Bachelor,Self-Employed,3.4,34932.36,290.97,0.1,766.0,0,0,No,Own,18464.33,36,Home Improvement,16.2,No,East,09/11/2021,0
CR101046,31.0,Male,Single,OTHER,Self-Employed,4.0,92558.52,339.73,0.044,557.0,12,0,No,Rent,50899.18,48,Home Improvement,6.86,no,South,20/07/2023,1
CR101264,,Male,Single,Master,Self-Employed,6.6,34850.63,1438.84,0.495,671.0,0,0,No,Rent,38383.85,24,OTHER,7.22,No,CENTRAL,04-02-2021,0
CR103376,47.0,Female,Married, High School ,EMPLOYED,4.8,46005.58,1455.13,0.38,756.0,5,1,Yes,Mortgage,26708.26,36,Business,23.7,No,West,04-07-2023,1
CR103798,18.0,Male,Single,Master,Employed,13.4,38925.07,1267.16,0.391,817.0,12,0, No , Other ,49514.47,48,Debt Consolidation,14.13,No,west,01-07-2022,0
CR100501,55.0,Female,Married,high school,Self-Employed,10.9,25018.04,1048.4,0.503,386.0,2,0,,Own,20943.02,24,Debt Consolidation,24.26,No,West,25/02/2021,0
CR100463,42.0,Female,Married,,employed,2.1,29169.04,906.57,0.373,321.0,3,0,Yes,rent,52286.09,60,Education,21.22, No ,Central,31/08/2023,0
CR103277,32.0,Male,Married,Bachelor,Employed,0.0,19600.95,74.02,0.045,635.0,9,2,No,Rent,28310.77,12,Debt Consolidation,16.85,No, East ,2023-10-16,0
CR101889,44.0,male,widowed,HIGH SCHOOL,UNEMPLOYED,0.0,20931.68,952.29,0.546,533.0,19,0,No,own,54957.24,60,Education,13.78,,North,2022-05-29,0
CR103852,24.0,Male,single,Master,Employed,3.2,18150.7,558.35,0.369,500.0,10,0,No,Mortgage,52420.75,36,Debt Consolidation,11.83,No,central,14/04/2024,0
CR100964,,Female,,High School,Employed,4.5,25851.49,652.88,0.303,848.0,18,0,1,Rent,38955.64,36,Debt_Consolidation,5.26,Yes,West,04-28-2021,0
CR104001,66.0,Male,Single,HIGH SCHOOL,Self-Employed,16.2,80029.04,185.22,0.028,,13,0,No,MORTGAGE,25865.99,24,Business,20.97,Yes,East,2024-01-07,1
CR100839,70.0,Other,Divorced,,self-employed,16.2,41316.57,1360.72,,768.0,9,0,No,Rent,28933.07,60,Car,27.92,No,Central,05-31-2022,1
CR100249,20.0,Female,Married, Bachelor ,Self-Employed,19.5,43259.2,1164.7,0.323,393.0,5,1,No,Rent,58455.37,48,Car,22.38,,Central,01-22-2021,0
CR101036,70.0,Female,SINGLE,Bachelor,Retired,7.5,35336.05,88.28,0.03,,15,0,Y,Mortgage,51749.52,12,Home Improvement,18.88,no,Central,2023-04-21,0
CR100140,74.0,Male,Single,Bachelor,Retired,12.6,77248.67,443.12,0.069,310.0,3,1, No , Rent ,22261.52,60,Debt Consolidation,12.87,No,WEST,2023-07-13,0
CR100151,34.0, Female ,Married,Master,Self-Employed,9.1,48020.75,1599.56,0.4,749.0,14,0,No, Mortgage ,46111.74,36,Medical,29.05,Yes,West,16/02/2022,0
CR102491,33.0,Female, Widowed ,Other,UNEMPLOYED,5.3,20035.47,441.51,0.264,775.0,5,0,N,Rent,50917.57,12,Home_Improvement,29.51,No, East ,05-15-2023,1
CR102659,27.0,Male,Single,MASTER,retired,7.3,17807.85,640.16,0.431,841.0,6,0,1,Rent,13694.84,48,other,18.29,no,north,2024-07-26,0
CR103174,75.0,OTHER,Single,high school,Employed,13.6,27721.46,896.55,0.388,301.0,2,0,1,Mortgage,25940.89,48,Business,21.64,No,Central,08-04-2024,1
CR104241,33.0,Female,Divorced,Bachelor,Employed,11.8,33503.31,1253.84,0.449,770.0,16,1,NO,MORTGAGE,17323.42,12,Debt Consolidation,28.76,No, North ,2021-04-12,0
CR100110,34.0,Female,SINGLE,High School,Employed,11.4,38211.28,1092.62,0.343,,12,1,No,OWN,47147.73,36,Car,8.41,NO,south,12-20-2021,0
CR103619,,Female,Married,PhD,Unemployed,7.5,34027.12,572.45,0.202,347.0,6,0,No,Other,57515.13,60,OTHER,12.36,No,West,01/01/2022,0
CR103133,22.0,Female,Single,High School,Employed,18.5,35459.86,921.5,0.312,515.0,15,0,No,Rent,24907.84,60, Debt Consolidation ,26.24,no,North,07-09-2024,0
CR104104,22.0,Male, Single ,Bachelor,self-employed,0.0,18266.36,369.16,0.243,756.0,13,0,Yes,Mortgage,50772.26,12,Debt Consolidation,29.88,,south,11/03/2022,0
CR101247,44.0,Male,Single,High School,Employed,2.5,18387.25,736.86,0.481,553.0,8,1,Yes,Rent,7658.09,36,Home Improvement,8.68,No,Central,2022-12-12,0
CR100147,31.0, Male ,Married,Bachelor,Unemployed,16.6,41780.11,1040.83,0.299,598.0,17,0,No,Own,19399.47,12,Business,12.65,Yes,CENTRAL,01-05-2022,0
CR104263,61.0,Male,Single,,Retired,23.1,54288.89,247.12,0.055,424.0,7,0,No,Mortgage,48629.66,36,Debt_Consolidation,27.79,Yes,South,2023-10-09,1
CR100948,72.0,Female,,Master, Retired ,11.2,32457.79,463.24,0.171,468.0,15,0,No,,40232.52,36,Car,26.67,,South,2021-07-11,1
CR102811,,male,single,High School,Self-Employed,14.3,48323.72,1175.85,0.292,,10,0,NO,Mortgage,21996.7,24,Other,14.58,No,East,2023-10-16,0
CR101168,75.0,female,Single,Bachelor,SELF-EMPLOYED,7.8,19448.4,666.52,0.411,368.0,14,1,1,Rent,25922.39,36,Other,18.39,no,Central,04-15-2022,0
CR100947,25.0, Male ,Married,High School,EMPLOYED,0.7,,415.1,0.145,710.0,12,1,yes,Rent,31601.03,24,Business,15.52,No,Central,09/11/2024,1
CR104434,51.0,female,Married,Master,Employed,6.2,13559.59,390.56,0.346,708.0,0,0,No,RENT,13286.28,24,Medical,17.16,No,SOUTH,2022-01-05,0
CR100106,63.0,Female,Married,Bachelor, Employed ,17.9,63641.13,1792.01,,,0,0,YES,Own,2740.83,48,Car,12.35,No,South,06-13-2022,0
CR103689,27.0,Female,Single,High School,Retired,16.7,17014.12,244.88,0.173,667.0,8,1,Yes,,29223.16,48,Debt Consolidation,20.57,YES,Central,26/01/2024,0
CR104478,68.0,Male,,Bachelor,Self-Employed,17.4,15628.73,349.25,0.268,454.0,8,0,,Rent,56271.88,48,Education,14.53,,West,22/02/2024,0
CR103978,49.0,Male,Single,Bachelor,Employed,4.2,40755.57,179.47,0.053,658.0,1,0,No,Rent,30591.45,12,CAR,24.72,YES,central,09-18-2021,1
CR104248,70.0,Female,Single,Other,Self-Employed,14.1,69426.31,2961.49,0.512,831.0,7,0,yes,Own,24287.71,24,HOME IMPROVEMENT,12.07,No,Central,06-23-2024,1
CR102769,73.0, Female ,single, Bachelor ,Employed,0.0,45258.17,867.76,0.23,659.0,3,1,No,Other,27487.21,60,Education,24.61,Yes,North,2022-05-01,1
CR100105,63.0, Female ,Single,other,Unemployed,12.2,36382.74,1603.19,,776.0,5,1,No,Mortgage,52641.77,60,Debt Consolidation,7.56,No,North,2021-03-21,1
CR103679,60.0,Male,Married,Bachelor,Employed,13.8,,1114.3,0.337,537.0,8,2,No,Own,46616.69,36,Home Improvement,9.91,Yes,Central,08/07/2021,0
CR100381,72.0,female, Married ,High School,Self-Employed,0.0,9392.33,287.61,0.367,368.0,12,0,Yes,,27219.25,24,Other,21.72,No,North,2024-09-22,0
CR101298,48.0, Female ,Single,High School,Employed,6.4,57516.02,104.63,0.022,608.0,12,0,No,Mortgage,46864.48,12,Other,29.73,YES,North,17/12/2023,1
CR102580,40.0,MALE,MARRIED,PhD,Retired,4.4,58665.05,1934.44,0.396,454.0,13,1,1,Rent,57161.81,24,Home Improvement,12.43,No,South,17/03/2021,0
CR103051,28.0,Female,SINGLE,High School,Employed,0.0,43789.43,1083.11,0.297,675.0,19,0,No,Rent,51378.21,48,Debt Consolidation,10.82,No,Central,20/04/2022,1
CR103385,32.0,Female,Single,High School,Employed,19.2,55079.79,1272.47,0.277,,1,0,N,Mortgage,39232.76,48,EDUCATION,22.21,No,North,08/01/2024,0
CR103019,61.0,Male,Single,Other,Retired,5.4,78093.12,1527.9,0.235,722.0,5,0,No,Mortgage,37529.56,12,Debt_Consolidation,20.46,No,West,24/03/2022,0
CR100939,47.0,Female,Single,Bachelor,Employed,0.0,22983.21,247.04,0.129,484.0,6,0,No,,15873.38,24,Business,13.29,No,Central,2023-02-25,0
CR100371,56.0,Other,Single,master,Self-Employed,,34519.35,759.0,0.264,538.0,2,0,No,own,37314.28,24, Business ,14.6,No,WEST,06-01-2023,0
CR104156,58.0,Male,,MASTER,Employed,0.8,73118.27,2942.13,0.483,634.0,8,2,no,Mortgage,12213.85,36,Debt Consolidation,11.84,No,west,05-25-2023,0
CR103979,26.0,Female,Single, Other ,Retired,11.4,47283.01,600.91,0.153,725.0,13,0,No,Rent,10662.72,60,Debt Consolidation,27.92,No,CENTRAL,2022-05-19,0
CR100593,74.0,male,Married,Bachelor,Employed,7.3,21065.29,116.84,0.067,670.0,17,1,No,,44621.45,24, Car ,13.19,Yes,CENTRAL,01-14-2024,0
CR102116,73.0,Male,Single,Master,Employed,13.9,56324.69,220.65,0.047,391.0,8,0,no,other,23308.11,36,debt consolidation,8.61,No,South,25/12/2024,0
CR102374,58.0,Male,Single,Bachelor,Employed,6.4,53658.14,319.82,0.072,675.0,17,1,No,Rent,26161.41,36,Home Improvement,10.22,No,West,08/03/2023,0
CR101867,62.0,female,married, Other ,Unemployed,9.3,48334.82,743.61,0.185,595.0,15,1,No,Rent,47609.11,24,Debt Consolidation,21.92,No,East,09/03/2021,0
CR100779,67.0,Male,Married,Bachelor,Employed,6.0,22386.35,260.89,0.14,486.0,12,0,0,own,9409.22,48,Debt Consolidation,22.03,No,Central,19/04/2023,0
CR101953,44.0,Male,Single,Bachelor,Unemployed,12.0,,515.11,0.252,382.0,15,0,Yes,mortgage,46260.03,48,Debt_Consolidation,9.69,no,East,30/08/2024,0
CR100373,39.0,Male,WIDOWED,High_School,Employed,4.4,54634.87,1225.24,0.269,670.0,3,0,No,RENT,51627.52,12,Business,29.58,NO,West,10-07-2021,0
CR102618,56.0, Female ,Widowed,Bachelor,Self-Employed,6.2,31306.18,914.67,0.351,,12,0,No,Rent,30210.22,48,Debt_Consolidation,24.13, No ,North,2023-10-24,0
CR101617,47.0,Male,Single,Master,Employed,2.7,91356.74,165.85,,578.0,2,0,No,Rent,43610.27,24,Home Improvement,14.12,no,North,2021-10-10,0
CR103491,54.0,Female,Married,Master,Employed,14.2,50526.27,2175.47,0.517,774.0,13,0,Yes,Rent,33191.62,36,Debt Consolidation,29.13,YES,North,09/09/2024,1
CR102201,18.0,Female,Single,Master,Employed,3.2,40977.48,1830.07,0.536,570.0,4,0,No,Mortgage,10644.05,24,Home Improvement,23.66,No,West,08/12/2021,0
CR100361,69.0,Female,,PhD,Employed,16.2,39559.33,1433.62,0.435,578.0,5,0,No,Rent,12333.43,24,Debt Consolidation,14.52,no,West,03-23-2024,0
CR102137,19.0,Female, Divorced ,High School,Self-Employed,9.5,16879.6,569.66,0.405,530.0,14,1,No,own,21720.74,24,Debt Consolidation,9.48,No,West,2021-03-03,1
CR101051,39.0,Male,Single,High School,Employed,11.8,42812.24,1724.9,0.483,377.0,1,1,No,Rent,14343.27,60,Education,6.43,No,West,2023-01-28,1
CR101772,39.0,male,Married,High School,Employed,5.6,67505.33,2829.12,0.503,632.0,19,0,yes,mortgage,27878.8,60,Debt Consolidation,23.9,,East,25/11/2024,1
CR100306,35.0, Male ,Single, High School ,Employed,6.9,46047.41,402.28,0.105,467.0,15,1,no,,59686.45,36,Business,15.48,No,North,2022-03-02,0
CR101670,62.0,MALE,Divorced,High School,Employed,6.3,51273.56,446.74,0.105,342.0,3,2,No,,51230.92,60,Debt Consolidation,9.39,Yes,Central,03-15-2021,0
CR104331,33.0,Female,Single,Bachelor,employed,12.0,61269.98,1670.44,0.327,,18,0,Yes,Own,7090.48,48,Other,23.96,No, West ,04/06/2022,1
CR101275,59.0,female,Single,High School,Unemployed,5.5,72952.3,1729.4,0.284,623.0,6,1,no,Mortgage,2854.7,36,Car,20.77,yes,Central,2022-04-29,1
CR102560,51.0,Female,widowed,BACHELOR,Employed,14.5,50522.81,343.67,0.082,478.0,15,0,Y,Rent,26215.71,48,Business,19.36,No,East,27/08/2022,0
CR100993,43.0,Male,Widowed,MASTER,Unemployed,18.0,41829.66,1576.58,0.452,749.0,4,1,No,Rent,7193.33,24,Debt Consolidation,15.78,No,West,08-14-2022,0
CR104349,,Male,Single,Other,Retired,7.9,37297.38,355.64,,,9,2,Yes,,25006.17,60,Home_Improvement,5.06,No,North,10/04/2022,1
CR100926,49.0,female,,Master,employed,5.1,18994.31,705.83,0.446,723.0,9,0,N,Mortgage,23182.02,12,Debt Consolidation,21.38,No,South,23/03/2023,0
CR103336,48.0,Male,Single,High School,Self-Employed,,18858.07,152.8,0.097,813.0,8,0,1,Own,16248.23,48, Business ,18.1, No ,central,2024-07-11,0
CR101040,58.0,Female,Married,Master,Employed,10.5,143458.57,3010.56,,462.0,13,0,0,Own,42673.41,24,Debt Consolidation,16.51,No,Central,01-21-2023,0
CR102774,49.0,Female,Married,High School,Self-Employed,11.4,27269.49,1152.92,0.507,682.0,1,0,Yes,Rent,6723.0,36,Car,7.72,No,East,04-22-2024,0
CR103073,63.0,Male,Married,Bachelor,Employed,1.5,18968.16,512.74,0.324,566.0,5,0,0,Rent,15335.31,12,Debt Consolidation,20.61,No,West,28/03/2024,0
CR101982,21.0, Male ,Divorced,High School,Employed,8.5,8304.8,259.88,0.376,771.0,17,0,Yes, Mortgage ,18945.7,24, Other ,27.9,no,West,11/11/2021,0
CR100623,42.0, Male ,Single,High School,Employed,4.6,47223.76,454.87,0.116,721.0,14,2,Yes,Own,57476.31,36,Business,19.7,No,North,12/10/2024,0
CR102447,55.0,Female,Married,Master,Employed,4.2,59432.8,2556.96,0.516,,14,0,No,Own,16170.54,36,Home Improvement,29.82,Yes,North,2024-12-26,0
CR102571,72.0,Male,Married,Bachelor,Employed,7.3,36777.85,1267.39,0.414,575.0,8,3,N,Mortgage,2769.63,36,DEBT CONSOLIDATION,26.32,,Central,02/06/2022,1
CR103836,29.0,Male,Divorced,Bachelor,employed,0.0,22518.11,809.53,0.431,536.0,5,3, No ,Rent,15287.73,24,Car,29.88,No,Central,2023-07-31,0
CR100981,,Other,Married,,Retired,5.9,100256.35,1637.29,0.196,,17,0,No,,44286.94,60,Car,4.83,,South,04/05/2024,1
CR103338,67.0,Male,Divorced,High School,Employed,12.9,33323.42,809.94,0.292,652.0,3,1,No,Rent,32004.57,48,Other,18.17,Yes,North,21/12/2023,1
CR102190,,FEMALE,married,Other,Employed,0.0,9811.4,108.48,0.133,505.0,11,0,Y,Rent,25714.93,36,Debt Consolidation,4.9,,north,12-03-2022,0
CR100517,21.0,Male,Divorced,Bachelor, Employed ,0.2,22760.3,473.81,0.25,413.0,14,1,yes,Rent,37488.64,24,Medical,13.29,,east,2021-11-03,1
CR102875,47.0,MALE,Single,High School,Employed,0.0,30666.91,1077.9,0.422,346.0,16,0,Yes,RENT,42817.55,24,Home Improvement,17.32,NO, East ,24/01/2024,1
CR102294,59.0,Male,Widowed,Bachelor,Employed,13.8,14216.59,66.99,0.057,350.0,16,2,no,Rent,46842.05,36,CAR,20.63,yes,South,26/09/2023,1
CR102329,26.0,Female,Single,bachelor,Retired,0.9,93691.7,408.64,0.052,710.0,12,0,No,Mortgage,53643.84,48,Debt_Consolidation,6.89,No, Central ,2021-10-14,0
CR100548,,Female,Single,MASTER,Retired,4.3,38364.67,1303.36,0.408,694.0,2,0,0,Mortgage,28860.99,24,Car,7.32,No,Central,2022-02-06,0
CR104170,39.0,Female, Married ,Bachelor, Employed ,11.7,41261.01,792.43,0.23,800.0,12,0,No,Rent,32255.35,12,Debt Consolidation,20.74,No,West,2021-09-16,0
CR100809,75.0,Female,MARRIED,Bachelor,Employed,9.8,38696.73,1463.75,0.454,623.0,1,0,1, Rent ,22046.09,12,Business,10.82,No,South,06/03/2021,0
CR104549,68.0,Female,Single,Bachelor,Employed,0.0,47139.44,349.51,0.089,519.0,19,0,0,RENT,53594.14,48,Debt Consolidation,27.92,No,Central,27/11/2021,0
CR103014,46.0,female,Single,BACHELOR,Unemployed,10.2,15726.19,635.89,0.485,392.0,14,0,No,Rent,13992.9,60,Business,16.92,No,East,12-15-2023,0
CR104302,25.0,Male, Single ,Bachelor,Unemployed,10.3,27009.0,820.58,0.365,362.0,13,0,No,Rent,57240.27,48,Education,16.89,Yes,Central,12-27-2021,1
CR101839,50.0,Male,Single,HIGH SCHOOL,Retired,2.8,53843.92,597.89,0.133,370.0,7,0,Yes, Mortgage ,44069.9,48,debt consolidation,19.09,No,Central,2022-07-03,0
CR101823,68.0, Male ,Single,Master,Unemployed,0.3,40813.92,651.72,0.192,494.0,18,1,NO,Mortgage,19724.05,60,Debt Consolidation,7.81,no,East,12-05-2022,1
CR103813,43.0,Male,,High School,Retired,7.4,58285.38,2059.35,,746.0,11,0,1,Own,58969.36,24,Car,10.11,Yes, North ,06-29-2023,0
CR100423,51.0,Female,Married,,EMPLOYED,0.0,,1625.67,0.364,,2,0,1,Mortgage,51631.8,36,Debt Consolidation,19.82,No,East,2021-01-10,0
CR103917,67.0,Female,MARRIED,Bachelor,Employed,11.9,39454.06,702.15,0.214,,0,0, No ,Mortgage,19334.23,36,Car,25.33,no,Central,05-22-2022,0
CR102225,53.0,Male,Married,Bachelor,Self-Employed,8.1,47046.97,538.79,0.137,450.0,6,1,1,Mortgage,26794.29,12, Education ,11.64,No,South,04-29-2023,0
CR102716,43.0, Female , Married , Bachelor ,Employed,0.4,26800.61,832.16,0.373,551.0,5,0,yes,Rent,8018.83,60,Other,11.3,No,East,2022-10-13,0
CR100604,65.0,FEMALE,Married,High School,Retired,11.9,25917.03,121.27,0.056,844.0,6,0,No,Own,26752.33,12,EDUCATION,18.83,No,West,12-14-2024,0
CR101972,57.0,female,Single,,Employed,7.8,34859.67,256.6,0.088,675.0,5,0,n,Mortgage,19086.7,60,Car,16.13,No,South,07/10/2024,0
CR100115,50.0,Female,Married,,Employed,9.0,29959.67,182.8,0.073,,7,1,Yes,Mortgage,58765.78,36,Home Improvement,17.73,,North,23/11/2021,0
CR100020,47.0,FEMALE,Married,,Employed,10.0,22159.1,447.92,,815.0,13,0, No ,Rent,43048.42,60,Car,25.78,No,east,10-31-2021,0
CR104074,36.0,Female,Single,,Employed,8.6,33220.21,1250.34,0.452,810.0,1,0,No,Rent,45478.73,24,debt consolidation,20.69, No ,East,04/12/2023,0
CR103908,29.0,Female,Married,Master,Employed,0.0,10510.69,137.74,0.157,509.0,0,1,yes,Rent,29238.18,60, Business ,22.83,No,East,2023-11-22,0
CR102911,23.0,Male,Married,Master,Unemployed,17.0,59091.3,2523.86,0.513,481.0,19,0,Yes,Other,36363.22,12,Business,20.21,No,South,24/01/2024,0
CR104005,73.0,Female,Divorced,Master,EMPLOYED,5.4,20494.74,326.52,0.191,329.0,0,0, No ,Rent,35292.62,36,Business,15.06,No,Central,2022-05-21,0
CR101443,43.0,Female,Widowed,Master,Employed,2.9,38832.53,915.0,0.283,485.0,6,0,Yes,Rent,9723.2,24,Education,5.42,No,North,02/11/2023,0
CR102554,74.0,Male,, High School ,Self-Employed,7.1,131380.49,2137.63,0.195,614.0,1,1,no,Rent,17690.79,12,DEBT CONSOLIDATION,19.47,No,Central,2023-10-10,0
CR104418,59.0,Female,Married,Bachelor,Employed,10.2,31419.31,133.66,0.051,555.0,18,0,No,Rent,10318.91,36,Debt Consolidation,14.13,No,East,19/01/2024,0
CR100609,67.0,Male,Single,High School,Employed,4.1,30165.84,422.86,0.168,646.0,11,0,No,mortgage,2348.54,24,Debt Consolidation,28.46,,WEST,04-13-2023,0
CR104344,39.0,Female,Married,Bachelor,Self-Employed,1.6,41582.07,1804.87,0.521,586.0,12,0,Yes,Mortgage,13842.2,12,Other,11.61,No,NORTH,06-30-2023,1
CR101781,37.0,Male,SINGLE,Master,Employed,,15489.65,559.36,0.433,718.0,11,2, Yes ,Mortgage,54367.86,48,Debt Consolidation,15.71,No,Central,2023-01-01,0
CR100182,46.0,Male,SINGLE,High School, Unemployed ,6.6,23361.3,232.66,0.12,419.0,12,1,Yes, Rent ,40439.07,12,Home Improvement,19.28,No,South,10-21-2022,1
CR104120,60.0,Female,Married,Bachelor, Employed ,2.5,,688.91,0.164,801.0,6,0,No,Rent,31470.82,24,Debt Consolidation,29.14,,East,04-20-2021,0
CR102851,40.0,Male,Married,High School,Employed,0.4,22567.46,191.8,0.102,473.0,15,0,0, Rent ,53569.91,36,Home Improvement,14.39,no, South ,04-27-2023,0
CR100248,63.0, Male ,Married,Bachelor,Employed,0.0,42385.29,845.47,0.239,533.0,15,1,Yes,Own,22918.87,36, Car ,8.85,No,Central,12-19-2024,1
CR100592,31.0,Male,Married,Bachelor,Employed,7.8,12545.45,192.37,0.184,500.0,1,0,,MORTGAGE,37177.96,60,Business,25.15,no,West,18/11/2021,1
CR102243,24.0,Female,Single,BACHELOR,Employed,,43445.03,1963.61,0.542,379.0,14,1,No,Rent,24517.08,48,Medical,29.9,Yes,South,10-06-2023,1
CR102589,38.0,Male,Married,Bachelor,Employed,15.4,27031.28,225.03,0.1,551.0,16,0,yes,Own,27897.79,60,Car,9.23,No,South,2021-01-10,0
CR101666,61.0,Other,Married,High School,Unemployed,5.2,49158.42,1436.54,,451.0,19,0,No,Mortgage,38649.09,36,Medical,9.16,No,West,23/08/2023,0
CR102601,30.0,Female,Married,,unemployed,0.0,23435.97,559.66,,544.0,13,1,Y,,51723.63,36,DEBT CONSOLIDATION,11.75,No,East,10-12-2023,1
CR103586,44.0,Male,Single,Bachelor,Employed,7.2,27742.18,1115.25,0.482,394.0,18,0,yes,Own,58792.02,36,Car,19.2,No,Central,19/12/2023,0
CR103763,54.0,Female,Married,High School,Employed,0.0,33527.32,829.08,0.297,659.0,11,0,No,Rent,11710.92,24,Other,5.04,No,East,2024-11-09,1
CR102288,72.0,Female,Divorced,,Unemployed,2.7,65664.06,2895.71,0.529,663.0,18,0,1,Mortgage,21776.98,60,education,12.63,No,West,09-17-2022,0
CR101352,46.0,female,Single,Bachelor,Employed,12.4,38015.52,1413.76,0.446,321.0,19,0,N,rent,44535.19,48,Car,28.34,No,South,03-04-2023,0
CR103438,72.0,Male,divorced,High School,Employed,3.0,25342.92,602.43,0.285,796.0,5,0,Yes,Other,8114.71,12,Medical,25.6,No,Central,22/06/2024,0
CR103929,60.0,Male,Married,Bachelor,Self-Employed,24.4,45794.68,120.1,0.031,,13,0,Yes,Own,10879.19,24,Home Improvement,11.96,No,Central,2023-05-06,0
CR101493,37.0,Male,Divorced,High School,Self-Employed,2.9,86403.65,2271.8,0.316,591.0,1,0,No,Own,36306.99,36,Car,10.91,No,West,09-17-2024,0
CR100965,52.0, Male ,SINGLE,Bachelor,Employed,4.1,36915.52,1316.17,0.428,,2,0,0,,4386.08,60,medical,7.38,No,North,11-19-2021,0
CR100861,71.0,Male,Single, Bachelor , Employed ,0.0,72467.43,1720.09,0.285,434.0,8,0,No,Own,18631.39,36,Debt Consolidation,17.79,Yes,West,06-04-2023,1
CR101740,42.0,Male,Widowed,HIGH SCHOOL,Employed,0.0,41526.33,694.83,0.201,418.0,10,1,No,OWN,27483.05,24,Car,9.52,No,South,2024-07-12,1
CR103365,61.0,Male, Divorced , Master ,Self-Employed,,38467.36,577.36,0.18,635.0,13,0,Yes,OWN,3066.95,24,Debt Consolidation,18.99,No,Central,2022-11-21,0
CR103823,28.0,Female,MARRIED, Other ,Self-Employed,6.1,33613.03,540.02,0.193,522.0,8,0,NO,Rent,25018.86,36,Debt Consolidation,20.36,No,Central,2023-09-27,0
CR102836,73.0,Male,Single,High School,Self-Employed,8.5,29471.01,1119.66,0.456,600.0,15,0,No,Rent,48476.17,60,Car,5.2,Yes,South,05-29-2022,0
CR102175,62.0,Female, Single ,Bachelor,EMPLOYED,4.4,40045.26,917.62,0.275,470.0,6,0,No,Mortgage,28707.1,48,home improvement,29.65,No,South,2023-09-22,0
CR103030,60.0,Female, Married ,Bachelor,Employed,6.1,32385.71,408.35,0.151,375.0,0,0,No,RENT,34774.21,36,debt consolidation,7.12, No ,East,16/10/2021,0
CR101448,60.0,Female,Married,high school,Employed,7.0,33468.14,1499.74,0.538,431.0,1,1,No,Rent,23375.19,48,medical,5.58,No,East,13/01/2024,1
CR103287,29.0,Female,Single, High School ,Unemployed,7.5,35549.37,68.4,0.023,725.0,1,0,Yes,Rent,59022.44,48,Home Improvement,13.99,,North,2024-10-14,0
CR101979,64.0,Female,Divorced,Bachelor,self-employed,4.8,8000.0,110.07,0.165,550.0,3,1,No,Own,54697.56,48,Business,15.65,No,central,11-30-2022,0
CR102200,39.0,Female,Divorced,Bachelor,Unemployed,,30351.33,221.27,0.087,614.0,8,0,Yes,Own,27624.6,60,Business,27.84,no,West,03-16-2021,0
CR101019,,Female,Single,Bachelor,EMPLOYED,8.7,10517.75,25.3,0.029,370.0,9,0,NO,Rent,39342.13,60,Education,6.77,No,North,03-18-2023,1
CR102213,24.0, Male ,Married,Master,Employed,10.4,91343.26,886.24,0.116,847.0,18,1,No,Other,21861.8,24,Other,27.68,No,West,12/05/2022,1
CR104381,24.0,Male,Divorced, PhD ,Retired,,52467.96,206.46,0.047,627.0,9,1,No,Rent,7239.17,24,Business,22.81,No,East,09-20-2023,1
CR101118,59.0,Male,single,bachelor,EMPLOYED,9.5,37107.22,819.91,0.265,778.0,9,1,1,RENT,45053.55,12,Debt Consolidation,21.31,No, West ,2024-01-04,0
CR104003,43.0,Male,,Bachelor,retired,4.0,50235.02,1168.77,,456.0,0,0,No,Rent,42341.35,36,HOME IMPROVEMENT,19.79,Yes,Central,2022-11-14,1
CR102758,38.0,Male,Married,Bachelor,Employed,7.0,23553.33,307.99,0.157,817.0,11,0,No,rent,15288.94,36,Business,8.03,No,East,19/09/2021,0
CR103157,75.0,Other,Married,Bachelor,Employed,13.8,,1117.03,,719.0,0,0,Yes,Own,14969.51,36,Debt Consolidation,8.42,Yes,West,26/12/2022,0
CR100928,42.0,Other, Married , High School ,Employed,,67573.61,566.22,0.101,307.0,1,1,No,Mortgage,42873.34,24,Education,17.25,No, East ,2021-10-31,0
CR104569,29.0,Male,Single, Other ,Employed,3.9,43893.59,1039.23,0.284,540.0,19,0,,Mortgage,55725.08,36,Medical,21.52,No,West,2021-02-28,0
CR100852,73.0,Female,Married,,Retired,0.0,16203.07,292.7,0.217,737.0,13,1,NO, Rent ,19091.49,12,Debt Consolidation,19.26,No,West,01-13-2022,0
CR101695,57.0,MALE,Married,Bachelor,Employed,6.8,28974.31,1033.03,0.428,662.0,9,0,0, Mortgage ,44024.24,48,Debt Consolidation,28.84, No , Central ,2023-05-13,1
CR101884,53.0,Male,Single,High School,Retired,0.0,54036.44,1209.47,0.269,390.0,11,1,no,rent,2409.99,24,CAR,23.04,No,South,2023-08-19,0
CR104592,22.0, Female ,Single,High School,SELF-EMPLOYED,,17820.73,722.0,0.486,400.0,17,0,no,Other,56278.59,24,Education,26.12,No,Central,09-16-2023,0
CR102897,54.0,Male,divorced,HIGH SCHOOL,employed,11.5,42356.69,247.09,0.07,751.0,16,0,Yes,Mortgage,38173.1,12,Home Improvement,14.58,Yes,West,2022-03-30,0
CR102976,46.0,Male,Married,Bachelor,Employed,9.4,93818.71,3821.91,,590.0,7,1,Yes,Own,16903.89,48,Debt Consolidation,27.53,No,North,11-09-2022,1
CR101099,43.0,Male,Single,Master,Employed,0.0,40085.75,530.61,0.159,786.0,13,1,No,Mortgage,7793.92,36,Debt Consolidation,15.74,No,North,09/04/2022,0
CR100339,73.0,Male,Divorced,Other,Unemployed,6.7,,840.74,,673.0,17,1,No,OWN,46661.22,36, Car ,14.03,no,East,09/04/2022,0
CR103202,62.0,Male,Single,High School,Retired,24.9,21987.97,410.85,0.224,692.0,6,1,No,,41678.44,48,Other,23.07,Yes,WEST,2024-10-14,0
CR100833,26.0,male,Divorced,Bachelor,Employed,6.0,21739.1,785.71,0.434,595.0,5,0,No,,53578.64,60,Debt Consolidation,11.86, No ,North,16/11/2021,0
CR104581,74.0,Male,Married,Bachelor, Employed ,3.8,21908.77,872.18,0.478,404.0,0,0,NO,Rent,46390.3,36,MEDICAL,13.73,NO,east,2023-02-07,1
CR100649,67.0,FEMALE,Divorced,Master,Retired,13.8,77726.75,3286.66,,453.0,3,0,YES,Mortgage,18205.32,36,Car,5.53,Yes,South,2023-04-21,1
CR103273,41.0,Female,DIVORCED,Bachelor,Self-Employed,15.0,94019.75,1404.93,0.179,422.0,0,1,No,Mortgage,47662.29,24,Car,10.17,No,West,31/12/2021,0
CR101399,35.0,Female,married,PhD,Employed,7.2,11761.36,251.43,0.257,409.0,5,2,Yes,Rent,1728.3,60,Education,12.53,NO,SOUTH,2021-02-09,0
CR100374,69.0,Female,Married,Bachelor,Self-Employed,3.9,42637.42,1425.43,0.401,727.0,7,1,No,Rent,5991.7,36,Debt Consolidation,5.51,No,South,22/10/2022,0
CR102850,,Female,Married,PHD,Employed,7.7,48483.62,1434.78,0.355,408.0,17,0,No,rent,24595.0,36,DEBT CONSOLIDATION,26.22,No,WEST,02-06-2021,0
CR100018,,Male,Married,Master,Employed,15.0,57173.82,1002.8,0.21,481.0,16,0,Yes,Own,47723.63,12,Debt Consolidation,29.37,No,East,2021-09-05,1
CR101602,65.0, Male ,SINGLE,PhD,Employed,,34977.77,1124.46,0.386,617.0,8,1,yes,Rent,53791.07,24,Home Improvement,12.18,No,North,12-20-2024,0
CR101508,68.0,Male,Single,High School,Employed,4.4,23814.17,767.72,0.387,363.0,15,0,,Rent,13828.08,12,Debt Consolidation,12.98,No,East,12-12-2023,0
CR103254,31.0,Other,Single,MASTER,Employed,5.8,46056.87,804.92,0.21,,16,0,Yes,Mortgage,8504.21,48,Home Improvement,8.39,No,North,03/06/2024,0
CR101946,,Female,Single,high school,Retired,4.4,24241.69,270.27,0.134,453.0,13,0,0,Mortgage,35126.78,48,home improvement,8.19,NO,North,21/08/2024,0
CR101499,66.0,FEMALE,Divorced,Bachelor,Employed,7.5,76559.15,300.15,2.200940980056912,519.0,6,0,Yes,Own,53473.31,36,Education,23.59,No, West ,24/07/2021,1
CR104557,67.0,Male,Divorced,high school,employed,7.3,51133.33,218.45,,493.0,18,0,N,Own,13429.37,24,Medical,4.6,NO,Central,22/10/2023,1
CR100988,32.0,Female,Widowed,High School,Employed,6.2,49667.35,1019.32,0.246,427.0,2,0,1,Rent,8691.1,60,Business,16.76,No,west,08-05-2021,0
CR100881,67.0,Female,Married,Bachelor,Retired,0.0,74365.79,2070.09,0.334,,17,0,Yes,other,23225.09,36, Debt Consolidation ,28.75,No,Central,2022-08-12,0
CR100675,60.0,Male,Married,High School,Employed,7.2,68335.16,2224.42,0.391,685.0,7,0,Yes,Own,34684.78,24,Debt Consolidation,14.08,,West,12-07-2022,0
CR103108,70.0,Male,Married,High School, Self-Employed ,13.6,18182.48,328.02,0.216,422.0,8,0,No,Own,45987.96,36,Debt Consolidation,21.41,No,East,10/04/2024,0
CR101258,,Female,Single,High School,retired,4.9,43177.07,1723.35,0.479,849.0,17,1,No,,16672.74,48,Business,8.97,No, South ,14/03/2022,0
CR102803,21.0, Male ,Married,Bachelor,employed,15.3,75540.77,2005.12,0.319,394.0,6,2,Yes,,40513.02,36,Car,20.41,,North,30/07/2024,1
CR103463,20.0,Female,Single,MASTER,Employed,6.8,51374.11,1459.69,0.341,314.0,7,0,Yes,Mortgage,2513.61,12,Home Improvement,19.86,No,South,2022-06-12,0
CR102499,71.0,male,single,High School,Unemployed,9.3,32973.11,612.54,0.223,398.0,16,0,No,OWN,10984.05,12,medical,8.9,Yes, West ,2024-03-05,0
CR102922,25.0,Male,Single,Bachelor,Employed,0.0,68655.29,1311.71,0.229,348.0,5,0,Yes,Rent,54284.53,24,Home Improvement,8.59,No,east,2022-03-19,1
CR103114,39.0,Female,Divorced,Master,Self-Employed,11.3,49630.18,2095.69,0.507,563.0,16,0,,Mortgage,7726.68,48, Debt Consolidation ,6.01,No,Central,12-01-2022,0
CR103465,61.0,Female,MARRIED,Bachelor,Employed,10.9,48499.18,1072.52,0.265,746.0,8,0,Yes,OTHER,46245.3,12,Business,10.24,No,East,2021-08-15,1
CR100104,64.0,MALE,Married,High School,retired,11.8,51327.75,1881.8,0.44,820.0,0,0,No,,1006.36,48,Debt Consolidation,16.18,NO,South,2021-02-21,0
CR103996,19.0,Female,,High School,Employed,11.6,22604.91,675.49,0.359,788.0,17,1,No,other,10038.68,48,Other,13.61,No,North,2024-10-16,0
CR102628,53.0,Male, Divorced ,High School,employed,9.8,34216.68,679.54,0.238,639.0,10,0,No,Mortgage,42527.48,48,Home Improvement,19.13,No,South,13/03/2023,0
CR102079,25.0,Female,SINGLE,HIGH SCHOOL,Employed,11.1,11756.13,329.34,0.336,503.0,19,0,N,MORTGAGE,2298.87,60,Other,5.21,No,North,2024-05-14,0
CR100152,71.0,Male,MARRIED,high school,Employed,9.7,19657.68,564.11,0.344,456.0,2,0,No,Rent,14720.43,36,Business,28.41,,South,10/03/2021,0
CR103077,65.0,Male,Married,,employed,0.0,31796.92,1430.42,0.54,410.0,18,0,,Mortgage,16504.72,48,HOME IMPROVEMENT,7.49, No ,West,21/09/2022,0
CR102507,53.0,female,Divorced,Master,Unemployed,7.5,24345.4,1064.38,0.525,335.0,2,0,No,Rent,3701.8,24, Medical ,23.92,No,Central,03/03/2024,0
CR103569,32.0,Female,Married,Bachelor,Retired,8.6,52322.56,1819.66,0.417,582.0,17,0,0,,37543.23,60,Home Improvement,25.58,No,West,2024-09-13,0
CR101977,37.0, Female ,Single,Master,Employed,6.1,13937.58,290.04,0.25,562.0,19,0, No ,Own,37045.08,60,Education,12.38,No,South,05-18-2023,0
CR101423,57.0,FEMALE,Married,Bachelor,Employed,12.4,75389.06,2186.93,0.348,792.0,16,0, No ,Rent,20187.05,24,home improvement,21.38,,South,2022-02-09,1
CR102702,30.0,Female,Married,Bachelor,Employed,2.4,29618.72,370.72,0.15,307.0,9,0,NO,RENT,56738.72,36,Business,28.16,No,North,31/01/2023,0
CR100577,,Male,SINGLE,Bachelor,Retired,5.1,62805.64,862.54,0.165,542.0,8,0,No,Rent,24394.53,60, Medical ,8.23,No,North,07-01-2022,1
CR100794,43.0,Male,Married,master,Employed,8.6,54319.85,1079.04,0.238,368.0,0,1,1,Rent,55404.31,60, Medical ,6.77,No,East,09-05-2024,1
CR101071,30.0,Male,Divorced,,Employed,13.2,23983.52,674.23,0.337,461.0,12,0,No,,1842.77,60,Business,5.6,No,Central,01-19-2022,1
CR101594,58.0,Female,Divorced,Bachelor,Employed,1.5,67865.5,1566.06,0.277,527.0,7,0,No,Mortgage,7163.51,12,car,24.51,No,east,25/07/2024,0
CR102988,70.0,Male,Single,Other,EMPLOYED,,62422.1,2183.67,0.42,505.0,6,2,,Mortgage,22586.94,24,Home Improvement,10.49,No,West,27/08/2024,0
CR102408,44.0,Male,Married,Master,Retired,11.9,24266.12,216.91,,827.0,5,0,No,Own,48674.97,24,Home Improvement,6.69,No,Central,2024-01-29,0
CR101696,45.0,Male,Single,bachelor, Employed ,18.1,,3330.64,0.46,823.0,11,1,Yes,Mortgage,25427.28,60,Medical,16.36,No, East ,2022-05-03,0
CR104458,24.0,MALE,Married,HIGH SCHOOL,Employed,10.5,42082.8,1248.98,,544.0,19,0, No ,Mortgage,15113.25,12,Home Improvement,20.02,No,South,18/07/2022,0
CR102613,52.0,Male,Single,Bachelor,Employed,2.5,20918.49,806.23,0.462,322.0,9,0,Yes,Own,38601.67,36,Other,17.73,No, South ,10-04-2024,0
CR100599,55.0,Male,Single,Master,Self-Employed,6.5,25954.8,845.19,0.391,470.0,14,0,No, Mortgage ,12736.01,12,Business,15.87,Yes,South,12-15-2023,0
CR103066,66.0,Male, Single ,,Self-Employed,0.0,49093.13,1432.18,0.35,416.0,2,1,Yes,Mortgage,16695.74,48,Education,17.17,YES,Central,09-21-2024,0
CR103398,18.0,female,Married,Bachelor,Employed,0.0,36266.27,805.12,0.266,419.0,14,0, No ,mortgage,16877.21,24,Other,29.9,no,East,08-24-2024,1
CR100863,62.0,male,Widowed,Bachelor,Employed,4.6,30058.28,92.88,0.037,564.0,14,1,Yes,Own,42318.94,48,Education,24.45,, North ,11/09/2024,1
CR101145,45.0,Male,Single,Bachelor,Employed,6.5,45652.0,975.79,0.256,,19,1,Y,Rent,34776.03,36,Home Improvement,12.87,No,East,2021-04-23,0
CR104374,35.0,Male, Married ,High School,Unemployed,12.1,53132.74,1091.73,0.247,558.0,10,0,0,Rent,51327.61,12,Business,6.77,No,West,11-14-2022,1
CR101749,59.0, Female ,Single, Bachelor ,Retired,0.8,24303.37,311.49,0.154,431.0,19,0,No,Mortgage,24319.95,60,Business,27.78,No,East,07-10-2021,0
CR100743,33.0,Male,Married,High School,Employed,7.2,28748.38,93.08,0.039,490.0,4,0,NO,other,46452.37,36,Home Improvement,28.49,No,East,2022-02-01,0
CR103453,38.0,Male,,master,Employed,7.6,15016.29,602.92,0.482,480.0,14,0,yes,Rent,43371.28,24,Education,28.26,No,WEST,11/07/2021,0
CR103764,41.0,Female,,PhD,Employed,10.4,15008.24,472.36,0.378,,3,0,Yes,Rent,18246.71,24,debt consolidation,15.19,No, East ,17/03/2024,1
CR101658,66.0,Male, Married ,Bachelor,Employed,0.0,71629.53,2943.72,0.493,795.0,2,1,No,Rent,51915.7,36,Car,15.59,Yes,east,2023-02-22,0
CR102489,38.0,Female,Single,BACHELOR,Self-Employed,3.1,24026.06,396.03,0.198,774.0,4,0,No,Rent,15210.99,60,Education,21.91,No,East,2022-09-16,0
CR101248,36.0,Female,Widowed,Bachelor,Employed,8.2,35207.39,1375.14,0.469,613.0,9,1,Yes,Own,14210.12,48,Debt Consolidation,24.87,No,South,2022-01-22,0
CR100801,35.0,Male,Single,Bachelor,Self-Employed,,23068.5,1020.33,0.531,429.0,8,0,No, Mortgage ,26994.46,24, Car ,13.08,Yes,Central,2024-12-24,1
CR101798,45.0,Female,Married,High School,Employed,6.8,106974.48,1532.25,,302.0,9,0,No,mortgage,53911.46,48,Car,12.52,,South,08-14-2024,0
CR102943,28.0,Male,Married,Bachelor,self-employed,5.0,30678.46,231.05,,775.0,0,1,No,Rent,25327.33,12,Debt Consolidation,20.14, No ,East,2022-03-13,0
CR103068,, Female ,Single,PhD,Retired,1.5,36525.74,168.24,0.055,615.0,3,0,Yes,Mortgage,19727.19,12,Home Improvement,7.24,No,South,26/03/2023,0
CR103639,53.0,Male,MARRIED,High School,Employed,8.9,34381.42,1204.84,0.421,625.0,15,0,No,Mortgage,56132.48,24,Medical,13.54,No, West ,2022-12-09,0
CR104124,63.0,Female,Divorced, Bachelor ,Employed,12.3,23448.75,663.56,0.34,625.0,14,1,No,Mortgage,10783.47,12,Medical,5.64,NO,Central,20/06/2021,0
CR104295,75.0,Female,Single,Bachelor,Retired,4.6,31186.69,1167.87,0.449,723.0,7,1,Yes,Rent,2420.51,12,Debt Consolidation,11.81,no,South,06-11-2022,0
CR104382,38.0,Male,Married,Master,Self-Employed,10.6,49010.84,277.3,0.068,568.0,5,0,No,Rent,44491.41,12,Business,20.36,No,North,01/12/2022,0
CR102482,28.0,FEMALE,Married,High School,Employed,19.6,23547.22,1046.75,0.533,522.0,8,1,No, Mortgage ,57579.23,60,Home Improvement,15.57,NO,East,2022-03-13,0
CR102840,43.0,Male,MARRIED,Other,SELF-EMPLOYED,1.3,69503.17,1018.5,0.176,785.0,8,1, No ,mortgage,57211.78,12,Other,17.82,No,south,2022-12-17,0
CR104488,56.0,Male,single, Bachelor ,Self-Employed,5.0,64180.94,682.15,0.128,540.0,14,0,Yes,Mortgage,20145.76,24,Medical,5.79,No,North,12-25-2021,0
CR102268,24.0,Male,Married, Bachelor ,Employed,2.4,19591.3,265.19,0.162,655.0,4,0,No,Mortgage,37264.23,24,Business,21.21,No,West,11/10/2021,0
CR101635,49.0,female,,Bachelor,Unemployed,8.8,42600.03,492.97,0.139,493.0,13,0,No,mortgage,6973.97,36,Debt Consolidation,6.46,No,West,2024-08-05,0
CR102216,44.0,MALE,Single,phd,Unemployed,8.3,23686.78,489.99,0.248,358.0,11,0,No,Rent,8139.94,12,Business,29.37,No,central,2023-08-08,1
CR103495,48.0,Male,,master,Employed,12.2,25436.19,793.54,0.374,423.0,14,0,no,Rent,48665.54,36,Debt Consolidation,22.04,No,West,08/03/2023,1
CR103670,26.0,Other,Married,bachelor,Retired,0.7,46251.4,78.21,0.02,507.0,18,0,No,Rent,35199.26,12,Home Improvement,6.44,No,Central,04-01-2022,1
CR101263,65.0,Female,Divorced,Bachelor,Employed,17.5,37062.69,272.31,0.088,663.0,6,0,Yes, Rent ,22299.35,24,Education,28.53,no,East,11-25-2021,0
CR102932,27.0,Female,Single,,Employed,3.8,46570.28,1426.62,0.368,734.0,4,0,No,own,16813.38,36,DEBT CONSOLIDATION,17.6, No ,North,06-23-2023,0
CR103947,39.0,Male,Widowed,High School,Employed,9.8,78835.85,730.31,0.111,595.0,19,0,Yes,Rent,48145.85,12, Education ,16.5,No,CENTRAL,07-09-2021,0
CR103800,71.0,Female,Single,Bachelor,Unemployed,0.2,79449.5,2613.59,0.395,601.0,11,2,no,Rent,59235.26,24,Car,27.47,Yes, North ,2024-07-18,0
CR104085,54.0,Male,Married,BACHELOR,Employed,6.8,20877.12,318.93,0.183,305.0,4,1,No,Mortgage,40747.92,24,Home_Improvement,23.97,Yes,South,2021-04-13,1
CR100612,63.0,Female,Single,Master,employed,0.0,59136.29,1117.24,0.227,,9,1,Y,Other,24021.34,12,Home Improvement,16.26,No,North,13/04/2021,0
CR104524,64.0,Male,Married,BACHELOR,unemployed,,25418.44,988.99,0.467,793.0,17,0,No,Rent,17375.76,24,Car,14.4,No,CENTRAL,2021-04-21,1
CR102221,26.0,Female,Married,Master,Employed,11.8,98245.84,3705.85,0.453,835.0,11,0,No,Own,18333.35,48,Other,23.92,no,central,01-16-2024,0
CR101713,60.0,Male,Married,High School,unemployed,4.9,26048.74,783.63,0.361,373.0,13,0,Yes,Mortgage,56191.26,24,Home Improvement,9.94,Yes, South ,2022-12-20,1
CR103113,,Male,Divorced,Bachelor,Employed,2.1,15880.2,150.62,0.114,401.0,12,2,No,Rent,4571.19,48,Debt Consolidation,5.62,NO,EAST,01/01/2023,0
CR104191,37.0,female,Married,Master,Employed,6.5,15087.08,617.51,0.491,612.0,12,0,Yes,Rent,6749.42,12,Debt_Consolidation,9.12,No,East,20/12/2021,0
CR101569,75.0,Female,DIVORCED,Bachelor,Employed,10.8,41316.99,1857.61,0.54,617.0,5,1,no,Mortgage,22304.82,24,Medical,19.0,No, Central ,10-08-2021,1
CR104264,52.0,Male,Divorced,Other,retired,1.5,65008.71,2688.06,0.496,653.0,2,0,No,,35548.15,24,Home Improvement,26.25,No,West,2024-08-13,1
CR100288,49.0,Female,Married,Other,Employed,0.0,27852.71,213.45,0.092,686.0,16,0,Y,Mortgage,29313.6,12,business,11.65,no,Central,2023-05-27,0
CR100661,60.0,Female,Married,,Employed,0.0,41546.99,1300.11,0.376,649.0,6,1,No,MORTGAGE,10404.19,36,Car,16.17,No,South,09-04-2022,0
CR102096,72.0,Male,Married,High School,Employed,0.0,39709.68,208.53,0.063,549.0,2,0,No,Rent,23876.94,48, Car ,27.08,No,Central,02-17-2021,0
CR102590,22.0,Male,,Bachelor,Employed,10.8,45880.85,876.18,0.229,650.0,3,1,Yes,Own,18502.9,36,Debt Consolidation,29.75,No,Central,22/04/2023,1
CR100954,63.0,Female,Married,Bachelor,Employed,3.2,87091.51,2706.86,0.373,470.0,19,0,No,Rent,6274.31,60, Business ,10.77,No,North,2022-08-26,1
CR101582,47.0,male,,Bachelor,unemployed,15.8,22295.78,221.96,0.119,576.0,3,0, No ,Rent,48412.92,48,Debt Consolidation,16.04,No,west,10-03-2023,0
CR102177,45.0,Female,widowed,High School,Employed,4.1,23005.52,142.95,0.075,524.0,12,2,N,Rent,34951.04,60,Medical,23.84,Yes,South,05-01-2024,0
CR103515,74.0,Female,Divorced,High School,unemployed,,45390.91,1353.47,0.358,,1,0,1,,30899.49,24,Business,25.35,No,East,29/12/2021,0
CR104597,18.0,Female,Married,Master,Employed,7.9,21148.79,129.34,0.073,645.0,10,1,,Own,46874.41,12, Debt Consolidation ,18.95,No,South,2022-08-12,0
CR102757,54.0,Female,Single,Bachelor,Employed,9.9,42107.28,364.55,0.104,694.0,7,0,NO,,21693.89,48,Home Improvement,11.53, No ,East,10/07/2022,1
CR103232,57.0,Female,Single,PhD,retired,1.9,31227.28,147.38,0.057,423.0,14,0,Yes, Own ,1774.32,48,Debt Consolidation,7.7,Yes,East,2023-01-08,0
CR102144,39.0,male,Single,Bachelor,Employed,5.3,29063.48,1075.05,0.444,585.0,13,0,No,Own,23975.53,60, Medical ,19.99,No,East,10-07-2023,0
CR102946,52.0,Female,Single,Bachelor,Unemployed,0.8,31673.58,847.46,0.321,575.0,12,0,Y,Mortgage,18121.17,36,Business,7.95,Yes,CENTRAL,10-04-2023,0
CR100524,36.0,Male,Married,bachelor,Self-Employed,3.5,47096.51,178.94,0.046,468.0,13,0,No,MORTGAGE,25470.58,60,Education,11.16,no,South,01-07-2024,0
CR102635,19.0,Male,MARRIED,master,Employed,0.0,14569.54,327.98,0.27,555.0,12,0,No,Mortgage,55222.89,60,Car,18.86,NO,EAST,12/01/2024,1
CR104508,,Female,Single,PhD,EMPLOYED,3.5,23521.81,521.46,0.266,423.0,3,1,No,,5742.68,60,Debt Consolidation,11.13,No,East,02-15-2022,0
CR100586,57.0,Female,Married,Bachelor,self-employed,9.0,56636.56,967.35,0.205,716.0,5,0,No,MORTGAGE,21166.34,24, Debt Consolidation ,12.07,Yes,south,2022-09-27,0
CR102737,28.0, Male ,Single,Master,Unemployed,7.0,37488.93,553.83,0.177,516.0,18,0,Yes,Rent,36947.36,24,Home Improvement,10.92,No, South ,09-11-2022,0
CR102529,51.0,Female, Single ,Master,Self-Employed,5.1,13458.96,62.28,0.056,468.0,16,0, No ,Rent,37716.83,48,home improvement,13.23,No,south,2021-09-09,1
CR100426,68.0,Female,Single,,Employed,7.9,57985.32,1506.06,0.312,394.0,14,2,YES,Mortgage,45257.5,60,Debt Consolidation,9.05,No,East,10-25-2022,0
CR101457,44.0,Other,Married,master,Employed,7.5,15312.97,65.64,0.051,659.0,1,2,Yes,Rent,14810.55,48,Debt Consolidation,10.95,No,SOUTH,11-30-2021,0
CR104072,66.0,Female,Divorced,Bachelor,Employed,5.4,68845.98,2149.38,0.375,848.0,5,2,Yes,Mortgage,4494.48,36,Debt_Consolidation,21.21,No,Central,17/01/2024,0
CR103426,,Other,Single,Master,Employed,9.1,48322.37,1663.77,0.413,504.0,10,0,Yes,Rent,9211.69,60,Home_Improvement,6.52,No,South,01-12-2024,1
CR102414,, Female ,Married,Master,Employed,9.8,33008.3,260.66,0.095,481.0,13,0,No,Mortgage,38458.89,12,Debt Consolidation,28.62,,SOUTH,2024-05-29,0
CR101070,57.0, Other ,Single,Master,Employed,7.6,85979.1,2212.2,0.309,507.0,2,0, Yes ,mortgage,23097.65,36,EDUCATION,7.45,No,Central,04/12/2021,0
CR100061,61.0,Male,Married,Bachelor,employed,0.0,40095.78,306.44,0.092,608.0,7,0,,Rent,22087.53,12,Home Improvement,10.59,No,North,22/09/2022,0
CR103985,37.0,Female,Single,Bachelor,Self-Employed,10.5,86107.78,3658.91,0.51,439.0,11,1,Yes,Rent,35788.25,12,Debt Consolidation,25.86,Yes,East,31/05/2023,1
CR100918,32.0,Female,Divorced,master,Employed,3.3,57146.4,505.13,0.106,713.0,7,1,No,Rent,7044.9,48,Debt Consolidation,20.73,,West,05-08-2021,0
CR103063,25.0,Female,Widowed,Bachelor,Self-Employed,12.9,40478.73,247.03,0.073,465.0,9,1,1,Mortgage,54761.35,36,Home Improvement,12.31,NO,SOUTH,28/07/2024,1
CR100704,25.0, Male ,Divorced,,Self-Employed,4.9,28151.18,1287.22,0.549,502.0,1,0,No,Mortgage,38136.32,36,Other,19.28,No,East,14/07/2024,1
CR104144,,Male,Divorced,bachelor,Employed,15.7,63991.45,2886.0,0.541,771.0,9,1,Yes,,34254.58,60,Home Improvement,14.31,Yes,East,11/04/2023,0
CR101903,32.0,Female,divorced,Bachelor,RETIRED,0.5,86802.19,3178.21,0.439,306.0,11,1, No , Mortgage ,52063.82,48,Other,20.7,no,west,20/03/2022,1
CR104167,28.0,Other,married,Other,Employed,11.3,22282.71,617.39,0.332,741.0,19,0,No,Mortgage,55976.15,12,Debt Consolidation,9.86, No , West ,2021-05-10,0
CR100555,47.0,Male,Single,Other,Employed,0.0,15522.79,546.95,0.423,333.0,1,0,No,,53161.36,36,OTHER,28.78,No,South,08/09/2023,0
CR101226,24.0,Male,DIVORCED,bachelor, Employed ,6.0,52423.32,647.77,0.148,825.0,6,0,N,Rent,41861.68,36,Debt Consolidation,28.29,No,South,02-21-2022,0
CR102250,47.0,Male,Single,Bachelor,Retired,0.1,17615.12,38.83,0.026,,9,1,No, Mortgage ,23577.59,36,Debt_Consolidation,7.13,No,South,30/11/2021,0
CR101902,59.0,Male,Divorced,Bachelor,Unemployed,9.8,,3346.06,0.547,625.0,8,0,Yes,Own,15642.07,24,Medical,29.57,No,south,05-30-2022,1
CR103238,69.0, Female ,Single,Bachelor, Unemployed ,,32302.15,1418.44,0.527,500.0,15,1,No,Rent,47489.71,60,Home Improvement,5.47,No,East,03-08-2021,1
CR103386,62.0,Male,Married,bachelor,employed,5.5,53600.48,1814.2,0.406,634.0,3,2,No,,13942.52,36,Home Improvement,17.57, No ,North,23/11/2024,0
CR103235,51.0,MALE,Married, Master ,Employed,0.0,18123.99,88.71,0.059,348.0,17,0,Yes,Mortgage,19363.46,24,CAR,5.99, No ,East,06-05-2021,1
CR102471,,female,Single,Bachelor,Employed,4.6,35731.54,60.96,0.02,534.0,10,0,No, Rent ,39991.12,24,Debt_Consolidation,27.8,No,East,08/07/2022,0
CR104357,32.0,Male,Single,Master,SELF-EMPLOYED,,36335.26,352.3,0.116,792.0,5,1,No,,7661.46,12,OTHER,26.08,No,east,2024-07-26,0
CR103023,29.0,Male,Single,, Unemployed ,7.3,25545.99,702.2,0.33,763.0,3,0,No,Rent,29648.19,24,Business,10.69,No,South,14/04/2021,0
CR103398,18.0,female,Married,Bachelor,Employed,0.0,36266.27,805.12,0.266,419.0,14,0, No ,mortgage,16877.21,24,Other,29.9,no,East,08-24-2024,1
CR100206,62.0,Female,Divorced,Master,Employed,2.6,24829.0,125.05,0.06,524.0,6,1,No,Mortgage,2428.89,60,debt consolidation,9.2,No,South,21/04/2024,0
CR102377,25.0,Female,Single,,Employed,12.4,53830.04,1193.99,0.266,378.0,3,1,NO,Own,42817.82,24,Debt Consolidation,11.36,no,East,2022-02-28,1
CR101711,45.0,Female,Married,Bachelor, Employed ,6.5,14562.39,635.15,0.523,713.0,19,1, Yes ,Rent,52991.18,36,Debt Consolidation,8.1,no,Central,2023-11-22,0
CR102126,35.0,Female,Widowed,HIGH SCHOOL,RETIRED,7.2,56263.12,104.42,0.022,,6,0,No,RENT,18327.62,12,Debt Consolidation,9.25,Yes,South,2021-06-12,0
CR100663,29.0,Male,SINGLE,Bachelor,Employed,14.3,73396.39,891.03,0.146,672.0,17,0,No,Mortgage,37392.52,48,Car,18.0,No,West,15/04/2021,0
CR100957,54.0,Male,,Bachelor,Employed,6.8,19421.88,393.88,0.243,509.0,10,0,No,Rent,58497.72,24,home improvement,27.89,No,West,23/05/2021,0
CR104583,59.0,FEMALE,Single,High School,Unemployed,3.2,50119.07,2255.06,0.54,760.0,12,2,, Own ,50643.43,48,Education,12.56,Yes,East,02/05/2024,1
CR100011,74.0,Male,Married,Master,Employed,1.0,34586.99,790.07,0.274,636.0,17,0,No,Own,5809.31,48,Business,12.74,No,West,2024-07-21,0
CR100436,,Female,,Master,employed,0.2,42121.8,857.11,0.244,359.0,19,0,Yes,,43614.04,60,Debt Consolidation,8.85,No,Central,02-03-2024,0
CR101665,40.0,Male,,High School,Employed,,11325.26,247.87,0.263,349.0,1,0,Yes,Mortgage,39874.85,24,OTHER,22.14,No,North,11-05-2021,0
CR103665,44.0,Male,Widowed,Master, Retired ,8.3,,88.59,0.043,307.0,0,0,No,Mortgage,49527.15,24,Business,25.38,Yes,CENTRAL,20/09/2024,1
CR102963,21.0,MALE,divorced,Bachelor,Employed,13.1,42141.41,1300.7,0.37,815.0,7,1,NO,RENT,16598.16,36,Car,24.89,no,SOUTH,2024-07-29,0
CR104387,21.0,MALE,Single,Bachelor,Employed,5.2,99175.03,3957.92,0.479,768.0,19,1,No,Own,18701.8,60,Medical,6.49,No,Central,10-26-2022,0
CR101283,64.0,Male,Single,High School,Employed,9.9,62127.56,2407.33,0.465,792.0,9,0,No,Mortgage,39700.43,12,DEBT CONSOLIDATION,9.06,No,South,2022-09-29,0
CR101436,-5.0,Female,Divorced,OTHER,employed,0.0,118675.93,4974.15,0.503,489.0,15,0,,,41433.14,48,Car,15.19, No ,West,03-03-2023,0
CR102989,42.0,Male,Married,,Employed,4.6,18028.63,51.63,0.034,472.0,4,2,No,Mortgage,46254.23,24,Debt Consolidation,22.79,No,South,11/04/2021,0
CR101942,68.0,FEMALE,SINGLE,Bachelor,Self-Employed,6.7,34936.74,707.0,0.243,320.0,3,0,No,Mortgage,20056.3,48,Debt Consolidation,22.42,No,North,01/06/2024,0
CR102945,24.0,Female,Married,HIGH SCHOOL,Self-Employed,3.1,29945.08,485.4,0.195,804.0,6,0,No,,9625.96,12,other,25.05, No ,North,04-29-2022,0
CR104419,24.0,Male,Single,Bachelor,Employed,10.1,20768.7,665.47,0.385,755.0,10,0,NO,,41582.13,24, Car ,28.61,No,Central,07/07/2021,0
CR103791,28.0,Female,Single,Master,Unemployed,0.0,,511.51,0.303,718.0,11,0,Yes, Rent ,27067.84,48,Medical,20.62,No,Central,2021-12-26,0
CR101098,20.0,Female,Single,Master,SELF-EMPLOYED,5.7,26929.81,1092.74,0.487,469.0,6,0,Y,Own,46165.87,48,Home Improvement,7.7,NO,West,01-24-2021,0
CR103432,30.0,Male,Married,Master,Employed,3.2,20010.27,872.75,0.523,579.0,1,1,no,Rent,23228.97,60,DEBT CONSOLIDATION,23.64,No,South,09-25-2021,0
CR101093,40.0,Male,Single,Master,Employed,14.1,23156.05,1020.56,0.529,745.0,3,1,No,OWN,51786.0,48,Other,21.24,No,Central,09/10/2021,0
CR103871,23.0,Female,Widowed, Bachelor ,EMPLOYED,11.8,28117.42,325.16,0.139,782.0,8,0,NO,Own,43837.76,24,Home Improvement,14.54,No,Central,2024-09-21,0
CR100629,39.0,Female,MARRIED,Master,Employed,0.0,102725.7,1499.49,0.175,844.0,11,0,1,Mortgage,27081.79,12,Business,22.54,No,central,04-29-2024,0
CR102888,26.0,Male,Single,Bachelor,Employed,0.0,24205.99,75.34,0.037,617.0,18,2,No,rent,17483.8,60,Car,22.47,No,East,03-17-2022,0
CR101225,74.0,Other, Single ,bachelor,Employed,9.4,21144.29,355.0,0.201,580.0,8,1,0,Mortgage,22486.96,60,Debt Consolidation,14.18,No,east,03-26-2023,0
CR101136,60.0,Male,Married,PhD,Employed,0.0,13427.34,400.5,0.358,435.0,1,1,No,Own,2189.75,48,car,15.67,No, West ,02-23-2023,1
CR103484,41.0,Female,Married,Bachelor,Retired,13.8,40532.65,1750.06,0.518,606.0,12,0,0,own,22808.6,24,Debt Consolidation,20.37,No,East,22/12/2021,0
CR102317,43.0,Male,,bachelor,Employed,14.9,11114.81,388.69,0.42,337.0,11,0,Yes,Own,25054.38,36,home improvement,10.71,Yes,North,09-12-2023,1
CR102868,67.0,Female,Single,bachelor,EMPLOYED,7.5,30575.19,524.94,0.206,765.0,19,0,no,MORTGAGE,19968.1,60,Medical,25.55,No,East,2023-04-14,0
CR103711,75.0,Male,Married,Bachelor,Employed,0.0,46266.01,1406.54,0.365,601.0,5,0,Yes,Rent,50036.85,48,Car,13.99,No,SOUTH,25/08/2022,0
CR102183,55.0,male,Married,Master,Self-Employed,0.0,18676.2,51.27,0.033,311.0,16,0,0,,19212.09,48,Car,17.48,no,South,03/04/2024,0
CR100023,71.0,Male,Married,BACHELOR, Employed ,0.0,93701.78,2051.46,0.263,560.0,12,1,No,mortgage,17684.44,48,Debt Consolidation,23.04,No,EAST,01-21-2021,1
CR100155,56.0,Male,widowed,PhD,Retired,,37862.83,561.63,0.178,594.0,4,0, N ,Rent,2119.6,60,car,11.23,No,Central,2022-01-13,0
CR102339,23.0,Female,Single,Master,EMPLOYED,,16922.71,383.67,0.272,,9,0,Yes,Own,27810.76,36,Car,28.57,No,South,19/11/2023,0
CR103280,,Female,,High School,Self-Employed,6.1,32392.15,1269.84,,497.0,18,1,N,Rent,5148.58,60,Car,20.04,No,South,13/09/2022,1
CR102739,37.0,MALE,Married,BACHELOR,Employed,7.9,18997.09,674.94,0.426,386.0,6,0,0,Own,18732.53,60,Home Improvement,11.34,Yes,Central,05/05/2022,0
CR103875,52.0,MALE,Single,High School,Unemployed,5.3,25174.1,713.27,0.34,352.0,9,0,Yes,Mortgage,44078.74,36,Car,4.54,No,Central,17/05/2022,1
CR103141,41.0,FEMALE,Single,Bachelor,Employed,8.0,33555.91,541.88,0.194,516.0,10,0,Yes,Mortgage,4989.34,48,education,8.04,no,East,2023-02-20,0
CR100262,35.0,Male,Single,Bachelor,Employed,16.1,38043.12,1526.04,0.481,673.0,6,2,Yes,Mortgage,9449.41,36,Debt Consolidation,29.69,NO,central,20/03/2024,0
CR100299,19.0,Female,Single,Bachelor,Self-Employed,1.1,18631.42,479.41,0.309,,4,0,Y,Mortgage,19628.12,24,Debt Consolidation,19.63,No,EAST,2024-04-05,1
CR102409,19.0,Female,Single,Bachelor,Retired,14.1,81111.77,401.96,0.059,578.0,7,0,No,Own,10685.15,48,Debt Consolidation,9.33,,SOUTH,17/09/2022,0
CR102292,31.0,Male,Single,BACHELOR,Employed,7.6,42574.29,861.57,0.243,706.0,13,0,No,Mortgage,49563.17,12,Medical,6.07,No,North,06-23-2021,0
CR100337,36.0,Male,Single,Bachelor,Employed,10.4,24421.27,1080.91,0.531,638.0,10,2, Yes ,Mortgage,25183.11,60,Car,17.93,No,EAST,11-03-2024,1
CR102867,27.0,Female,Divorced,High School,Employed,2.3,42103.01,126.57,0.036,390.0,18,0,Yes,Rent,27378.02,36,Debt Consolidation,21.15,Yes,West,20/06/2022,1
CR101738,18.0,Other,SINGLE,Bachelor,Unemployed,12.4,40760.53,324.6,0.096,686.0,19,1,no,rent,27828.6,36,Debt Consolidation,22.69,No,South,2023-11-11,0
CR103988,42.0,Male,,High School,Retired,10.5,59805.27,2317.16,0.465,672.0,1,0, No ,Other,39149.87,36,business,7.95,Yes,NORTH,10-20-2023,0
CR100261,27.0,Male, Single ,Bachelor,Employed,14.1,55979.58,239.27,0.051,685.0,13,0,1,Mortgage,5095.59,48,Medical,5.37,No,North,2021-09-14,0
CR100461,26.0,Male,Single,High School,Unemployed,18.2,40317.44,478.17,0.142,403.0,16,0,No,Mortgage,3099.65,60,Home Improvement,8.5,No,north,07-29-2021,1
CR103982,56.0,Female,single,HIGH SCHOOL, Self-Employed ,3.3,21972.79,329.31,0.18,752.0,0,2,No,Other,27233.68,48,Debt Consolidation,18.96,No,west,2024-01-02,0
CR102001,21.0,Male,Single,High School,Employed,11.6,37664.89,1440.54,0.459,,8,0,Yes,,22306.19,36,Business,12.01,No,WEST,05-31-2023,0
CR104239,31.0,Male,Married,Other,Employed,19.6,18211.33,151.09,0.1,498.0,7,0,Yes,Own,9598.81,48,Other,12.33,No,Central,14/06/2024,0
CR104323,33.0,Male,Married,Bachelor,Employed,10.0,32690.96,983.71,0.361,786.0,17,0,YES,OWN,28258.66,12,Education,27.26,No,East,2022-05-28,0
CR101147,62.0,Other,Widowed,Master,Self-Employed,18.0,58710.79,1364.12,0.279,497.0,19,1,NO,Rent,13847.56,48,Education,10.99,No,East,2024-11-27,0
CR101558,75.0,female,Single,Bachelor,Retired,9.4,21212.83,638.17,0.361,,3,0, 0 ,Mortgage,47981.75,48, Home Improvement ,24.92,No,North,10-14-2021,0
CR101719,47.0,Female,WIDOWED,bachelor,Employed,16.3,120819.44,1863.65,0.185,521.0,7,0,No,Other,16138.93,24,Debt Consolidation,14.04,No,Central,22/03/2024,0
CR103345,,Female,Single,High School,Retired,2.6,17986.03,82.25,0.055,752.0,3,0,No,,20900.25,60,medical,20.41,no,North,2023-06-08,0
CR101716,55.0,Male,Married,high school,Employed,10.7,63803.01,1840.95,0.346,686.0,12,0,Yes,Rent,6713.2,48,Debt Consolidation,16.83, No ,North,06-27-2022,0
CR104069,,female,Married,High School, Self-Employed ,6.8,29185.53,615.39,0.253,481.0,14,0,yes,,58767.81,48,Debt Consolidation,20.13,No,east,27/11/2022,0
CR104473,25.0,Female,MARRIED,Bachelor,Employed,8.2,40400.18,978.52,0.291,731.0,1,0,No,Mortgage,44003.36,48,Car,28.97,,East,03-19-2022,0
CR104558,61.0,Male,Married,High School,Employed,14.4,29305.92,967.85,0.396,489.0,14,0,Yes,RENT,45801.88,60,Medical,24.02, No ,West,05/11/2021,0
CR103502,36.0,male,Married,,Employed,2.5,53981.69,1116.61,0.248,431.0,4,0,No,Rent,17475.5,12,Car,12.76,NO,Central,04-15-2021,0
CR100072,44.0,Female,Married,Bachelor,Employed,17.3,27486.5,1214.95,0.53,629.0,6,2,No,Mortgage,11171.69,36,Debt Consolidation,20.5,No,South,23/09/2023,0
CR102449,27.0,Male,Single,High School,Employed,9.0,22515.22,684.73,0.365,451.0,5,0,1, Rent ,36253.01,12,Medical,27.66,No,West,11-17-2021,1
CR100007,58.0,Female,,Bachelor,Employed,0.0,,2121.92,0.514,430.0,10,0,Yes,Own,25596.78,12,Car,27.7,No,North,01-03-2021,0
CR100672,54.0,Female, Married ,High School,Self-Employed,10.5,35633.73,1045.68,0.352,436.0,9,0,no,Rent,23924.26,24,Car,19.02,No,East,18/08/2023,0
CR103928,56.0,Female,Married,Bachelor,employed,,34798.71,365.79,0.126,372.0,9,2,Yes,Own,58480.69,60,Other,20.08,No,north,28/10/2023,1
CR100581,,Other,Married,Bachelor,Self-Employed,0.0,12735.3,217.2,0.205,720.0,13,0,Yes,Rent,27457.21,60,Debt Consolidation,21.6,YES,Central,01-06-2022,0
CR101025,21.0,Female,Single,High School,Employed,3.7,24535.61,225.3,0.11,489.0,17,1,No,Rent,59697.61,48,Business,17.7,No,South,2024-11-10,0
CR102092,64.0,Male,Widowed,Master,Unemployed,7.4,35809.42,814.28,0.273,706.0,15,0,0,Own,15738.46,12,Home Improvement,16.73, No ,East,11-07-2021,0
CR104503,62.0,Female,Married,Other,Employed,7.9,21018.76,547.89,,774.0,0,1,Y,,40077.06,12,Debt Consolidation,16.22,No,South,04/05/2024,0
CR102517,48.0,MALE,single,Bachelor,Retired,9.9,41772.84,78.56,0.023,384.0,3,1,No,Rent,25747.56,36,Business,15.32,No,EAST,20/10/2023,0
CR102652,,Female, Single ,High School,Employed,2.3,60573.64,700.15,0.139,569.0,14,1,Yes,Mortgage,48424.13,36,Car,9.73,NO,CENTRAL,29/07/2024,0
CR100558,63.0,Male,married,PhD,Employed,7.8,24217.03,739.57,0.366,779.0,14,0,NO,Mortgage,59502.09,60,Debt Consolidation,5.02,No,Central,21/08/2023,0
CR100714,71.0,Female,Married,bachelor,Employed,20.3,37876.58,277.18,0.088,710.0,7,2,NO,Mortgage,2214.01,12,Car,15.38,Yes,West,2024-06-04,0
CR100481,66.0, Female ,Married, Other ,employed,0.0,27791.97,871.58,0.376,539.0,14,0,0,Rent,15395.65,24,Debt Consolidation,14.84,Yes,South,2024-10-05,1
CR100603,25.0,Female,Single,Master,Employed,2.7,50390.04,853.05,0.203,,5,0,yes,OWN,12335.83,12,Debt Consolidation,22.23,Yes,West,2023-05-29,0
CR101671,50.0,Male,Married,BACHELOR,Employed,13.5,34363.49,914.32,0.319,733.0,1,0,Yes,Mortgage,59004.61,36,Home Improvement,25.11,No,West,11/06/2024,0
CR101339,41.0,Female,Single,Master,Employed,0.2,31601.55,1381.03,0.524,562.0,12,2,No,Mortgage,7202.54,12,Car,10.91,No,North,02/03/2023,0
CR102117,49.0,Male,Single,High School,Employed,0.0,53972.85,1328.07,0.295,498.0,18,0,Yes,,54416.01,60,Other,12.42,No,Central,15/07/2024,0
CR104008,,Male,Single,Other,EMPLOYED,20.6,14069.5,267.62,0.228,526.0,17,0,No,Rent,56489.41,36,home improvement,8.94,,South,09/03/2023,0
CR100783,,Female, Married ,,Employed,0.0,10967.27,224.47,0.246,690.0,9,0,No,Mortgage,48463.13,36,Home Improvement,10.07,No,north,21/11/2024,0
CR104204,35.0,Male,,Bachelor,Employed,8.3,27509.87,1010.56,0.441,342.0,15,0,No,Mortgage,29101.35,60,Other,11.95,NO,South,03/02/2024,0
CR101414,51.0,Male,DIVORCED,Bachelor,SELF-EMPLOYED,8.0,58666.11,367.68,0.075,762.0,13,0,No,Own,27413.86,60,Debt Consolidation,22.71,No,Central,20/10/2022,0
CR102513,61.0,female,Married,Bachelor,Self-Employed,0.0,22258.79,827.49,0.446,812.0,17,0,No, Rent ,46258.27,24, Debt Consolidation ,29.87,No, West ,18/08/2021,0
CR101392,75.0,Female,Single,High School,Employed,7.4,44896.62,1025.42,0.274,,13,0,No,Rent,46684.98,48,Car,29.24,No,West,02/06/2023,0
CR102347,61.0,MALE,Divorced,PhD,Employed,0.0,61008.34,2259.36,0.444,590.0,15,1,Yes,,43749.75,24,Debt Consolidation,15.66,No,South,10-22-2021,0
CR101924,38.0,Female,Married,PhD,Employed,7.9,71676.06,2714.85,0.455,507.0,11,1, No ,Rent,32619.86,24,Car,21.92,,South,02-02-2024,0
CR104126,20.0,Female,Single,Bachelor,Employed,4.4,43289.85,1623.76,0.45,,15,0,No,MORTGAGE,29774.01,36, Home Improvement ,14.22,No,west,2024-07-31,0
CR100305,26.0,Male,Single,High School, Employed ,0.0,35138.46,1243.31,0.425,717.0,10,0, 1 ,Other,45132.13,60,debt consolidation,21.2,YES, East ,25/10/2024,1
CR103557,38.0,Male,divorced,High_School,Employed,2.9,43659.9,199.98,0.055,696.0,9,1,No,OWN,25699.95,60,business,4.92,No,South,11-03-2024,0
CR101849,27.0,female,Widowed,Bachelor,Self-Employed,7.8,48978.93,1632.52,0.4,307.0,2,0,Yes,Own,58750.73,36,Other,23.63,Yes,South,2023-06-30,1
CR104227,53.0,Male,Married,Bachelor,Employed,11.3,44056.59,227.08,0.062,728.0,0,0,Yes,OWN,44483.06,48,Debt_Consolidation,29.23,No, West ,04/12/2022,0
CR101632,,Male,Married,PhD,Employed,6.5,46834.29,980.8,0.251,806.0,6,0,NO,,32477.16,60, Business ,18.67,,South,2022-03-09,1
CR100913,74.0,Male,Single,Bachelor,Self-Employed,,20609.13,821.88,0.479,749.0,4,0,NO,Rent,33414.47,12,Debt_Consolidation,29.45,No, West ,14/03/2023,0
CR100351,20.0,MALE,Single,High School, Retired ,3.0,56063.95,770.4,,324.0,17,0,No,,43005.38,60,debt consolidation,17.42,No,South,2022-02-10,1
CR102398,32.0,Male,Married,Master,Employed,0.8,12649.27,251.71,0.239,748.0,19,0,n,Rent,29611.08,48,Home Improvement,16.74,No,East,05-28-2024,0
CR103351,72.0,Female,Single, Bachelor , Employed ,7.3,29939.71,1176.49,0.472,679.0,7,1,No,Rent,47067.46,60,Medical,26.74,No,West,2021-04-23,0
CR102239,69.0,Male,Divorced,Bachelor,Employed,13.0,13546.85,137.79,0.122,577.0,13,1,Yes,Mortgage,52370.86,48,other,28.47,,Central,08-29-2023,0
CR103980,44.0,female,Single,Bachelor,Employed,8.5,19736.66,840.91,0.511,449.0,10,0,no,MORTGAGE,40545.29,12,business,11.45,No,West,05-27-2023,1
CR102968,59.0,Male, Married ,Master,Unemployed,9.6,18027.5,701.62,0.467,521.0,7,0,No,Mortgage,1867.41,12,Home Improvement,19.32,yes,south,03-18-2022,1
CR103444,71.0,Male,Married,MASTER,Retired,5.1,36026.84,65.97,0.022,,1,0,Yes,Rent,5740.29,48,Home Improvement,9.81,No,North,31/08/2023,0
CR101992,,Male,Married,High_School,Employed,3.6,63230.94,826.17,0.157,339.0,9,0,No,Own,27538.53,12,Debt Consolidation,25.75, No , South ,06-20-2023,1
CR101219,43.0,Female, Single ,High School,Employed,0.0,34912.9,394.91,0.136,816.0,3,0,Yes,RENT,9992.3,60,medical,27.11,No,West,04-24-2024,1
CR102556,,Male,Single,,Unemployed,3.7,84323.74,2068.83,0.294,573.0,8,0,Y,MORTGAGE,16915.0,12, Education ,12.43,Yes, Central ,11/08/2022,0
CR101282,40.0,Female,Single,Bachelor,Employed,12.7,14179.65,267.2,0.226,402.0,6,0,No,MORTGAGE,46665.04,60,Debt Consolidation,9.69,no, East ,07-07-2024,0
CR103727,48.0,Female,Single, High School ,Self-Employed,16.9,51607.18,1455.41,0.338,302.0,9,0,n, Own ,26493.76,36, Education ,15.16,,East,09-09-2024,0
CR102713,48.0,Male,,Bachelor,Self-Employed,10.7,141355.06,3923.7,0.333,305.0,8,0,NO,Mortgage,25402.94,12,Car,17.25,no,South,09/04/2022,0
CR102120,62.0,Female,Single,Bachelor,Employed,11.3,33784.05,1467.91,0.521,409.0,6,0,0,Rent,53146.17,12,Home Improvement,19.33,No,South,21/02/2021,0
CR100752,23.0, Female ,Married,Master,Self-Employed,2.7,60503.08,1929.19,0.383,343.0,10,0, Yes ,Mortgage,56907.36,60,Home Improvement,25.4,NO,east,12-01-2021,1
CR102232,-5.0,Male,Married,High School,employed,,46080.31,872.34,0.227,670.0,2,0,NO,own,3434.0,60,Home Improvement,4.7,No,North,2021-05-03,0
CR104570,58.0,Male,Single,High School,EMPLOYED,3.6,41751.6,537.73,0.155,730.0,6,1,Yes,OWN,33896.4,60, Education ,6.41,NO,North,12/01/2024,0
CR101932,66.0,Female,,High_School,Employed,10.6,22154.66,474.41,0.257,739.0,2,0,Yes,Rent,24492.36,24,Other,19.31,Yes,South,03-21-2021,0
CR102406,39.0,FEMALE,Single,Master,Self-Employed,9.0,19126.38,358.16,0.225,598.0,2,0,No,Mortgage,2558.6,48,Education,19.3,no,West,02-28-2022,0
CR100950,23.0,female,Single,High School, Employed ,0.0,22707.45,955.9,0.505,314.0,12,1,Yes,,41574.57,36,Business,11.23,No,South,11-11-2021,0
CR103464,38.0,Female,Married,Master, Employed ,3.7,28151.18,374.23,0.16,389.0,1,0,No,Rent,22739.83,24,Debt Consolidation,7.84,No,North,09/04/2023,1
CR101417,,Male,,Bachelor,Self-Employed,11.1,21388.74,99.99,0.056,709.0,18,1,Y,rent,7613.78,60,Debt Consolidation,15.7,No,North,29/05/2024,0
CR103363,65.0,Male,SINGLE,Bachelor,Unemployed,2.8,47412.56,908.39,,570.0,2,1,No,Mortgage,26799.39,36,Education,10.87,No,East,02-16-2023,0
CR104537,59.0,Male,Single,Bachelor,Self-Employed,4.9,48684.48,1198.15,0.295,535.0,19,0,Yes,Other,43027.71,48,Medical,19.84,No,North,2024-07-10,0
CR103627,31.0,Female,Married,PhD,self-employed,,18625.37,355.0,0.229,429.0,10,0,no,mortgage,56908.44,48,debt consolidation,24.91, No ,East,2024-04-13,1
CR100364,24.0,Male,,Other, Employed ,0.0,28063.49,376.0,0.161,524.0,0,0,No,Own,39058.84,60, Business ,28.77,NO,north,12-19-2023,0
CR100650,46.0,Male,Single,high school,Retired,4.0,92599.82,3971.86,0.515,659.0,16,1,,Own,26199.15,24,Education,6.67,No,East,2023-08-05,0
CR100242,23.0,Female,Divorced,PHD,Employed,10.3,20914.07,776.73,0.446,796.0,8,0,1,rent,8299.33,36,Education,29.29,,Central,2023-08-24,0
CR100961,41.0,Male,Married,Master,Retired,20.1,37530.89,1208.79,0.386,323.0,18,0,N,Own,27545.11,24,CAR,17.78,No,North,01-10-2023,0
CR102918,67.0,Male,Married,High School,Employed,10.1,11206.39,318.91,0.341,721.0,8,1,Yes,Own,33650.6,12,education,12.84,No,West,12-24-2023,0
CR102206,25.0, Male ,SINGLE,High School,Employed,8.8,29111.89,238.51,0.098,419.0,9,1,Yes, Mortgage ,45552.93,12,Debt Consolidation,24.81,No,East,10-29-2023,0
CR100625,31.0,Female,Single,Master,Retired,1.8,25698.3,920.7,0.43,426.0,6,2,Yes,RENT,27515.02,24,business,17.99, No ,North,25/09/2021,0
CR104356,73.0, Male ,SINGLE,Bachelor,Employed,0.0,33950.64,875.3,0.309,687.0,4,1,No,Own,8570.75,24,Other,23.11,yes,WEST,12/04/2022,0
CR103331,67.0,Male,Single,High School,Employed,1.1,41744.48,291.09,0.084,840.0,19,1,,Mortgage,47669.63,60,Home Improvement,24.29,No,NORTH,2022-07-25,0
CR103856,,Male,married, Bachelor ,Self-Employed,12.0,26638.83,863.56,0.389,707.0,8,1,Yes,Mortgage,48867.46,24,Home Improvement,29.67,No,East,2023-09-11,0
CR101167,41.0,Female,Single,Bachelor,Employed,15.9,29050.83,1212.24,0.501,712.0,14,0,YES,Rent,53957.78,60,Debt Consolidation,5.74,YES,West,2021-11-01,0
CR103208,42.0,Male,Divorced,Master,Self-Employed,18.1,10774.7,71.56,0.08,605.0,2,0,No,Rent,52519.53,36,Medical,22.85,No,East,04-23-2024,0
CR101543,51.0,Male,Married,High School,Employed,17.4,68509.36,165.48,0.029,598.0,10,1,No,RENT,58160.27,24,Home Improvement,27.06,Yes,central,02-18-2024,1
CR101802,44.0,OTHER,Married,,Retired,7.7,45356.74,1747.34,0.462,,15,0, No ,rent,10698.03,48,Home Improvement,18.69,No,East,2023-10-16,1
CR103975,58.0,female,Married,Bachelor,EMPLOYED,0.0,31539.99,1002.11,0.381,657.0,10,1,N,Mortgage,3403.56,48,Other,18.51,No,East,05-27-2023,0
CR102670,63.0,Female,divorced,Master,Self-Employed,9.4,42274.4,1007.95,0.286,694.0,19,0,no,Rent,42232.13,48,Debt Consolidation,11.51,No,Central,11-01-2021,0
CR101232,74.0,Male,MARRIED,PhD,Employed,10.9,46696.24,250.9,,,16,0,No,Rent,17992.75,12,Business,12.38,Yes,South,07-17-2022,0
CR100445,56.0,Female,married,High School,Employed,0.9,16979.33,498.79,0.353,580.0,16,0,No,Own,39204.02,48,Education,10.76,No,West,29/10/2021,0
CR102171,61.0,MALE,Single,High School,Employed,4.4,48615.59,449.72,0.111,639.0,7,1,Yes,Rent,26651.41,24,Debt Consolidation,22.88,No,East,12/01/2023,1
CR100318,72.0,Female, Married , PhD ,Employed,1.0,105730.55,2177.14,0.247,526.0,8,0,No, Mortgage ,11829.54,12,Business,10.37,No,East,14/08/2023,0
CR101330,44.0,Male,Married,HIGH SCHOOL,Retired,2.2,14331.41,150.78,0.126,340.0,12,1,No,Rent,2825.29,60,Medical,25.44, No ,north,06-13-2021,0
CR101639,33.0,male,Single,High School,Employed,1.0,32351.72,539.27,0.2,841.0,19,0,yes,,47665.23,60,Education,9.2,No,South,04/06/2024,0
CR101625,75.0,Male,Married,High_School,Self-Employed,8.8,39762.78,517.05,0.156,719.0,15,1,No,Mortgage,35681.47,12,Debt Consolidation,11.64,No,North,2022-03-01,0
CR103480,64.0,FEMALE,Married,BACHELOR,Retired,0.0,24621.41,263.76,0.129,757.0,3,0, No ,Own,20394.92,12,Medical,10.03,No,Central,06/02/2021,0
CR101529,71.0,Male,single,Master,Self-Employed,0.0,107371.98,2447.6,0.274,601.0,7,1,No,,23657.46,24,Home Improvement,17.61,No,West,09/07/2021,0
CR103631,49.0, Male ,single,High School,Retired,15.3,18594.59,491.96,0.317,471.0,18,1,Yes,Rent,19721.5,60,Home Improvement,8.44,No,Central,2021-12-24,0
CR102259,75.0,Female,Single, Other ,Employed,3.7,34072.09,1222.61,0.431,558.0,4,0,No,Mortgage,36186.91,24,Debt_Consolidation,18.21,No,North,21/02/2021,0
CR100452,, Female ,Married,High School,Retired,0.0,70619.87,1016.68,0.173,810.0,15,0,No,Rent,10169.17,36,DEBT CONSOLIDATION,23.99,No,East,2022-06-15,1
CR101525,20.0,Female,Married,Bachelor,Employed,13.3,14301.32,570.32,0.479,614.0,2,2,YES, Mortgage ,19580.45,24,MEDICAL,25.58,No, West ,05/03/2021,0
CR103370,75.0,Female,Divorced,High School,Employed,0.0,72342.6,880.73,,446.0,3,2,1,rent,30641.37,36, Debt Consolidation ,23.98,No,West,24/09/2021,0
CR100366,45.0,Male, Married ,Master,Employed,8.3,48622.09,1520.75,0.375,493.0,6,0, No ,Rent,39854.15,36,Debt Consolidation,10.64,,WEST,2024-10-12,0
CR103514,33.0,FEMALE,Single,Master,Self-Employed,9.6,16453.13,118.18,,776.0,15,1,YES, Own ,19534.69,24,Education,12.36, No ,Central,13/06/2022,0
CR101101,45.0,MALE,Single, Bachelor ,Employed,10.1,44775.06,1853.07,0.497,541.0,0,0,0,Rent,9741.82,60,Car,26.45,No, East ,27/06/2024,0
CR102804,27.0,Male,Single, Bachelor ,Retired,14.3,40298.51,1609.86,0.479,591.0,6,0,NO,,46377.96,36,Debt Consolidation,14.85,YES,West,12-26-2021,0
CR100642,67.0,Male,Single,high school,Retired,,42252.75,1708.62,0.485,475.0,14,2,No,Mortgage,59022.63,36,Home Improvement,21.0,,South,23/02/2022,1
CR104505,39.0,Female,Single,Other,Retired,3.8,42827.52,677.55,0.19,710.0,5,0,Y,MORTGAGE,4355.83,60,Debt Consolidation,9.08,No,North,04-25-2024,0
CR100315,56.0,Male,Married,PhD, Retired ,0.0,99428.08,2917.93,0.352,,13,0,,Mortgage,21717.38,24,Debt Consolidation,7.93, No ,north,15/12/2023,0
CR102938,70.0,Female,Single,Bachelor,Employed,9.9,30881.97,230.39,0.09,,15,1,no,OWN,58078.15,48,Medical,15.9,No,South,09-12-2023,0
CR103991,61.0, Male ,Married,bachelor,Employed,13.2,,1258.41,0.201,805.0,14,0,0,Mortgage,32036.25,36,Car,12.78,No, Central ,2022-01-22,0
CR104303,19.0,Female,Single,Bachelor,Self-Employed,7.7,62716.52,1525.5,0.292,636.0,3,2,No,,8149.5,24,Car,12.07,No,West,2023-01-02,0
CR101256,30.0,Female,Married,Bachelor,Self-Employed,0.0,66741.31,754.8,0.136,510.0,0,0,No,Mortgage,43532.82,60,Debt Consolidation,22.77,No,East,2021-02-04,1
CR102018,59.0,Male, Single ,High School,Self-Employed,4.2,36196.47,1125.25,0.373,633.0,2,0,No,Mortgage,22253.95,60, Car ,23.14,No,North,23/09/2022,0
CR104271,48.0,FEMALE,Married,High School,SELF-EMPLOYED,0.7,58232.15,1942.02,0.4,383.0,16,0,, Mortgage ,39185.09,48,Business,28.87,No,East,28/11/2022,0
CR102466,35.0,Male,Single,Master,Employed,8.4,34927.72,1237.06,0.425,452.0,12,1, 0 ,MORTGAGE,44601.78,60,Debt_Consolidation,10.57,No,South,2024-03-23,0
CR101732,58.0,Female,Single,Master,SELF-EMPLOYED,13.9,50033.82,1885.14,0.452,505.0,10,0, No ,,40501.34,60,Car,25.34,No,South,29/04/2022,0
CR103825,70.0,Male,Divorced,,Employed,14.7,19832.45,679.08,0.411,303.0,13,1,No,rent,1474.06,24,education,23.6, Yes ,South,2023-01-17,0
CR103623,43.0,Male,Divorced,High School,self-employed,6.3,56395.71,105.81,0.023,575.0,9,0,Yes,Rent,38746.95,48,Debt Consolidation,5.98,No,North,08-24-2021,1
CR103350,27.0, Male ,Married,Master,Employed,6.5,29026.84,745.59,0.308,636.0,5,1,Y,Rent,18044.94,48,Home Improvement,22.47,No,North,03-09-2024,0
CR100810,20.0,Male,Single,Bachelor,Employed,0.0,29575.76,777.51,0.315,740.0,3,0,No,Mortgage,53791.14,24,Home Improvement,16.72,No,Central,24/10/2022,0
CR103243,48.0,Male,Widowed,master,Unemployed,11.4,12900.36,179.5,0.167,341.0,4,0,Yes,,55870.13,48,debt consolidation,11.52,No,North,11-10-2022,1
CR100804,60.0, Female ,Single, Bachelor ,Retired,0.7,71736.13,308.44,0.052,797.0,1,0, No ,Mortgage,35860.37,60,Car,19.43,No,east,03-01-2023,0
CR102970,53.0,Female, Single ,,Employed,13.3,18231.05,815.32,0.537,455.0,16,0,No,Rent,52775.87,60,car,18.9,No,North,01/10/2022,1
CR100755,,Female,Widowed,Bachelor,Employed,15.3,39087.93,1027.77,0.316,793.0,4,1,No,Rent,54348.2,36,Debt Consolidation,15.11, No ,South,2024-12-01,0
CR100505,44.0,Male,Single,BACHELOR,Employed,10.3,48873.71,1145.19,0.281,553.0,15,0,No,,9410.01,24,Debt Consolidation,5.31,No,South,14/11/2021,1
CR100956,41.0,Male,widowed,Other,Unemployed,10.1,23148.95,438.79,0.227,352.0,7,0,No,Other,5518.16,48,Debt Consolidation,28.87,Yes,East,23/07/2022,1
CR103143,50.0,Female,divorced,Bachelor,Retired,9.3,10032.49,393.39,,479.0,3,0,NO,Mortgage,13282.88,36,Business,9.25, No ,South,2024-10-09,0
CR100951,35.0,female,SINGLE,HIGH SCHOOL,Employed,15.5,46413.38,632.87,0.164,708.0,1,1,NO,Rent,8113.4,12,Car,22.08,no, East ,2023-12-15,0
CR101591,38.0,male,Widowed,High School,Employed,11.9,43848.17,224.3,0.061,328.0,16,0,0,Other,15220.33,60, Education ,16.56,YES,South,04-07-2023,1
CR104313,23.0,Male,Married, Master ,Employed,8.7,53027.3,1820.43,0.412,727.0,8,1,Yes,Rent,49587.61,48,Home Improvement,18.7,No,West,16/01/2024,0
CR101554,44.0,MALE,Married,Bachelor, Unemployed ,5.2,32007.69,520.35,0.195,322.0,11,0,No, Own ,30388.87,36,Business,20.66,No,EAST,2022-08-24,1
CR104106,23.0, Male ,Married,Master,Employed,0.0,97074.75,1442.93,0.178,712.0,17,1,1,Own,24786.37,60,Home Improvement,28.9,No,North,08-31-2021,0
CR100153,35.0,Male,Married,High School,employed,12.7,39722.31,266.01,0.08,419.0,5,1,No,Mortgage,39168.35,48,OTHER,22.46,No, Central ,01-06-2022,0
CR100685,64.0,Male,Single,Bachelor,Employed,8.8,39137.68,257.89,,438.0,12,0,No,Mortgage,44571.95,24,Medical,17.28,Yes,West,19/08/2024,0
CR103224,53.0,Other,SINGLE,Bachelor,Self-Employed,0.0,36748.71,126.3,0.041,621.0,7,1,Yes,Own,46542.94,24,Car,18.34,No,North,13/08/2024,0
CR104462,52.0,Female,Single, High School ,Self-Employed,12.6,31301.43,913.9,0.35,686.0,15,1,1,Own,11368.53,36,medical,22.78,No,South,2021-06-27,0
CR102459,21.0,Other,Single,High School,SELF-EMPLOYED,8.8,37990.54,322.91,0.102,562.0,17,0,N,rent,4807.71,36, Medical ,24.07,No,East,05/06/2024,1
CR103344,49.0,MALE,Married,BACHELOR,Employed,6.9,37355.64,411.44,0.132,520.0,4,0, Y ,Own,48062.0,60,Debt Consolidation,27.34,No,East,2024-07-20,1
CR104099,37.0,female,Divorced,Bachelor,Self-Employed,4.5,18603.29,763.41,0.492,769.0,18,1,No,Mortgage,25506.1,48,Car,6.47, No ,East,05-19-2023,0
CR100806,49.0,Female,Married,High School,EMPLOYED,16.3,,1494.83,0.366,532.0,14,0,NO,Mortgage,39085.74,48,Education,24.31,No, North ,09/12/2024,0
CR101194,48.0,Female,Married,Bachelor,Self-Employed,4.1,38563.11,1443.27,0.449,384.0,2,0,No,Own,47454.86,24, Debt Consolidation ,27.27,No,East,06-16-2022,1
CR100745,39.0,male,Single,High_School,Employed,7.3,31738.79,651.69,0.246,435.0,18,2,Yes,OWN,37329.21,48,Other,8.36,No,West,2024-02-20,1
CR103941,36.0,Female,Single,High School,Employed,4.8,35859.08,1118.25,0.374,619.0,14,0,0,Own,51924.48,36,Home Improvement,29.23,Yes,North,31/10/2024,1
CR103389,57.0,Female,Married,Bachelor,Employed,9.3,67777.89,2145.12,0.38,548.0,18,3, No ,Mortgage,43540.82,36,Education,17.28,No,east,04/10/2022,0
CR100553,36.0,Male,Married,Other,Retired,4.5,30001.89,1227.83,0.491,847.0,6,0,Yes,mortgage,52085.18,48,Other,10.57,No,South,11-07-2023,0
CR102908,25.0,Female,MARRIED,Bachelor,Self-Employed,0.2,25490.93,446.63,0.21,456.0,16,2,No,RENT,36384.5,60,Business,17.33,No,West,06-08-2021,0
CR100500,24.0,Male,,,Self-Employed,7.9,77906.85,924.5,0.142,657.0,5,0,No,Mortgage,38879.66,60,education,21.44,No,South,20/01/2021,1
CR101351,40.0,Male,MARRIED,,Employed,3.5,22186.03,788.03,0.426,512.0,17,0,1,Other,46985.48,60,Education,15.51,No,South,07-01-2021,1
CR104393,21.0,Female,Single,High School,Employed,11.8,90688.02,4004.4,0.53,477.0,16,0,no,Rent,19101.36,12,Medical,9.28,No,NORTH,2021-06-28,1
CR101553,53.0,Male,Single, Master ,Employed,3.7,,1711.63,0.402,840.0,17,0,No,own,27194.61,24,medical,22.24,No,East,02/03/2021,1
CR103607,,male,Married,Bachelor,Self-Employed,13.8,41252.5,1078.72,0.314,691.0,15,1,Yes,Rent,31955.78,12,Home Improvement,29.14,No,WEST,2022-12-20,1
CR103820,25.0,Male,Single,Bachelor,Employed,23.9,35019.92,956.95,0.328,523.0,0,0,Yes,,30359.95,36,Debt Consolidation,11.36,No,South,28/09/2022,1
CR104469,61.0,Male, Married ,Other,Employed,19.7,49252.68,1602.68,0.39,749.0,17,1,No, Rent ,57031.93,12,Car,29.66,No,South,09/04/2023,0
CR101551,67.0,Male,Single,High School,Employed,1.7,33601.47,1196.81,0.427,589.0,10,1,0,,55812.42,36,Home Improvement,21.71,No, East ,01/09/2022,0
CR102265,23.0,FEMALE,Married,High School,Employed,7.1,59544.46,1312.72,0.265,800.0,3,0, No ,Mortgage,31076.24,48,HOME IMPROVEMENT,23.78,Yes,WEST,08/05/2023,0
CR102349,47.0,Male,Married,Bachelor,Self-Employed,,36679.28,1173.77,0.384,401.0,7,0,0,Own,49580.22,60,Car,4.83,No,South,2023-10-07,0
CR104441,,Female,Single,Other,Retired,10.5,37528.84,571.41,0.183,516.0,8,0,No,Own,27824.25,36,Debt Consolidation,22.43,NO,East,2022-05-21,0
CR103301,33.0,Female,Married, PhD ,Retired,6.4,32141.43,462.99,0.173,401.0,2,0,No,Own,18055.36,60,Car,23.08,NO,East,03-27-2023,0
CR104370,50.0,Female, Single ,bachelor,Employed,0.0,8000.0,196.36,0.295,562.0,8,0,No,Mortgage,37772.79,36,Debt Consolidation,20.66,No, East ,2022-04-28,1
CR100602,60.0,Male,single,Other,Unemployed,10.3,38701.09,1422.91,0.441,,10,0,yes,,30770.94,36,BUSINESS,22.88,No,North,2024-10-29,1
CR103262,60.0,Female,Single,High School,Employed,6.7,22318.06,407.03,,761.0,15,0,Yes,Own,25934.5,24,Medical,6.8,No, Central ,13/03/2022,0
CR100632,43.0,Female,married,,Employed,9.9,12482.22,253.67,0.244,715.0,1,0,,OTHER,38496.84,36,Other,15.48,No,North,2023-12-22,1
CR100050,62.0,Male,,Bachelor,Employed,3.4,61957.67,199.99,0.039,653.0,13,0,,,12030.71,36,Debt Consolidation,8.89,,SOUTH,06/12/2021,0
CR104518,59.0,FEMALE,Single,Other,Unemployed,0.2,30335.51,1124.42,0.445,408.0,4,0,Yes,Mortgage,6319.19,12,car,18.63, No ,East,27/01/2021,1
CR104179,45.0,male,Single,PhD,Self-Employed,9.1,23863.97,434.24,0.218,387.0,7,0, No ,Mortgage,42138.3,12,Debt Consolidation,4.94,NO,WEST,01-28-2022,1
CR101223,55.0,MALE,Married,,Employed,1.5,64997.93,2018.13,0.373,378.0,1,0,Yes,,22042.46,12, Business ,23.75,No,East,07-03-2024,1
CR102038,75.0,Male,Single,High School,Self-Employed,4.6,41445.3,1189.21,0.344,594.0,18,1,0,Rent,34385.35,24,Car,9.64,No,North,2022-11-02,0
CR101812,57.0,female,Married,Bachelor,EMPLOYED,18.7,16572.01,751.33,0.544,573.0,1,1,Yes,Rent,23206.87,12,Medical,27.57,No,Central,08-06-2022,0
CR101734,67.0,Male,Single,Bachelor,Self-Employed,8.6,146618.67,1686.99,0.138,459.0,13,0,Yes,Mortgage,28397.73,60,Medical,9.61,No,South,20/10/2024,0
CR104220,24.0,FEMALE,Married,Master,Unemployed,19.1,41116.15,245.69,0.072,680.0,14,0,No,Mortgage,13859.62,60,Other,8.17,NO,North,26/05/2021,0
CR103859,43.0,female,Married,High School,Employed,2.5,48159.72,1571.82,0.392,664.0,1,0,N,Rent,35736.46,24,Other,26.13,NO,East,19/03/2024,1
CR101320,24.0,Female,WIDOWED,PhD,Self-Employed,0.0,37457.53,588.38,0.188,605.0,10,2,No, Mortgage ,3453.18,60,Car,15.74, No ,East,02-17-2023,1
CR101155,52.0,FEMALE,Single,Bachelor,Employed,7.1,91333.9,3972.1,,641.0,13,0,yes,Rent,55983.26,60,Home Improvement,7.16,No,South,2024-07-28,0
CR102251,50.0,male,Single,BACHELOR,Employed,4.4,70128.98,2609.01,0.446,,2,0,No,Mortgage,17339.2,60,Debt Consolidation,28.11,NO,East,03-05-2023,0
CR101806,18.0,Female,SINGLE,,SELF-EMPLOYED,0.0,74848.94,1197.3,0.192,439.0,17,0,No,Own,25901.35,48,Debt Consolidation,16.65,No,Central,2022-09-18,0
CR102999,56.0,Female,married,Bachelor,Employed,14.6,16061.84,196.46,0.147,393.0,18,1,Yes,Mortgage,59096.66,24,Other,14.22,,West,02/05/2023,0
CR103775,28.0,Female,Married,high school,Employed,4.4,40466.79,1416.43,0.42,829.0,8,0,Yes,Own,38285.6,36,Debt Consolidation,22.44,,North,2024-08-27,0
CR103642,71.0,Female,Married,Bachelor,Employed,13.8,8000.0,335.16,0.503,489.0,17,0,No,Rent,3991.74,48,Debt Consolidation,22.07,No,South,06/12/2023,0
CR101277,62.0,Male,Single,Bachelor,Employed,4.6,88473.61,2821.84,0.383,515.0,17,0,No,Mortgage,30738.53,60,Business,12.0,No,EAST,19/03/2022,0
CR101187,52.0,Male,Married,High School,Retired,8.9,24222.13,1044.21,0.517,364.0,10,1,No,mortgage,27137.74,60,Home_Improvement,12.08,No,WEST,2023-12-02,0
CR101693,40.0,Female,married,High School,Employed,18.4,35271.18,401.84,0.137,533.0,16,0,no,Rent,32489.52,60,Car,16.44,No,North,2022-05-23,0
CR104134,75.0,male,single,High School,Self-Employed,14.1,23851.98,189.4,0.095,576.0,4,0,1,Other,18356.91,24,DEBT CONSOLIDATION,5.59,No,East,26/01/2022,0
CR100823,55.0,Female,MARRIED,BACHELOR,Unemployed,,42906.4,1185.98,0.332,581.0,11,0,No,Mortgage,12225.06,12,Car,9.52,,South,09-09-2021,0
CR102969,54.0,MALE,Married,Master,Employed,1.2,73714.18,484.87,0.079,749.0,15,0,Yes,Rent,54978.43,36,Car,15.44,No,South,20/09/2022,0
CR102014,55.0,Male,single,Master,Employed,3.1,41823.83,634.52,0.182,702.0,6,0,No,Other,4000.78,12,Debt Consolidation,17.52,No,Central,30/01/2021,0
CR104083,63.0,Female,Single,Bachelor,Self-Employed,9.4,24610.64,223.55,0.109,,7,0,No,Mortgage,46728.36,48,Business,22.33, Yes ,Central,21/12/2022,0
CR103814,40.0,FEMALE,Single,Bachelor,Employed,9.8,29192.38,637.35,0.262,446.0,18,1,Yes,Mortgage,5145.85,36, Car ,14.23,No,Central,12-14-2024,0
CR100518,,Female,Divorced,High School,Employed,11.1,66819.92,1299.59,0.233,454.0,6,0,No,,51685.53,60,Car,6.68,no,North,14/12/2023,0
CR100099,26.0,Male,WIDOWED,bachelor,Employed,13.7,135715.64,3203.9,0.283,,13,0,,RENT,57376.23,12,Car,15.47,Yes,West,2023-02-01,0
CR100184,,Female,Married,,Employed,0.0,50854.14,1694.3,0.4,369.0,2,0,Yes,RENT,13408.91,36,Car,15.99,No,West,07-19-2022,1
CR103382,73.0,Female,Divorced,,Retired,8.4,28900.62,637.28,0.265,799.0,7,0,No, Own ,22530.09,24,Home Improvement,19.82,No,West,2024-12-06,1
CR103048,27.0,male,Married,Other,Self-Employed,18.7,79003.34,773.97,0.118,553.0,17,0,yes,Rent,40899.33,24,Medical,8.2,No,Central,2022-05-07,1
CR104502,75.0,Female,Single,Other,Employed,8.8,22805.92,45.4,0.024,744.0,18,0,1,Rent,22380.15,12,Education,20.88,No,north,05-28-2023,0
CR103592,75.0,Male,Divorced,High School,Employed,12.4,63193.6,1325.26,0.252,716.0,2,0,0,Rent,5343.75,12,other,14.32,No,South,25/07/2021,0
CR101532,72.0,Female,Single,HIGH SCHOOL,Employed,5.7,28093.65,983.01,0.42,441.0,18,0,0,,50131.05,36,Business,21.28,,north,24/06/2022,0
CR101251,41.0,Male,Married, High School , Employed ,16.3,22324.22,474.06,0.255,540.0,3,0,No,Mortgage,21012.62,12,Car,16.04,,East,27/10/2022,0
CR103822,49.0,Female,Married,bachelor,Employed,,24606.95,1098.3,0.536,822.0,14,0,No,Rent,8732.39,36,debt consolidation,27.78,Yes,North,19/06/2022,0
CR102630,72.0,Male,Married,PhD,RETIRED,2.1,89179.22,2365.32,0.318,453.0,5,0,No,Own,25347.71,24,Education,19.9,No,East,10-06-2022,0
CR101170,54.0,Female,Single,PhD,Retired,2.3,48239.9,730.7,0.182,525.0,4,1,Yes,Mortgage,2024.92,48,Medical,21.05,No,South,2024-10-09,0
CR101684,38.0,Female,Single,bachelor,Employed,6.3,,2343.53,0.365,,11,1,N,Rent,19170.41,48,Debt Consolidation,21.58,No,North,01-15-2021,1
CR104050,36.0,OTHER,Divorced,,Self-Employed,17.2,23608.74,328.39,0.167,635.0,0,2,No,Rent,37289.07,24,debt consolidation,21.53,No,South,2021-03-23,0
CR103264,48.0,Female,Married,Master,Self-Employed,,24532.4,858.81,0.42,713.0,13,1,Yes,Rent,29289.01,24,Medical,10.42,No,South,2023-09-10,0
CR101268,,Female,Married, Bachelor ,employed,16.0,18912.25,621.06,0.394,321.0,6,0,No,Rent,6818.09,12,Business,5.88,No,Central,2023-12-07,1
CR101502,31.0,Female,Single,High School,Retired,0.0,63596.4,2117.93,0.4,392.0,8,0,No, Mortgage ,52712.23,36,Car,29.71,Yes,East,2024-08-31,0
CR103910,31.0,Female,SINGLE,phd,SELF-EMPLOYED,8.4,18794.25,391.89,0.25,590.0,9,0,No,Rent,22523.16,12,Education,22.99,No,North,2024-10-28,0
CR103079,43.0,Male,Married,,Employed,,63834.74,1599.93,0.301,614.0,8,1,No, Rent ,10082.64,60,Other,28.33,No,Central,06-05-2024,0
CR102058,40.0,female,Married,Bachelor,Employed,5.3,48162.3,1698.56,0.423,548.0,12,0,No,rent,5100.72,12,debt consolidation,27.65,No,East,01-09-2022,0
CR101685,48.0,Male,Married,Master,Unemployed,,24573.55,982.14,0.48,367.0,7,0,Yes,Rent,35497.61,60,education,10.02,,West,02/02/2022,0
CR101305,56.0,Female,Single,High School,Employed,0.0,68725.78,2415.92,0.422,486.0,5,0,Y,Rent,12975.46,48,Business,5.21,Yes,West,25/08/2021,0
CR103777,67.0,Male, Divorced ,Other,Employed,6.2,13335.28,424.48,0.382,556.0,12,0,Yes,Mortgage,12650.99,36,Business,5.26,No,East,05-07-2021,0
CR102321,20.0,Male,Single,bachelor,Employed,5.0,36462.29,154.02,0.051,,3,0,No,Mortgage,51787.87,12,Debt Consolidation,5.16,No,WEST,06/06/2021,0
CR100384,19.0,Female,Single,Bachelor,Employed,5.7,32883.64,353.73,0.129,315.0,2,1,Yes,Own,50972.64,36,Debt Consolidation,16.34,No,North,24/10/2023,1
CR101620,33.0,male,Single,High School,Employed,6.4,32563.61,679.12,0.25,505.0,4,1,Yes,Mortgage,30465.37,60,Car,20.96,no,East,2022-01-01,0
CR100281,46.0,Female, Widowed ,Master,Employed,6.5,13994.2,125.98,,460.0,15,1,Yes,Mortgage,43551.93,36,Debt Consolidation,20.99,No,North,2022-03-12,0
CR104019,57.0,Female,Divorced,Bachelor,Employed,9.2,30062.21,982.7,0.392,714.0,15,0,No, Rent ,54589.37,12,Business,21.54,,East,2023-09-02,0
CR103927,26.0,Male,Married,High School,Self-Employed,9.4,27861.73,927.8,0.4,816.0,8,0,no,Rent,47172.89,36,Debt_Consolidation,25.04,No,North,2024-03-14,0
CR100646,44.0,Female,Divorced,High_School,Employed,10.0,51080.01,158.72,,826.0,2,2,1,Rent,34020.08,48, Debt Consolidation ,17.87,Yes, West ,2021-06-16,0
CR103184,54.0,Male,SINGLE,Bachelor,Employed,3.2,28936.77,256.28,,529.0,13,0,No,Rent,30624.21,24,Car,4.82,No,North,2024-05-07,0
CR104465,23.0,female,Married,Bachelor,Employed,0.0,55371.85,781.18,0.169,462.0,14,0,Yes,Mortgage,59039.93,12,Other,5.04,,central,2021-01-25,1
CR103812,57.0,MALE,Single,High School, Self-Employed ,10.4,48582.22,400.9,0.099,324.0,1,0,No,Rent,7205.26,60,Home_Improvement,26.02,No,West,10-12-2024,0
CR102392,53.0,Female,Single,Other,Employed,5.7,74315.59,937.36,0.151,,9,2,no,Mortgage,56204.22,48,Education,28.73,,West,2021-08-11,0
CR100074,57.0,Male,Married,BACHELOR,EMPLOYED,4.6,19545.71,134.44,,675.0,18,0,N,MORTGAGE,5669.36,12,HOME IMPROVEMENT,10.86,,North,07-11-2024,0
CR103804,19.0,Male,Married,High School,Employed,15.4,57191.53,2306.55,0.484,485.0,14,0,no,Rent,2529.42,24,Medical,11.59,NO,East,02/08/2022,0
CR104183,67.0,Male,Single,High School,Employed,7.0,39179.02,244.63,0.075,423.0,0,1,Y,Rent,39527.8,48,BUSINESS,23.21,No, Central ,2021-08-03,1
CR102496,,Female,Married,Bachelor,Employed,12.9,59822.53,785.05,0.157,502.0,13,0, No ,Rent,11691.08,60,Home Improvement,16.56,NO,North,12-04-2022,0
CR100109,58.0,Female,Single,Bachelor,Unemployed,4.1,79659.83,1646.62,0.248,660.0,8,0,0,Rent,37082.54,24,Car,17.32, No ,central,02-02-2021,0
CR101930,23.0,Male,Single,Bachelor,Retired,12.5,29051.2,143.94,0.059,318.0,12,1,No,Rent,41006.55,12,DEBT CONSOLIDATION,17.57, Yes ,South,11-05-2024,0
CR100724,63.0,male, Single ,Bachelor,Employed,0.0,29197.63,93.46,0.038,618.0,15,0,No,Mortgage,52484.7,60,Debt Consolidation,28.28,No, South ,2022-08-12,1
CR103789,36.0,Male,Married,Master,Employed,6.7,22857.01,783.38,0.411,510.0,6,1,No,Own,17697.51,36,other,22.22,No,East,31/07/2021,0
CR103966,63.0,Male, Single ,Bachelor,Employed,13.2,38091.19,356.1,0.112,791.0,1,0,Yes,Rent,49259.03,60,Car,13.27,No,East,2023-12-21,0
CR101848,48.0,Other,Single,,Unemployed,4.1,31280.91,368.52,0.141,402.0,6,0,No,,9689.99,12,Other,22.7,No,North,27/06/2022,0
CR101845,53.0,Male,Widowed,bachelor,Employed,6.8,39521.57,774.31,0.235,662.0,7,0,Yes,Mortgage,52364.44,48,Car,17.42,Yes,CENTRAL,2022-07-27,1
CR102018,59.0,Male, Single ,High School,Self-Employed,4.2,36196.47,1125.25,0.373,633.0,2,0,No,Mortgage,22253.95,60, Car ,23.14,No,North,23/09/2022,0
CR104399,56.0,Male,Single,,Employed,7.6,76272.94,3379.0,0.532,793.0,2,0,Yes,Mortgage,21085.89,24,home improvement,13.64,No,East,12-24-2024,0
CR101084,29.0,Female,Married,Bachelor,unemployed,17.1,33193.8,234.4,0.085,650.0,16,0,No,Mortgage,57826.82,48,Debt Consolidation,21.81,,Central,2021-01-29,1
CR100750,73.0,Female,Divorced,High School,Employed,10.8,61403.57,1405.57,0.275,848.0,9,0,No,Mortgage,1138.73,36,Home Improvement,20.69,No,West,25/01/2023,0
CR104148,68.0, Male ,Widowed,Master,self-employed,7.3,21011.06,683.1,0.39,458.0,13,0,,Mortgage,57909.45,48,Debt Consolidation,12.48, No ,South,2022-05-16,1
CR103846,62.0,Male,Married, High School ,self-employed,9.4,22636.91,761.5,0.404,769.0,9,1,No,Rent,48570.82,12, Education ,27.78,,West,2023-12-13,1
CR104516,38.0,Other,Married,Bachelor,Employed,9.3,65873.09,2532.78,0.461,339.0,4,0,No,OWN,1606.95,48,Home Improvement,6.02,No,North,05-02-2021,1
CR103734,36.0,Male,Married,Master,Self-Employed,6.9,34162.39,683.99,0.24,459.0,16,0,1,mortgage,3229.32,48,Debt Consolidation,6.37,No,East,24/09/2021,0
CR100716,48.0,Male,Married,Other,Employed,4.0,64357.26,2074.34,0.387,444.0,1,0,No, Mortgage ,39824.06,36,EDUCATION,28.76,no,West,05-22-2024,0
CR100880,22.0,Female,Single,Bachelor,EMPLOYED,1.4,37487.24,841.14,0.269,440.0,2,0,No,Mortgage,23221.53,48,Debt_Consolidation,27.6,No,CENTRAL,25/11/2024,0
CR102426,27.0,Female,Married,PhD,Employed,9.1,20682.88,616.79,0.358,723.0,6,0,No,Own,42826.61,60,Debt Consolidation,7.59,No,West,2022-05-29,0
CR101137,39.0,Female,Divorced,high school, Self-Employed ,19.2,47012.46,1773.86,0.453,681.0,8,1,yes,Rent,12561.28,48,Home Improvement,18.86, No ,Central,12-02-2022,0
CR102633,50.0,MALE, Single ,Master,self-employed,22.0,46004.93,919.71,0.24,338.0,15,0,No,own,22472.17,36,Medical,23.96,No,Central,02-21-2021,1
CR103486,37.0, Male ,Married,bachelor,Employed,,18967.53,271.85,,316.0,19,1,,Own,4237.38,60,Car,12.86,No, East ,2022-11-21,1
CR104417,27.0,Male,Single,High School, Employed ,1.5,147473.25,6636.45,0.54,835.0,16,0,No,Own,18872.48,24,Car,15.43,No,west,2022-04-20,0
CR101939,,Female,,Bachelor,Employed,3.5,18485.24,251.17,0.163,749.0,14,1,Y,Rent,57457.92,24,BUSINESS,28.79,No,Central,2022-08-19,0
CR103100,39.0,Female,Single, Other ,Employed,0.0,40069.89,1124.5,0.337,327.0,7,0,No,Own,26218.91,60,Other,12.09,No,Central,2021-05-27,0
CR101452,20.0,Female,Married,High School,Employed,,65387.33,2872.59,0.527,,11,0,,Rent,38088.39,36,Car,20.05,No,East,2024-09-20,0
CR103853,38.0,other,Single,Bachelor,Employed,0.0,31978.96,762.9,0.286,351.0,2,2,Yes,MORTGAGE,50575.27,48,Car,26.1,No,West,11-24-2022,1
CR102754,75.0,Female,Married,Bachelor,Employed,6.5,20654.63,478.05,0.278,,2,0,No,rent,52167.42,48,Other,27.84,No,NORTH,2024-07-27,0
CR102462,45.0,Other,Married,Other,Employed,8.8,27434.51,814.73,0.356,773.0,15,0,No,Rent,54487.16,36,Debt Consolidation,21.03,No,North,25/04/2022,0
CR100362,,Male,DIVORCED,,Retired,13.3,79718.13,2658.89,0.4,702.0,3,0, No ,Own,5420.06,48,Car,18.03,Yes,West,2022-03-24,0
CR102749,74.0,Male,Widowed,Master,Employed,22.6,126064.01,2902.46,0.276,668.0,7,0,1,Mortgage,22718.29,24,Other,25.48,No,WEST,2022-04-13,0
CR102488,48.0,Female,Single,Master,Employed,12.5,10225.86,50.79,0.06,807.0,19,0,No,Mortgage,52127.82,36,Car,24.48,No,South,01-17-2022,0
CR103446,36.0,Male, Married ,Master, Retired ,2.6,27678.63,668.11,0.29,615.0,10,1,0, Rent ,3836.51,24,Business,26.57,No,CENTRAL,01-16-2023,0
CR102992,29.0,Male,Single,Bachelor,Employed,6.4,62644.46,121.06,0.023,,8,0,YES,Mortgage,14351.82,36,medical,4.67,No,South,02-07-2022,0
CR103291,44.0,Female,Married,,EMPLOYED,8.0,15881.55,634.89,0.48,674.0,9,0,Yes, Rent ,36991.33,12,Medical,20.21,No,North,24/11/2021,0
CR101809,73.0,Female,Married,Bachelor, Employed ,13.9,22196.68,601.35,0.325,538.0,3,1,Yes,Rent,47305.38,48,Home Improvement,6.57,No,north,07-20-2023,0
CR103606,36.0,Female,Single,High School,Employed,7.1,66643.65,384.3,0.069,590.0,9,0,N, Own ,47933.7,60,other,18.85,Yes,North,2024-11-25,0
CR101934,26.0,Male,Divorced,High School,EMPLOYED,5.0,115196.17,1084.16,0.113,376.0,2,2,N,,47392.69,12,Business,7.96,No,Central,08/04/2023,1
CR102792,59.0,Male,Single,other,Self-Employed,9.3,27357.4,1230.12,,602.0,15,0,No,Rent,49483.99,24,Debt Consolidation,22.85,Yes,North,31/01/2023,0
CR104127,23.0,female,Single,,Employed,13.6,39872.25,1470.29,0.443,536.0,13,1,0, Rent ,39019.5,12,home improvement,7.64,No,West,12-27-2024,0
CR104162,50.0,Other,Single, High School ,self-employed,9.4,17269.14,527.12,0.366,614.0,10,0,,Mortgage,46406.18,24,Debt Consolidation,10.38,No,Central,2022-07-27,0
CR100243,55.0,male,Single,High School,Employed,4.8,42469.47,592.35,0.167,369.0,3,1,Yes, Rent ,10154.49,24,Debt Consolidation,20.91,No,North,2023-05-01,0
CR100133,50.0,Female,Single,,Employed,8.9,15534.06,660.54,,763.0,12,1,Yes,Mortgage,46568.78,12,Medical,24.41,No,West,11-16-2024,0
CR101565,44.0,Female, Single ,High School,Employed,13.2,49386.57,338.95,0.082,573.0,10,0,, Rent ,40618.78,60,Car,8.29,No,East,22/07/2022,0
CR102928,28.0,male,single,Master,Employed,0.0,20258.9,761.49,,740.0,7,0,Yes,Rent,51747.45,24,Debt Consolidation,9.82, No ,West,12/06/2024,0
CR102592,48.0,Male,Single,Bachelor,Employed,10.3,24631.2,277.07,0.135,400.0,8,0, No ,Rent,44363.11,60,Business,9.39,No,North,06-24-2021,0
CR100962,66.0,Male,Single,Bachelor,Unemployed,0.0,56859.64,977.61,0.206,642.0,8,1,No,own,47088.67,36,MEDICAL,23.58,Yes,West,16/03/2024,0
CR102511,67.0,female,Married,Bachelor,Employed,10.1,33560.69,1257.78,0.45,833.0,5,0,Yes,Rent,55947.97,48,Debt Consolidation,21.2,No,East,2024-05-18,0
CR103496,23.0,Male,Single,High School,employed,5.2,,1325.37,0.519,674.0,5,0,No,,56396.66,60,Home Improvement,25.97,No,Central,2021-05-06,0
CR102740,28.0,Male,Single,High_School,Retired,0.5,34555.7,1386.22,0.481,438.0,13,2,1,Mortgage,28861.97,12,Medical,13.95,No,South,05-09-2024,1
CR103372,,Female, Single ,BACHELOR,Retired,5.1,36815.88,1077.35,0.351,,19,1,No,Rent,48392.58,60, Car ,20.21,Yes,central,08/06/2021,1
CR101717,39.0,FEMALE,SINGLE,high school,Self-Employed,0.9,13055.82,323.36,0.297,722.0,15,0,N,Mortgage,33355.22,60,Debt Consolidation,19.94,No,East,07/01/2022,1
CR103227,39.0,Male,Married,Master, Unemployed ,14.7,56835.2,2061.92,,777.0,10,0, No ,Rent,47978.35,48,OTHER,10.0,Yes,West,18/01/2022,1
CR102900,47.0,Male,MARRIED,bachelor,Self-Employed,9.2,,780.51,0.378,412.0,14,1,Yes,,40978.11,12,Car,6.87,No,west,15/02/2023,0
CR102751,22.0,FEMALE,Married,Other,Employed,8.8,51955.83,1041.99,0.241,376.0,1,0,Yes,Own,34657.48,12,Business,20.13,No,Central,27/05/2024,0
CR101028,50.0,Male,Married,Bachelor,Unemployed,4.9,30191.49,579.77,0.23,341.0,13,0,No,Other,25550.97,24, Car ,15.67,No,East,06-25-2023,1
CR101959,28.0,MALE,Divorced,, Employed ,6.4,63988.26,2225.36,0.417,,16,0,No,Rent,54736.26,60,Car,26.08,No,North,25/04/2023,0
CR102254,35.0,Female,Married,Bachelor,Self-Employed,15.4,15835.52,275.03,0.208,846.0,2,1,No,Own,58815.3,12,Car,21.73,No,East,11/05/2021,0
CR102168,72.0,female,Married,High School, Employed ,3.2,61799.3,251.88,0.049,530.0,13,1,No,Own,30049.31,12,HOME IMPROVEMENT,20.88,NO,East,01-11-2024,1
CR103721,51.0,Other,Widowed,Other,Employed,6.8,17071.22,32.43,0.023,458.0,11,0,No,Own,20531.86,12,Car,15.48, No ,North,01-16-2021,0
CR103074,51.0,Male,Single,High School,Employed,0.0,23455.75,232.93,0.119,469.0,5,0,Yes,,38107.29,12,Business,15.39,NO,Central,01-27-2024,1
CR101334,48.0,MALE,Married,High School,Self-Employed,,8000.0,235.68,0.354,811.0,13,0,YES,Mortgage,44797.69,24,Business,20.24,Yes,East,25/03/2021,0
CR101338,62.0,Male,Single,,Unemployed,10.2,92538.18,3863.98,0.501,784.0,14,2,NO,Mortgage,50369.94,12,Education,11.98,No,North,01/10/2021,0
CR100217,23.0,Female,Single,,Employed,10.7,19348.25,437.38,0.271,648.0,14,0,No,Other,59749.35,12,Medical,5.75,No, South ,08-10-2024,1
CR103771,37.0,Female, Single ,Bachelor,Employed,0.0,51954.67,1586.09,0.366,606.0,18,0, Y ,Rent,41131.29,24,Business,29.08, No ,South,12-12-2022,0
CR103166,61.0,Male,SINGLE,Master,Employed,8.4,36033.86,458.3,0.153,,3,0,Yes,Mortgage,38533.25,60,Medical,6.5,Yes,South,2022-09-12,0
CR100994,48.0,FEMALE,divorced,Bachelor,Employed,8.4,29425.87,187.52,0.076,757.0,1,0,No,Own,16371.28,36,Education,8.47,No,East,04-16-2023,0
CR101827,75.0,MALE,,Master,Unemployed,,62733.94,1378.03,0.264,807.0,2,0,No,Rent,47627.82,60,Car,21.62,,west,14/01/2023,0
CR104547,66.0,Female,MARRIED,High School,Employed,0.1,10003.57,194.51,0.233,748.0,8,0,No, Rent ,50011.62,36,DEBT CONSOLIDATION,12.89,no,East,04-09-2022,0
CR101580,35.0,Female,Single,Bachelor,Employed,12.2,48179.3,1644.81,0.41,,2,0,No,Mortgage,58758.04,60,Debt Consolidation,15.39,No,West,2023-12-30,0
CR101970,66.0,Male,MARRIED,Master,Employed,0.0,37449.26,923.2,0.296,523.0,10,0,Yes,Own,7898.16,36, Home Improvement ,14.75,No,South,28/11/2024,0
CR102621,40.0,Other,Married,Master,RETIRED,4.0,19429.56,821.35,0.507,482.0,12,0,N,Rent,38140.66,48,HOME IMPROVEMENT,15.39,No,South,2022-11-30,0
CR103104,58.0,Female,Divorced,Master,EMPLOYED,6.5,28811.48,1245.31,0.519,832.0,4,0,yes,Rent,41247.37,48,business,16.81,No,South,10/04/2023,0
CR102718,51.0,Male,married,High School,Self-Employed,10.1,46850.27,2007.84,0.514,774.0,2,0,NO,RENT,10805.3,48,Other,25.72,No,North,07/02/2023,0
CR100813,34.0,female,Single,Bachelor,EMPLOYED,,27141.06,491.04,0.217,780.0,5,0, Yes , Mortgage ,59336.09,36,Debt Consolidation,12.23,No,EAST,25/04/2021,0
CR104237,24.0,Male,Single,High School,unemployed,12.2,12167.84,538.86,0.531,424.0,10,0,No,rent,59801.95,12,Home Improvement,26.56,No,North,10/04/2024,1
CR103396,44.0,Male,Widowed,Master,retired,,88466.34,1182.81,0.16,401.0,8,0,Yes,rent,10931.31,12,Debt Consolidation,14.47,No,South,09-03-2021,0
CR100417,25.0,Female,Divorced,Master,Employed,11.4,40306.45,1548.19,0.461,480.0,3,0,No,rent,52071.44,36,Medical,8.12,Yes,Central,2021-08-04,1
CR103296,30.0,Female,Single,Bachelor, Employed ,0.5,18985.51,292.08,0.185,849.0,0,0,No,Mortgage,51007.77,36,Other,16.79,No,west,2024-06-10,0
CR100177,27.0,Female,single,Master,Employed,8.9,44780.54,1978.7,0.53,801.0,9,0,No,Mortgage,42496.54,24,Debt Consolidation,13.05,NO,North,08-28-2024,0
CR102141,68.0,other,MARRIED, Bachelor ,Employed,9.8,53042.36,1452.47,0.329,679.0,18,0,N,Own,55859.43,24,Debt Consolidation,10.8, No ,East,03-12-2022,0
CR101395,52.0,Female,Divorced,,Employed,15.8,,1662.88,0.32,482.0,5,0,NO,Mortgage,8860.86,60,Debt Consolidation,5.83,No,North,06-12-2022,1
CR101002,,FEMALE,,Bachelor,Employed,8.3,19710.94,547.11,0.333,525.0,0,0,Yes,Mortgage,49331.62,48,Debt Consolidation,26.48,No,Central,04/07/2022,0
CR103690,41.0,Male,Divorced, Bachelor ,Self-Employed,5.6,42474.34,1106.69,0.313,507.0,7,0,No,Own,23484.61,48,Other,12.7,yes,East,06-17-2022,0
CR100069,45.0, Female ,Single,,EMPLOYED,5.4,40465.96,110.25,0.033,713.0,16,0,No,Mortgage,45907.63,48,Debt Consolidation,29.21,No,West,2023-05-31,0
CR100291,33.0,Female,Married,Other,Retired,0.5,79381.83,2589.51,0.391,538.0,4,1,No,Rent,22611.57,36,Education,19.46,No,East,12-31-2021,0
CR102865,20.0, Female , Single ,BACHELOR,Employed,7.5,36203.6,706.76,0.234,761.0,1,0,No,Own,32605.43,24,Education,24.98,No,East,06-08-2022,0
CR102464,44.0,Male,Divorced,High School,Employed,8.6,41693.91,1003.19,0.289,713.0,5,0,0,Mortgage,28131.29,24, Other ,23.35,no,North,04-23-2023,0
CR102927,36.0,Female, Single ,master, Employed ,10.4,21743.52,154.24,0.085,579.0,18,0, No ,Own,29450.63,60,Car,14.91,No,West,2021-01-26,0
CR100721,72.0,MALE,Married,Master,Self-Employed,14.4,36168.32,1438.7,0.477,376.0,14,0,0,RENT,13337.26,12,DEBT CONSOLIDATION,27.61,No,South,2023-10-15,1
CR103674,55.0,Female,Single,PhD,Self-Employed,2.2,14987.18,402.6,0.322,,8,0,No,Mortgage,42284.4,60,Education,12.9,No, North ,29/12/2022,1
CR101342,24.0,Male,MARRIED,BACHELOR, Self-Employed ,1.1,48487.97,1214.22,,308.0,3,0,No,rent,17757.77,12,Debt_Consolidation,20.61,No,East,07-30-2021,0
CR103228,,Male,Married,HIGH SCHOOL,Employed,3.0,26250.03,332.07,0.152,314.0,15,0,No,Rent,50712.49,36,other,11.56,Yes,East,01/09/2022,0
CR100717,46.0,Female,Single,Master,Unemployed,16.2,50081.65,1808.34,0.433,431.0,13,1,No,Own,19927.37,24,Medical,18.77,No,Central,10/04/2021,0
CR102685,45.0,female,Married,Other,Employed,12.9,,424.54,0.203,827.0,12,0,NO,Own,8574.27,60,Debt Consolidation,18.3,No,South,27/08/2024,1
CR103862,32.0,Male,Widowed,High School,SELF-EMPLOYED,6.7,30851.69,1109.81,0.432,714.0,1,0,1,MORTGAGE,50587.55,60,Debt Consolidation,22.34,No,South,11-26-2021,0
CR102798,59.0,Female,Married,BACHELOR,RETIRED,0.0,,960.94,0.335,356.0,19,1,No,Mortgage,5996.69,60,Debt Consolidation,23.85,no,South,11-15-2021,1
CR100876,49.0,Male,,High School,Employed,8.6,126604.7,2124.7,0.201,,14,0,No,Rent,13910.6,36,Other,23.16,No,West,08-24-2024,0
CR101869,62.0,Female,Divorced,Master,Employed,0.0,32678.89,236.46,0.087,690.0,16,1,No,Rent,4496.82,48,Medical,22.98,No, Central ,07/01/2022,0
CR104103,, Male ,Married,Bachelor,Unemployed,9.9,69040.83,3077.24,0.535,573.0,5,0,No,mortgage,57194.38,36,Home Improvement,29.86,No,West,2023-08-10,0
CR103900,,FEMALE, Single ,BACHELOR,employed,5.6,35738.42,265.1,0.089,463.0,3,0,No,Rent,50697.51,60,Debt Consolidation,7.19,YES,Central,04/06/2021,1
CR100971,42.0,Female,Single,Master,EMPLOYED,10.8,8256.22,216.92,0.315,412.0,10,0, Y , Own ,20827.82,48,BUSINESS,6.34,, North ,2021-11-22,0
CR100036,67.0,Other,Single,Master,Retired,9.7,33257.81,1150.57,0.415,329.0,19,0,No,Mortgage,30948.81,24,Car,6.65,No,North,27/01/2022,0
CR101703,,Female,Single,BACHELOR,Unemployed,5.1,,718.85,0.309,470.0,8,0,No,Rent,2743.24,60,Business,13.35,no,Central,10-04-2021,0
CR101530,23.0,MALE, Single ,High School,Employed,4.6,60851.0,2294.48,0.452,380.0,12,1, No ,Own,19735.19,36,Business,18.46,no,East,29/11/2021,1
CR104108,47.0, Male ,Single,Bachelor,Employed,4.6,16003.04,226.39,0.17,774.0,12,0,No,Mortgage,23526.92,12,OTHER,17.24,No,South,07/11/2021,0
CR102785,24.0,Male,Divorced,Other,Employed,10.1,11046.53,317.97,0.345,828.0,19,1,N,Mortgage,11289.52,36,Car,22.3,No, North ,11-24-2024,0
CR103571,66.0,Female,Married,Master,Employed,5.7,52803.53,1783.43,0.405,529.0,4,1,No,Rent,56832.55,48,Other,12.11,No,SOUTH,05/11/2023,0
CR104317,42.0,Male, Single ,Bachelor,EMPLOYED,5.0,77415.57,2797.75,0.434,614.0,19,1,1,Mortgage,30907.5,12,Medical,8.58,Yes,Central,22/03/2023,0
CR103053,38.0,Female,Single,High School,Employed,5.4,38366.17,1474.69,0.461,536.0,0,1,No,,25892.62,48,Debt Consolidation,9.35,No,South,07-10-2023,1
CR100758,25.0,Male,Widowed,, Employed ,14.0,34085.32,1044.67,0.368,355.0,19,0,,Own,51306.68,48,Education,12.03,no,South,12-16-2024,1
CR101105,28.0, Female ,,High School,Employed,10.9,26199.97,626.72,0.287,634.0,13,0,0,Rent,17483.08,60,car,12.45,No,West,02-15-2022,1
CR103083,31.0,Female,SINGLE,Master,Self-Employed,5.7,74724.95,1683.16,0.27,426.0,10,1,1,Own,30749.53,48,Debt Consolidation,15.63,No,Central,22/05/2024,0
CR101290,31.0,Female,Married,high school,EMPLOYED,17.0,40702.36,257.05,0.076,506.0,6,0,No,Rent,45658.43,36,Debt Consolidation,8.31,No,South,16/10/2021,0
CR103537,25.0,Male,Married,High School,Employed,20.4,50091.42,1028.97,0.247,585.0,7,2,No,,27276.6,48,Debt Consolidation,29.03,No,Central,25/07/2023,0
CR102480,55.0,Male,Married,Bachelor,Employed,15.2,44551.5,1126.36,0.303,626.0,0,0,No,Rent,50930.71,24,education,26.23,No,west,2024-10-01,0
CR103565,, Male ,Single,Master,Employed,4.9,23265.28,610.03,0.315,355.0,7,0, No ,Rent,28672.74,12,Medical,17.42,No,CENTRAL,2023-05-09,1
CR103561,27.0,FEMALE,Married,Master,Employed,19.3,156456.33,6050.81,0.464,376.0,6,0,No,mortgage,35071.47,24,Car,25.27, No ,South,05/07/2024,0
CR100035,21.0,Female,Married,Other,Unemployed,0.0,80236.63,254.79,0.038,462.0,6,0,yes,Own,33996.82,12,Debt Consolidation,6.97,No,West,15/08/2021,0
CR104332,67.0,Female,Married,Other,Employed,10.4,35272.14,490.04,0.167,677.0,6,1,Yes,Rent,58292.76,24,Debt Consolidation,26.46,No,North,07-01-2022,0
CR103596,,Female,MARRIED,Bachelor,Retired,4.3,20817.39,203.06,0.117,532.0,8,0,Yes,Own,43209.45,60,Car,22.9,No,Central,28/03/2022,0
CR100891,59.0,Female,,PhD,SELF-EMPLOYED,0.0,34194.99,1419.89,0.498,358.0,5,0,Yes,Mortgage,2236.86,24,Debt Consolidation,25.39,No,South,11-02-2023,1
CR102746,31.0,Male,Divorced,Bachelor,Employed,11.3,28516.24,390.09,0.164,700.0,18,0, No ,Own,33200.78,24,Debt Consolidation,16.93,No,East,02/10/2023,0
CR100818,56.0,Male,Married,Bachelor,Unemployed,12.2,23130.4,613.56,0.318,682.0,9,0,No,rent,19770.2,36,Debt Consolidation,7.25,No,South,2024-05-28,0
CR101343,51.0,Male,Widowed,Master,Employed,2.6,38441.57,711.81,0.222,505.0,2,0,,MORTGAGE,38087.98,48,Medical,26.67,No,Central,01-07-2021,0
CR102887,21.0,Male,Married,Bachelor,Self-Employed,14.7,60394.58,2721.84,0.541,438.0,5,0,Yes,Own,3091.61,36, Debt Consolidation ,13.21,No,West,2022-09-03,0
CR101017,46.0,FEMALE,Married,Bachelor,Employed,2.7,,1432.44,0.302,353.0,18,1,No,Mortgage,16052.86,12,Car,19.63,No,West,31/05/2021,1
CR102600,68.0,Male,SINGLE,Bachelor,Unemployed,5.8,25588.1,1035.08,0.485,692.0,13,0,No,Own,45639.49,48,Car,7.1,No,South,10-12-2022,0
CR100067,39.0,Male, Single ,,employed,2.5,10328.32,136.7,0.159,481.0,0,0,Yes,Mortgage,40225.23,36, Home Improvement ,14.23,No,Central,10-06-2022,1
CR100683,73.0,Female,Widowed,Bachelor,RETIRED,13.5,17992.02,665.09,0.444,663.0,4,1,no,rent,6815.8,24,Debt Consolidation,22.43,Yes,South,2024-04-07,0
CR101570,22.0,female,Single,Bachelor,Retired,6.4,43502.09,1743.85,0.481,482.0,9,1,Yes,Mortgage,37610.67,12,Debt Consolidation,26.65,No,West,10-14-2021,0
CR103440,72.0,Female,Single,High School,Employed,,51347.88,1701.73,0.398,810.0,17,0,No,Mortgage,33538.45,48,Car,7.37,,West,21/05/2022,0
CR100519,52.0,Male,Married,Master,Employed,15.6,105381.76,2272.6,0.259,,0,0,No,Rent,2855.22,60,Medical,11.29,No,South,2022-04-03,1
CR100812,57.0,Female,Divorced,High School,Employed,9.4,33415.17,1149.59,0.413,300.0,11,1,No,Mortgage,55197.09,48, Other ,29.66,No,West,24/05/2024,0
CR100576,71.0,Female,MARRIED,Master,Self-Employed,3.2,28905.42,240.83,0.1,,5,1,No,Mortgage,43535.8,48,Debt Consolidation,8.92,NO,West,26/04/2023,1
CR101000,64.0,Female,Married,PhD,Employed,0.0,31774.11,91.65,0.035,,13,0,No,Mortgage,42267.94,12,Medical,16.91,No,NORTH,26/05/2024,0
CR101562,32.0,Other,Married,Bachelor,Employed,17.8,46200.31,1020.21,0.265,676.0,15,0,No,Rent,57455.89,36,Debt Consolidation,10.7,No,East,06/01/2021,0
CR103868,30.0,Female,Divorced,Bachelor,EMPLOYED,12.7,30470.14,466.72,0.184,549.0,4,0,No,Own,9261.82,60,Business,18.51,, West ,2023-10-03,0
CR101912,18.0,Male,,Master,Employed,10.8,19225.85,311.57,0.194,341.0,6,1,No,Mortgage,52902.78,24,Other,25.08,No,West,2023-07-21,1
CR100126,22.0,FEMALE,Married,Bachelor,Employed,4.9,46529.27,1686.79,0.435,785.0,5,0,No,Mortgage,24072.59,60,Debt Consolidation,9.47,no,Central,06-11-2023,0
CR101426,56.0,male,SINGLE,High School,Employed,8.7,20496.98,901.46,0.528,801.0,19,1,1,mortgage,47877.33,24,Home Improvement,29.71,No,North,2022-04-20,0
CR102614,24.0,Male,Divorced,BACHELOR,Employed,0.0,17181.34,417.48,0.292,783.0,10,0,No,Rent,48413.55,36,Other,6.39,No,North,2022-03-27,1
CR102978,34.0,Female, Single ,High School,EMPLOYED,11.5,15401.15,223.35,0.174,405.0,1,1,No,Own,32431.89,60,Home Improvement,19.4,,South,05-07-2024,1
CR101091,43.0,Male,,MASTER,Retired,12.4,85290.42,532.34,0.075,400.0,8,3,No,Mortgage,55746.13,12,Debt Consolidation,10.3,No,West,01/05/2022,0
CR101475,35.0, Female ,Married,Bachelor,Retired,7.8,48400.04,353.56,0.088,449.0,8,0,1,Other,17311.26,60, Debt Consolidation ,8.77,No,East,2022-09-14,0
CR102907,73.0, Male ,Married,Bachelor,Unemployed,17.5,34050.31,1331.75,0.469,573.0,2,1,1,Mortgage,47585.49,24,Medical,13.8,No,South,08/07/2023,1
CR103101,25.0,Male,Widowed, Master ,Employed,15.1,27785.52,820.6,0.354,533.0,10,0,No,Own,56528.21,12,Education,17.12,,West,28/11/2024,0
CR103421,63.0,Female,Widowed,High School,Employed,0.0,35821.93,1551.86,0.52,514.0,9,0,1,Rent,9016.28,36, Other ,25.88,No,East,2022-05-27,0
CR103214,50.0,Male,Married,Master,Self-Employed,2.6,70159.11,2167.73,0.371,741.0,16,0,YES,,3747.19,12,other,21.96,No,west,2023-11-26,0
CR102007,26.0,Female,Single,Bachelor,Employed,7.2,23487.58,949.87,0.485,629.0,13,0,No,Mortgage,54308.68,36,Other,14.43,No, West ,01/03/2022,0
CR101691,,MALE,Single,Bachelor,Employed,1.1,38123.9,914.01,0.288,422.0,2,0,No,RENT,17649.0,12,Debt Consolidation,26.22,No,North,2023-02-19,0
CR102572,60.0,Female,Single,High School,EMPLOYED,1.1,148647.05,4716.88,0.381,508.0,8,0,No,Mortgage,8921.68,24,debt consolidation,5.05,,East,26/03/2024,0
CR100142,34.0,male,Single,Master,RETIRED,4.7,,724.3,0.443,652.0,13,1,Yes,OWN,51785.86,12,Debt Consolidation,14.94,No,Central,2023-08-31,1
CR104011,69.0,Male,Married,PhD,Employed,2.7,,891.71,0.22,442.0,15,0,No,Rent,54972.52,12,Education,5.96,No,North,11-01-2021,1
CR102319,62.0,Male,Married,Bachelor,Employed,4.2,20151.36,91.63,0.055,754.0,5,0,N,Own,5965.55,60,Education,25.94,no,CENTRAL,16/08/2024,0
CR100084,54.0,Female,Married,Bachelor,Retired,0.0,45912.41,1044.68,0.273,773.0,7,1,No,Rent,43833.77,48,Home Improvement,12.71,,West,2023-04-11,0
CR103802,64.0,Male,Widowed,PhD,Employed,8.7,54176.87,1359.8,0.301,720.0,0,1,No,Own,53057.72,48,Business,26.26,No,West,2023-07-22,0
CR103215,33.0,Female,married,bachelor,Retired,9.4,51008.69,1222.73,0.288,,0,0,N,Rent,33074.4,60,Education,14.31, No ,west,2024-07-06,0
CR103424,53.0,Male,Married, High School ,Employed,0.0,60304.67,724.75,0.144,497.0,16,0,No,Rent,33991.91,36,Business,15.43,No,West,31/07/2024,0
CR104073,72.0, Female ,Divorced,High School,Self-Employed,14.2,75134.0,1941.48,0.31,688.0,13,0,N,own,31925.19,60,home improvement,22.03,No,central,2024-04-05,0
CR102403,49.0,male,Married,, Employed ,4.9,22787.95,885.85,0.466,610.0,1,1,No,,50008.59,36,Education,11.8,Yes,North,2024-02-29,0
CR102870,34.0, Male ,single,Bachelor,Employed,12.7,68657.3,1862.22,0.325,716.0,10,0,No,Own,40694.41,60,Debt Consolidation,19.86,No,West,02/08/2021,0
CR100010,48.0,Female,Married,High School,Employed,16.4,79335.05,3152.87,0.477,594.0,8,0,no,Rent,38004.59,12,Other,29.16,,West,03/11/2024,0
CR100327,20.0,Female,Married,High_School,EMPLOYED,1.8,70334.39,2948.71,0.503,565.0,1,0,,Own,56694.17,48,Debt Consolidation,18.56,No, East ,10/03/2023,0
CR102995,54.0,Female,single,High School,Employed,7.2,32374.71,979.54,0.363,452.0,9,0,Y, Mortgage ,10796.15,24,Home Improvement,19.35,No,East,2023-06-22,0
CR100982,49.0,Female,Widowed,Bachelor,Employed,0.6,27943.72,868.51,0.373,823.0,1,0,Yes,Rent,4636.89,24,Debt Consolidation,25.56,No,West,17/01/2022,0
CR100973,45.0,Other,Married,PhD,Self-Employed,9.9,38419.61,974.07,0.304,526.0,18,1,No,Own,33275.16,24,Home Improvement,14.02,Yes,EAST,12-18-2021,1
CR102313,21.0,Male,Single,Master,Employed,11.3,28859.6,910.35,0.379,326.0,12,2,No,Rent,13199.0,48,Car,4.77,Yes,Central,07-16-2024,1
CR101851,32.0,Male,Married,Bachelor,Unemployed,5.7,50138.76,1708.58,0.409,367.0,10,0,No,Rent,8443.06,48,debt consolidation,11.01,NO,west,2023-10-13,0
CR104499,38.0,Female,Single,master,Employed,6.6,19985.66,108.93,0.065,657.0,3,0,Yes,Own,21345.26,48,debt consolidation,29.3, Yes ,West,24/12/2021,0
CR100521,26.0,Male,SINGLE,High School,Self-Employed,11.3,98305.25,1237.7,0.151,467.0,10,0,Yes,Mortgage,59169.26,60,Home_Improvement,17.62,,Central,10-02-2023,0
CR103505,69.0,Male,Married,Bachelor,RETIRED,9.2,59324.76,1930.26,0.39,616.0,19,0,0,Rent,15413.36,24,Debt Consolidation,21.66,No,Central,2021-04-16,0
CR100777,24.0,Male,Married,High School,Employed,9.4,22153.44,807.35,0.437,452.0,0,0,Y,Mortgage,11715.68,12,Medical,5.62,No,North,10/08/2024,0
CR102121,73.0,female,Married,High School,EMPLOYED,2.2,22717.24,120.62,0.064,,0,0,Yes, Rent ,56956.81,12,Debt Consolidation,16.34,,Central,13/05/2021,0
CR104423,44.0,male, Married ,High School,Employed,23.2,63325.21,147.25,0.028,342.0,7,0,1,Rent,56508.83,36,Education,22.14,No, West ,07-23-2023,1
CR101398,19.0,Female,Single,Bachelor,Employed,2.7,28766.73,346.27,0.144,693.0,14,1,No,Rent,10940.86,12,Home Improvement,6.64,No,East,09-16-2022,0
CR100674,54.0,Female,Single,High School,Employed,,38005.43,752.54,,539.0,19,1,No,Rent,19777.49,60, Debt Consolidation ,11.62,No,West,18/12/2024,0
CR101987,30.0,Female,Single,Master,Unemployed,1.3,64727.56,2332.14,0.432,419.0,2,1,Y,RENT,58417.77,60,Business,26.82,No,East,24/02/2024,0
CR100897,21.0,Male,Married, High School ,Employed,8.5,25607.69,674.08,0.316,492.0,13,0,No,,2395.54,60,Home Improvement,8.2,no,West,02-18-2023,0
CR100320,36.0,Female,Married,Bachelor,Employed,14.6,69678.96,953.55,0.164,549.0,11,1,1,Rent,40290.2,60,Debt Consolidation,21.95,NO,west,23/07/2024,0
CR101079,66.0,Female,Divorced,PhD,Employed,5.0,32164.59,916.54,0.342,369.0,1,1,0,Own,31796.17,48,Car,5.13,Yes,Central,2024-10-26,1
CR104518,59.0,FEMALE,Single,Other,Unemployed,0.2,30335.51,1124.42,0.445,408.0,4,0,Yes,Mortgage,6319.19,12,car,18.63, No ,East,27/01/2021,1
CR100772,18.0,Male,Single,Bachelor,Employed,7.5,40622.72,1369.36,,568.0,8,0,No,RENT,3445.31,36,Car,24.16,No,East,19/01/2024,1
CR100733,62.0,Female,Married,PhD,Employed,4.7,51065.58,1725.32,,467.0,16,0,1,Rent,24709.34,48,Education,14.78,,South,27/09/2021,1
CR103475,30.0,Female,Single,High_School,EMPLOYED,18.5,18109.46,68.43,0.045,830.0,13,0,No,Other,27652.15,36,Debt Consolidation,13.46,no,Central,2023-11-21,0
CR100496,24.0,Male,Married,Bachelor,Self-Employed,,28880.86,596.76,,,16,1,0,RENT,41530.03,24, Debt Consolidation ,9.86,Yes,North,02-10-2024,1
CR103436,35.0, Male ,Married,Master,Unemployed,17.2,44117.05,270.86,0.074,330.0,2,1,Yes,Rent,55668.98,36,Education,27.73,No,west,2023-05-02,1
CR102309,48.0,Male,Married,HIGH SCHOOL,Employed,0.0,69874.54,380.3,0.065,738.0,16,1, No ,Rent,50103.61,48,Car,6.89,No,west,20/03/2024,0
CR102585,50.0,Male,Single,HIGH SCHOOL,employed,10.8,32827.02,904.56,0.331,340.0,10,0,No,Rent,11718.14,12,Medical,10.99,No,South,2021-07-03,1
CR103506,66.0,Female,Married,Bachelor, Employed ,10.5,22575.17,128.93,,652.0,5,0,yes,,31906.89,12,DEBT CONSOLIDATION,9.7,Yes,East,13/03/2021,0
CR101774,,Female,SINGLE,Bachelor,Retired,6.8,22968.58,529.0,0.276,354.0,17,0,Yes,own,43239.58,12,Debt Consolidation,8.17,NO,south,2024-02-19,0
CR103591,35.0, Male ,Single,PhD,Employed,0.2,23823.72,165.58,0.083,316.0,12,0,Yes,Own,2061.5,24,Other,6.2,No,North,24/05/2024,0
CR102566,, Male ,Widowed,Bachelor,Employed,,40338.44,1349.68,0.402,355.0,13,0,N,Own,44155.38,12,Debt Consolidation,18.49,No,East,01-03-2023,1
CR102386,73.0,Male,Single,Bachelor,Employed,4.0,66148.97,2353.96,0.427,371.0,7,1,no,Mortgage,49528.98,60,Car,24.42,Yes,East,2023-04-24,1
CR101011,64.0,Male,Single,Bachelor,Employed,1.9,45325.37,453.65,0.12,577.0,1,1,No,Rent,22444.32,12,DEBT CONSOLIDATION,19.5,No,south,2022-01-01,1
CR101866,24.0,Male,Single,Bachelor,self-employed,6.7,58292.06,2017.91,0.415,354.0,0,0,Yes,Rent,22340.24,36,Car,20.87,No,North,08/11/2021,1
CR101560,34.0,Female,DIVORCED,High School,Employed,6.4,,3946.16,0.398,430.0,10,1,N,Mortgage,52682.58,48,Business,7.95,No,South,08-08-2023,0
CR100698,20.0,MALE,SINGLE,Master,Employed,0.0,106673.23,4029.72,0.453,,15,0, Yes ,Own,52290.12,48,Car,7.91,No, East ,24/11/2023,0
CR102709,68.0,Female,Widowed,High School,Self-Employed,0.0,58867.97,1833.85,0.374,519.0,15,0,No,Rent,38572.77,48,education,24.35,NO,East,13/01/2024,1
CR103847,38.0,Female,Married,High School,employed,,16744.41,412.51,0.296,558.0,3,0,1,Rent,45232.56,48,Medical,18.4,No,Central,03-12-2021,0
CR103474,35.0,female,Single,Bachelor,Employed,4.9,23938.11,774.23,0.388,340.0,16,0,Yes,Rent,6981.01,60,Debt Consolidation,17.27,,West,10-09-2021,0
CR101162,67.0,Female,Single,High School,Retired,,37867.85,81.29,0.026,809.0,7,1,No,MORTGAGE,41655.5,48,Debt Consolidation,10.14,No,Central,06-06-2024,0
CR100260,64.0,Male, Married ,Bachelor,Unemployed,7.1,19947.56,827.99,0.498,791.0,1,2,Yes,Other,39407.28,12,DEBT CONSOLIDATION,26.42,No,west,11-07-2022,0
CR103926,47.0,Female,married,PhD,Employed,,49785.62,1165.44,0.281,689.0,17,1,No,rent,55336.26,12,Debt Consolidation,22.74,No,East,16/07/2024,0
CR104552,23.0,Male,,Bachelor,Employed,16.2,76624.75,2101.17,0.329,,11,0,Yes,Rent,31349.93,12,Home Improvement,12.65,No,North,11-24-2021,1
CR101038,43.0,Male,,High School,Self-Employed,5.9,22232.05,90.35,0.049,325.0,16,0,Yes,Own,11084.29,24,Education,26.46,Yes,south,2023-11-08,0
CR104426,32.0, Male ,married,High School,Self-Employed,,73292.55,1024.87,0.168,493.0,5,0,N,Rent,47735.27,36,Medical,20.21,NO,North,2024-10-16,0
CR102444,52.0, Female ,MARRIED,Bachelor,Self-Employed,6.2,48734.31,190.96,0.047,309.0,16,2,No, Rent ,41061.92,12,debt consolidation,26.38,No,South,16/03/2022,1
CR104299,23.0,Male,Married,Bachelor,Employed,21.6,38459.17,459.44,0.143,600.0,7,0,No,OWN,12171.73,48,Debt Consolidation,17.01,,North,24/08/2024,0
CR101420,73.0,Female,Married,Bachelor,Employed,6.7,66064.61,1149.46,0.209,702.0,5,0,No,RENT,56393.89,24,Business,9.22,YES,East,2024-03-31,1
CR100846,27.0,Male,Widowed, Bachelor , Employed ,0.8,29918.12,876.22,0.351,342.0,13,1,No,Own,22135.52,36,Debt Consolidation,25.03,NO,North,06/06/2022,1
CR100480,34.0,Male,Single,High School,Employed,0.0,49302.27,414.93,0.101,,14,0,No,Rent,49964.15,12,Debt Consolidation,12.06,No,East,19/12/2021,0
CR102148,67.0,Female,SINGLE,Master,Employed,0.0,40538.2,562.37,0.166,675.0,18,0,Yes,Own,17760.6,60, Debt Consolidation ,22.24,No,North,2023-06-14,0
CR101994,61.0,Female,Married,Bachelor,Employed,7.0,31616.96,1345.29,0.511,495.0,19,1,No,,59088.29,48, Business ,13.35,No,North,31/08/2023,0
CR101914,37.0,Male,married,Bachelor,EMPLOYED,10.3,30375.47,791.35,0.313,,0,0,,mortgage,35098.2,12,Debt Consolidation,5.01,No,West,17/09/2023,1
CR103160,24.0,MALE,SINGLE,PhD,Self-Employed,15.3,26573.82,1108.23,0.5,467.0,8,1,No,Rent,36114.01,48,Business,25.12,No,North,05-07-2023,1
CR101821,,male,Married,High School,Employed,0.8,13577.77,601.82,0.532,342.0,1,0,,,11174.78,36,Home Improvement,25.01,,East,02-17-2021,1
CR100744,64.0, Male ,MARRIED,Bachelor,Employed,2.8,29138.73,680.69,0.28,,6,0,Yes, Mortgage ,57628.59,24,Debt Consolidation,16.36,No,South,06-05-2021,0
CR100916,49.0,Male, Married ,Bachelor,Employed,0.0,45899.43,2041.93,0.534,848.0,6,0,Yes,Rent,36084.6,48,Debt Consolidation,26.53, No ,Central,28/07/2022,0
CR102130,59.0,Female,Divorced,high school,Employed,14.0,21242.23,43.66,0.025,828.0,3,3,,Mortgage,49062.29,24,Debt Consolidation,7.12,No,south,01/08/2024,0
CR101559,67.0,Female,Single,Bachelor,Employed,10.7,31293.35,105.97,0.041,,0,0,No,Mortgage,10122.75,48,Education,29.73,, Central ,10-13-2023,0
CR101119,46.0,male,Single,Bachelor,Employed,9.9,43820.83,991.16,0.271,556.0,9,1,No,Own,4869.54,48, Debt Consolidation ,7.41,No,West,06-25-2022,0
CR103426,,Other,Single,Master,Employed,9.1,48322.37,1663.77,0.413,504.0,10,0,Yes,Rent,9211.69,60,Home_Improvement,6.52,No,South,01-12-2024,1
CR102165,0.0,Male,Married,Bachelor,Unemployed,5.1,34516.29,784.07,0.273,490.0,19,0,No,Own,48616.07,60,OTHER,5.93,,South,07-30-2024,1
CR103887,28.0,FEMALE,Divorced,High School,employed,4.1,22113.38,454.52,0.247,556.0,10,0,No,Mortgage,5763.64,36,Debt Consolidation,18.21,No,North,11-12-2024,1
CR100847,20.0,Female,,High School,Employed,8.8,47485.09,1793.51,0.453,430.0,8,0,Yes,Mortgage,21963.82,24,Other,25.68,No,Central,2023-03-17,1
CR104507,52.0, Female ,Divorced,Bachelor,Retired,0.0,,396.14,0.228,,1,0,no,rent,56713.19,36,Debt Consolidation,20.73,No,central,2021-09-02,0
CR103686,,Female,divorced,Bachelor,Employed,10.6,31864.61,633.21,,,17,0,No,Mortgage,34153.33,48,Business,25.29,No,Central,01-20-2022,0
CR103521,37.0,FEMALE, Married ,BACHELOR,Employed,2.0,67296.48,648.09,0.116,596.0,16,0, Yes , Mortgage ,43247.57,48,Medical,24.33,No,EAST,05/10/2022,0
CR100591,70.0,Female,Married,High School,Employed,7.8,47874.72,2026.85,0.508,480.0,8,1,No,RENT,10091.31,60,Debt Consolidation,10.01,no,East,2024-03-09,1
CR103374,56.0,Male,Married,High School,Employed,9.1,12875.26,69.87,0.065,400.0,1,0,No,RENT,22668.34,24,Education,20.13,Yes,Central,2023-05-26,1
CR103644,, Female ,Single,High School,Employed,1.8,41139.97,1571.78,0.458,663.0,18,0,NO,,8940.07,48,Business,17.27,,central,2023-07-04,1
CR101378,47.0,Female,Married,High School,Employed,11.1,22834.96,652.37,0.343,806.0,2,1,No,Mortgage,24323.02,36,Home Improvement,9.72,No,west,02/08/2024,0
CR102445,69.0,Female,Married,Bachelor,Employed,0.0,20742.08,833.53,0.482,824.0,0,0,NO,Mortgage,46140.04,36,DEBT CONSOLIDATION,23.45, No ,West,2022-03-29,0
CR103097,36.0,MALE,Married,High School,Employed,3.6,20896.3,478.32,0.275,548.0,10,1,no,Mortgage,40743.02,60, Business ,16.18,NO,West,2021-11-30,0
CR100279,22.0,Female,SINGLE,BACHELOR,Employed,,80693.79,972.9,0.145,,15,0,Yes,Mortgage,57693.12,24,Other,22.67, No ,East,2024-03-24,1
CR100851,64.0,Other,WIDOWED,high school,Employed,6.0,31922.9,604.52,0.227,,6,0,No,Rent,32033.63,36,Car,20.44,Yes,Central,05-05-2021,1
CR104517,21.0,Female,Divorced,High School, Employed ,8.5,41104.35,526.94,0.154,493.0,1,0,Yes,Rent,49501.45,24,Other,22.02,No,North,2023-07-03,0
CR104300,34.0,male,Single, Bachelor ,Self-Employed,10.2,56718.96,672.33,0.142,725.0,7,0, Yes ,Other,11482.51,24,Car,11.13,no,East,2024-06-18,0
CR103895,, Female ,MARRIED,Master,Employed,0.0,22025.68,563.48,0.307,610.0,6,1,No,,12112.9,48,Home Improvement,8.94,No,Central,03/11/2021,0
CR103715,34.0,Male,Divorced,BACHELOR,Employed,4.7,74345.45,932.38,0.15,373.0,16,0,No,Rent,27634.69,48,Medical,12.12,No,South,08-17-2022,1
CR103883,44.0,Female,Married,Master,Employed,2.4,29650.54,795.51,0.322,369.0,17,0,NO,Own,11763.88,60, Home Improvement ,12.27,No,West,07-02-2021,1
CR101324,,Male,Single,Bachelor,employed,12.9,27968.21,1217.9,0.523,732.0,8,0, Yes ,rent,29423.25,12,Business,10.86,no,West,2022-10-31,0
CR100666,47.0,Male,,High_School,Self-Employed,5.7,38162.31,1457.97,0.458,507.0,12,1,No,RENT,53592.9,48,Car,23.32,No, Central ,09-12-2023,0
CR102382,71.0,male,Single,High School,Self-Employed,15.6,20604.92,808.39,0.471,631.0,5,1,Yes,OTHER,34510.19,24,Debt Consolidation,5.98,NO,East,2022-09-15,1
CR102750,32.0,Male,Divorced,Master,Self-Employed,0.0,23007.69,67.08,0.035,,10,0,Yes,Mortgage,19868.42,36,other,10.87, No ,North,2022-10-25,0
CR101009,48.0,Male,married,Bachelor,EMPLOYED,,30584.04,374.08,0.147,824.0,1,1,No,Own,49352.14,24,Business,10.52,No, South ,01-20-2022,0
CR101209,73.0,MALE,Divorced,High School,Employed,2.2,18380.07,616.11,0.402,550.0,10,0,No,Mortgage,11606.13,24,Business,7.43,No,east,07-02-2022,0
CR104135,,Female,Single,MASTER,Employed,0.0,37128.35,257.71,0.083,843.0,4,0,Yes,Own,7361.11,12,Education,20.11,No,South,06-07-2023,0
CR100751,26.0,female,Single,High School,Retired,9.8,32246.27,352.65,0.131,391.0,18,1, Yes ,rent,38059.66,24, Education ,25.53,No,West,06-05-2021,1
CR100903,69.0,Female,SINGLE, High School ,Employed,16.0,51134.17,1383.51,0.325,512.0,6,0,No,Rent,48579.71,48,Business,19.98,No,Central,15/08/2021,0
CR102275,,Male,Single,Bachelor,Employed,22.3,102981.74,4000.24,0.466,346.0,0,0,No,,39998.64,60,Car,14.17,NO,North,05-01-2024,0
CR102831,64.0,Male,,High School,Employed,16.7,43339.36,1658.76,0.459,690.0,9,0,No,Rent,9456.22,12,Debt Consolidation,15.16,No,North,2021-05-04,0
CR102802,75.0,Female, Married ,Bachelor,Employed,6.7,29999.98,950.87,0.38,773.0,19,0,No,RENT,43172.74,12,Business,21.65,Yes,South,03-16-2024,0
CR104429,71.0,Male,SINGLE, High School ,Employed,1.7,53624.11,1988.03,0.445,483.0,10,0,,Own,21690.42,36,Business,18.4,no,West,04-04-2022,0
CR103153,63.0,Male,Married,High School,Employed,15.8,88062.16,4021.19,0.548,469.0,3,0,Yes,Mortgage,45172.42,60,Education,10.14,No,East,06-17-2022,0
CR103563,64.0,Male,Married,MASTER,employed,14.2,19080.37,757.54,0.476,813.0,6,0,Y,Own,41270.07,60,Home Improvement,15.45,No,East,2023-02-06,0
CR101485,68.0,Female,MARRIED,Bachelor,EMPLOYED,8.6,60545.05,2146.27,0.425,330.0,6,0,No,Mortgage,35444.23,12,Business,7.96,Yes,North,02-25-2023,0
CR104358,56.0,FEMALE,Single,High School, Employed ,4.7,47786.18,1090.03,0.274,728.0,5,0,0,Rent,59456.79,48,Business,28.96,No,Central,12/06/2022,0
CR102108,34.0,Male,Single,High School, Employed ,0.0,24302.81,61.99,0.031,644.0,16,0,,Own,2494.26,48,Business,6.8,Yes,Central,2021-10-07,1
CR102744,, Female ,Widowed,Master,employed,14.7,29692.29,642.61,0.26,594.0,12,0,Yes,Rent,53440.52,48,Home Improvement,13.13,no,North,22/01/2024,0
CR104456,52.0,Male, Married ,high school,Employed,7.9,23599.0,446.61,0.227,624.0,10,0,No,rent,35416.81,60,EDUCATION,23.42,,Central,01-23-2024,0
CR103147,66.0,Male,Single,High School,Employed,10.4,62585.34,470.22,,348.0,3,0,No,Mortgage,54205.79,36,Home Improvement,6.13,No,North,08-07-2023,1
CR101110,54.0,Other,Married,Other,Unemployed,17.3,31536.01,94.32,0.036,357.0,0,2,No, Rent ,12483.21,48,Business,5.43,No,Central,12-27-2024,0
CR102050,,FEMALE,Divorced,OTHER,Retired,6.4,53271.85,1262.12,0.284,378.0,3,2,1,Own,37951.96,24,BUSINESS,28.17,,South,02-23-2021,1
CR101026,22.0,Female,Single,High School,EMPLOYED,0.0,51719.69,342.76,0.08,429.0,10,0,1,Mortgage,23592.7,60,Debt Consolidation,11.23,No,North,19/01/2022,0
CR103574,73.0,Male,SINGLE,Master,Self-Employed,,45107.54,767.64,0.204,418.0,19,0,,,19281.43,24,DEBT CONSOLIDATION,20.62,No,south,23/09/2022,0
CR100233,61.0,Female,Married, Bachelor ,Employed,4.3,17150.95,157.43,0.11,778.0,4,1,No,Own,21392.03,48,Business,14.93,,North,07-02-2022,1
CR104594,53.0,Male,Widowed, High School , Employed ,10.5,24953.32,1084.53,0.522,545.0,0,1, No ,Other,58979.5,24,Debt Consolidation,9.7,no,West,11-21-2023,0
CR100827,70.0,male,Married,High School,Employed,5.6,37772.99,889.46,0.283,607.0,1,1,yes,OTHER,53490.29,60,Education,18.68,No,North,03/11/2023,0
CR101960,, Female , Married ,High School,Retired,13.6,80820.62,257.72,0.038,323.0,2,0,Y,Own,8434.97,48,Debt Consolidation,25.67,No,North,08-04-2024,0
CR102794,22.0,Female,single,Bachelor,Employed,2.9,14044.25,377.78,0.323,406.0,5,0,No,OWN,25764.48,48,Business,28.57,Yes,East,2024-03-17,0
CR104250,42.0,female,Married,Bachelor,Employed,12.3,63396.73,469.45,0.089,651.0,0,0,No,,32979.25,48,Debt_Consolidation,16.16,No,south,24/04/2021,0
CR102725,53.0, Female ,Married,Bachelor,Unemployed,6.5,45847.63,1560.57,0.408,638.0,12,1,Yes,Mortgage,19432.87,48,Education,16.61,,Central,2024-05-22,0
CR102352,59.0,Female,MARRIED,Bachelor,Self-Employed,19.8,22057.05,554.84,,394.0,1,0,N,own,44528.49,24,Education,26.77,No,North,02/04/2023,1
CR101030,46.0,Male,Divorced,Bachelor,Self-Employed,3.5,68953.21,468.81,0.082,626.0,12,0,0,Own,5908.69,24,Debt Consolidation,27.18,No,Central,28/07/2021,0
CR103718,57.0,Male, Married ,bachelor,EMPLOYED,15.3,51077.83,1116.18,0.262,825.0,13,0,No,Rent,21187.72,12,Debt Consolidation,12.05,No,South,2022-05-08,0
CR101278,18.0,Male,Single,PhD,Unemployed,12.4,43922.68,403.28,0.11,,0,0,No,Rent,17914.3,60,Other,12.21,No,West,2024-07-29,1
CR102466,35.0,Male,Single,Master,Employed,8.4,34927.72,1237.06,0.425,452.0,12,1, 0 ,MORTGAGE,44601.78,60,Debt_Consolidation,10.57,No,South,2024-03-23,0
CR101131,56.0,Male,Married,Bachelor,Employed,10.6,54990.74,1652.71,0.361,848.0,18,0,0,Rent,1955.54,60,Medical,7.27,No,Central,2023-01-01,0
CR102786,34.0,Female,Married,Bachelor,Employed,5.8,28008.53,567.26,0.243,660.0,8,0,1,Rent,48262.69,24,Debt Consolidation,14.29,No,North,2023-11-08,0
CR103139,46.0,male,Married,Bachelor,employed,0.0,20117.58,705.63,0.421,743.0,3,0,1,mortgage,50698.12,24,Debt Consolidation,10.62,No,East,12-21-2024,1
CR102234,52.0,Female,Married,phd,Employed,10.5,20306.82,428.69,0.253,658.0,10,1, No ,Rent,28555.86,60,Car,18.88,No,Central,2024-04-21,0
CR101618,25.0,Male,Single,Master,Employed,,16310.09,475.84,0.35,380.0,5,1,,Rent,6328.09,36,Debt Consolidation,16.59,No,East,28/06/2023,0
CR100697,52.0,Male,Divorced,Bachelor,Self-Employed,0.5,21169.22,932.48,0.529,705.0,6,2,No,Other,40108.95,60,Debt Consolidation,12.96,No,West,30/06/2022,0
CR103192,56.0,male,Single,Bachelor, Employed ,8.8,39855.57,1778.94,0.536,381.0,7,0,1,Mortgage,59340.65,24,Business,16.71,NO,north,15/04/2023,0
CR104294,71.0,Male,Divorced,Bachelor,Unemployed,,63959.69,1778.22,0.334,376.0,10,1,Y,Rent,11700.49,12,Other,27.82,No,West,11-30-2023,0
CR100255,26.0,Female,WIDOWED,Bachelor, Employed ,6.7,25425.72,514.53,0.243,848.0,6,0,No,Own,9081.67,12,Debt Consolidation,24.57, No ,East,25/12/2023,0
CR101644,25.0,FEMALE,Divorced,High School,Employed,8.4,17420.06,101.51,0.07,746.0,4,0,Yes,own,55683.34,36,Debt Consolidation,27.6,No,North,2022-06-24,0
CR101328,57.0,Male,Single,Master,employed,15.2,53668.21,1121.81,0.251,,0,0,Yes,Rent,15564.53,36,Car,25.88,no,East,2021-06-27,0
CR102287,65.0,Other,,OTHER,Self-Employed,11.1,45179.67,515.3,0.137,372.0,15,0,No,Rent,46066.81,36,Car,8.92,Yes,North,2024-09-15,1
CR103783,62.0,other,Married,Bachelor,Retired,16.6,81265.71,644.06,0.095,808.0,4,0,0,Mortgage,45890.98,36,Car,26.33,NO,West,09/08/2021,0
CR101048,56.0,Female,Married,,Self-Employed,5.6,25476.62,970.24,0.457,672.0,15,2,No,Own,24747.86,60,Debt Consolidation,10.02,No,South,2022-12-25,1
CR102877,72.0,Female, Single ,Master,Employed,12.6,52327.64,1167.77,0.268,786.0,11,0,Yes,RENT,54119.65,24,debt consolidation,29.03,No,East,12-02-2022,1
CR100824,54.0,Female,,High School,Retired,3.0,25625.08,484.39,0.227,781.0,17,1,Yes,Own,33161.19,36,Education,7.23, No ,East,03-03-2023,0
CR100031,31.0,Female,married,High_School,Employed,13.0,19032.22,479.48,0.302,660.0,13,0,Yes,Mortgage,39744.27,12,Debt Consolidation,20.18,No,East,2024-03-19,1
CR101445,20.0,Male,Married,High School,Employed,,38525.21,1060.01,0.33,308.0,3,0,No,Rent,22362.55,12,Business,16.19, No ,SOUTH,04-10-2023,0
CR101652,21.0,Male, Widowed ,High School,Unemployed,0.0,59085.28,1226.42,,642.0,13,0,Yes,Rent,36751.24,60,Business,10.28,NO,East,2022-04-22,0
CR102005,25.0,Female, Widowed ,High_School,Employed,11.0,54484.7,2064.71,0.455,,3,1,Yes,Rent,53939.55,60,Home Improvement,14.99,No,South,2022-11-01,0
CR104261,29.0,MALE,divorced,,Unemployed,9.4,49990.87,262.81,0.063,680.0,13,2,No,Mortgage,1265.26,36,Business,5.12,Yes,North,12-17-2021,0
CR102610,74.0,FEMALE,Widowed,MASTER,Unemployed,8.8,25242.57,306.27,0.146,832.0,8,0,No,Rent,50784.65,48,Debt Consolidation,22.41,Yes, South ,2024-04-24,1
CR100679,72.0,FEMALE,Widowed,Master,Employed,10.8,21790.48,879.33,0.484,811.0,5,1,No,Mortgage,15568.65,12, Debt Consolidation ,6.05,Yes,Central,19/03/2023,0
CR101253,64.0,Male,Divorced,High School,Self-Employed,6.2,34394.48,624.72,0.218,729.0,16,1,no,Rent,55305.48,24,Business,26.98,No,Central,2022-10-14,0
CR103263,67.0,Female,Single,Bachelor,Unemployed,0.0,33715.38,125.32,0.045,817.0,4,1, No ,Rent,10532.83,60,Debt Consolidation,27.6,No,South,2024-05-30,0
CR101461,36.0,Male,Single, Bachelor ,Employed,4.0,47566.07,2095.39,0.529,321.0,12,0,No,OWN,27474.23,12,Education,4.73,,South,08/12/2021,1
CR104140,60.0,Female,Single,PhD,Employed,999.0,78193.29,363.67,0.056,597.0,9,0,N,Mortgage,8474.54,60,Debt Consolidation,24.04,No,North,2023-03-16,1
CR101954,74.0,Male,Divorced,Bachelor,EMPLOYED,,65753.2,2509.15,,683.0,7,1,Yes,Rent,13804.34,24,CAR,11.06,no,West,27/07/2023,0
CR101814,69.0,female,Married,High School,Employed,7.5,61421.25,1304.16,,536.0,19,2,Yes,Mortgage,37144.41,24,Car,23.31,,North,02/03/2024,0
CR101368,73.0,Male,Married,MASTER,Self-Employed,3.5,48122.12,1736.43,0.433,486.0,5,1,No, Mortgage ,53043.82,48,Home Improvement,6.25,No, North ,09-06-2021,0
CR101927,25.0,Female,Widowed,High_School,Employed,0.2,42578.4,1627.75,0.459,561.0,10,1,No,,52963.28,36,Business,9.95,No, Central ,2024-03-19,0
CR103835,60.0,Male,Married,,Employed,,21557.99,898.53,0.5,443.0,12,0,N, Own ,20724.11,60,Debt Consolidation,13.13,No,West,10-16-2021,0
CR102322,37.0,MALE,Single, Master ,Unemployed,0.5,103104.93,3506.92,0.408,697.0,8,0,YES,Own,18453.56,48,Other,23.63,No, West ,06/10/2022,0
CR103337,20.0, Female ,Divorced,,Employed,6.1,37277.99,351.49,0.113,814.0,16,1,No,Rent,1024.7,36,Education,27.36,No,South,2022-01-17,0
CR102033,,female,Single,,Employed,12.8,46981.51,1609.93,0.411,419.0,15,0,No,Rent,3921.8,48, Home Improvement ,19.71,No,West,04-03-2021,0
CR104559,,Female,Married,Master,Self-Employed,11.7,35438.01,1557.62,,406.0,5,0,No,Own,57481.76,24,Debt Consolidation,14.48,No,CENTRAL,2024-04-24,0
CR102279,56.0,Female,WIDOWED,Master,Employed,11.3,54041.8,1802.6,0.4,412.0,10,0,No,Rent,47258.38,24,Medical,7.22,No,WEST,12/06/2021,0
CR102536,,Male,married,HIGH SCHOOL,Employed,13.3,30976.98,927.47,0.359,457.0,2,1,No,Rent,20746.53,60, Debt Consolidation ,11.62,No,West,25/05/2024,0
CR103315,67.0, Female ,Single,Bachelor,Employed,4.0,19234.1,590.57,0.368,828.0,10,0,No,Other,21565.37,60,Debt Consolidation,5.54,No,North,10-23-2024,0
CR102003,44.0,Female,Married,High School,employed,,766086.3844244386,7258.23,0.114,721.0,9,0, Yes ,Rent,47756.25,36,Debt Consolidation,9.45,No,East,10/09/2023,0
CR101088,55.0,female,Widowed,Bachelor,Self-Employed,11.7,33840.65,71.62,0.025,579.0,7,1,No,,53474.53,36,Car,14.24,No,East,2024-01-22,1
CR103434,31.0,Male,MARRIED,High_School,Employed,0.5,19401.18,547.81,0.339,743.0,0,0,NO,Other,45465.42,12,Business,16.97,NO,North,2022-06-01,0
CR102691,53.0,Female,Single, High School ,Employed,16.7,18342.14,190.06,0.124,,9,1,,Rent,4601.96,12,Debt Consolidation,11.14,No,East,03/07/2024,0
CR101728,43.0,Female,Single,Master,Employed,20.2,14827.74,134.0,0.108,553.0,9,0,Y,Mortgage,54792.83,60,CAR,15.14,,East,03-17-2023,0
CR103258,50.0,Female,Divorced,Bachelor,Employed,19.1,82026.33,2759.21,0.404,616.0,16,0,NO,Rent,47013.68,36,CAR,7.41,No,Central,06-19-2021,0
CR102170,19.0,Other,Single,High School,Retired,11.3,23385.19,792.96,0.407,401.0,17,1,Yes,Rent,32942.97,48,Debt Consolidation,20.95,Yes,Central,20/06/2023,1
CR100723,24.0, Other ,Single,Bachelor,Employed,9.0,27893.73,1004.97,0.432,734.0,7,1,Yes,Rent,50012.03,24,Business,14.53,No,West,2023-01-21,0
CR101983,61.0,Male,Single,Bachelor,Self-Employed,14.2,41365.11,355.67,0.103,,9,1,Yes,Rent,10307.33,24,Other,13.86, No ,North,05-09-2024,0
CR102683,65.0,Male,Divorced,High School,Employed,5.1,32239.1,1179.64,0.439,411.0,12,0,No,OWN,10591.65,60,Education,5.05,No,north,01-13-2021,0
CR102620,,Female,Married,Bachelor,Employed,9.1,96279.28,1674.21,0.209,,2,0,No,,22210.18,48,Business,16.07,no,CENTRAL,08-10-2023,0
CR103597,50.0, Male ,Widowed,Bachelor,Employed,12.3,33798.39,954.71,0.339,,3,0, Yes ,Rent,5346.35,48,Other,7.57,No,South,2024-11-13,0
CR100369,62.0,Male,Single,High School,employed,2.8,44282.06,810.39,0.22,841.0,10,0,Yes,Rent,50554.07,36,Home Improvement,18.99,Yes,East,24/01/2023,0
CR103962,56.0,Female,Divorced, High School ,retired,11.3,10189.79,272.03,,833.0,5,1,No,other,16098.61,60,Car,17.98,No,west,08-15-2023,0
CR101372,44.0,Female,Married,bachelor,Employed,0.0,46098.93,1991.67,,586.0,5,2,Yes,Rent,43498.48,60,debt consolidation,15.78,no,East,07-22-2022,0
CR102019,44.0,Male,Single,OTHER,Employed,4.3,10415.72,299.68,0.345,830.0,13,0,YES,Own,55542.36,36,Business,10.72,No,East,02/01/2024,0
CR103971,71.0,Other, Married ,Bachelor,Employed,6.8,,349.94,0.25,534.0,8,0,,mortgage,37291.41,60,Home Improvement,10.69, No ,West,06-29-2023,0
CR103779,43.0,Male,Single,High School,Employed,7.6,96825.09,298.73,0.037,,2,0, No ,Own,54102.7,60,car,19.97,NO,SOUTH,18/01/2023,0
CR100681,25.0, Female ,Married, PhD ,Self-Employed,11.9,136332.92,3716.2,0.327,814.0,9,1,Yes,Rent,50468.04,24,Education,14.6,NO, West ,02/08/2022,0
CR103032,50.0,Female,MARRIED,Bachelor,Retired,0.0,49785.75,725.61,0.175,468.0,10,0,yes,Own,56552.36,24,BUSINESS,18.87,No, South ,2021-10-27,0
CR102625,51.0,Female, Married ,PhD,Employed,19.4,48200.48,554.71,0.138,334.0,17,0,No,Rent,35838.35,24,education,13.36,NO,West,2024-01-17,0
CR103234,51.0,MALE,Married,,Employed,6.1,19369.3,729.08,0.452,500.0,15,1,, Rent ,15652.6,36,Debt Consolidation,7.76,No,west,14/12/2021,1
CR102191,41.0,Male,married,bachelor,Employed,9.3,34012.66,1365.65,0.482,546.0,7,0, No ,Rent,40880.55,12,Other,27.57,No,WEST,04-07-2021,0
CR100307,50.0,Male,Widowed,high school,Employed,11.3,61941.79,298.77,0.058,679.0,12,0,Yes,,13282.96,36,Debt Consolidation,24.21,No,East,2021-07-31,0
CR102933,43.0,Female,SINGLE,High School,Employed,7.9,106155.92,1016.98,0.115,670.0,18,2,Y,own,12793.82,12,Business,27.7,No,Central,03-16-2024,0
CR101111,31.0,Male,Single,Bachelor,Self-Employed,4.7,26281.03,166.31,0.076,634.0,0,0,No,Rent,5666.55,36,MEDICAL,29.5,No,East,21/01/2024,0
CR100990,37.0,Female,Single,HIGH SCHOOL,Employed,,62955.41,241.84,0.046,324.0,14,0,No,Mortgage,18000.28,60,Debt_Consolidation,22.62,No,East,13/11/2024,0
CR102663,46.0,Male,Divorced,High School,Employed,0.1,49268.52,1454.56,0.354,648.0,6,0,Yes,Rent,18284.41,12,Medical,27.28,No,West,12-03-2024,0
CR100808,40.0,Male,Married,HIGH SCHOOL,Unemployed,4.9,50795.88,700.71,0.166,500.0,9,0,No,Mortgage,4734.31,24,Medical,19.97,No,South,07/04/2022,1
CR101244,68.0,Female,Married,High School,Retired,0.0,41294.87,1388.95,0.404,512.0,15,1,,Other,20869.83,12,Home Improvement,13.86,,South,07/12/2021,0
CR103948,74.0,Male,Married,High School,EMPLOYED,2.4,17154.62,72.2,0.051,,15,0,No,Rent,31622.25,24,Medical,18.25,No,South,19/09/2023,0
CR102109,34.0,Female,divorced, Master ,Employed,12.9,62733.13,2218.99,0.424,644.0,6,0,No,Rent,20015.66,48,Other,4.99,,Central,2024-09-29,0
CR103656,47.0,Male,Single,Bachelor,Employed,9.2,25008.31,675.02,0.324,552.0,5,1,No,MORTGAGE,31774.74,60,DEBT CONSOLIDATION,23.24,No,Central,23/08/2024,0
CR103873,45.0,Male,Married,phd, Unemployed ,13.4,50453.06,1357.23,,,6,0,No,Mortgage,8340.51,24,Debt Consolidation,9.63,No,West,13/05/2021,0
CR102909,38.0,FEMALE,Single,Bachelor,Self-Employed,,45984.59,1740.57,0.454,397.0,19,0,Yes,Mortgage,58402.31,36,Debt Consolidation,8.16,Yes,South,18/02/2023,0
CR100312,24.0,Female,Married,High School, Employed ,11.0,34979.79,629.28,0.216,612.0,18,0, 0 ,Mortgage,23852.2,36,Education,8.23,No, Central ,07-19-2024,0
CR102796,68.0,Male,Divorced,Bachelor,Employed,0.0,16802.99,765.06,0.546,766.0,18,1,No,Mortgage,9436.37,60,Car,4.91,,Central,04-02-2024,0
CR103934,28.0,Female,married,Master,Unemployed,2.2,19739.32,720.26,0.438,429.0,5,0,yes, Mortgage ,46960.69,36,Education,17.23,No,East,12/09/2023,0
CR102360,55.0,Female,Married,Bachelor,EMPLOYED,6.8,33418.55,543.25,0.195,783.0,5,1,Yes,Mortgage,56859.58,12,Education,14.62,,West,2022-08-06,0
CR102383,40.0,Male,Married,PhD,Self-Employed,8.2,55033.42,2020.44,,512.0,5,1,No,Mortgage,6542.75,12,Education,25.31,No,CENTRAL,06-24-2024,0
CR103691,54.0,Female,Single,Bachelor,Employed,2.2,25384.97,135.48,0.064,761.0,13,0,No, Mortgage ,19968.84,24,Other,15.98,,Central,06-23-2024,0
CR101301,41.0,Female,,Bachelor,Employed,,56957.97,1678.39,0.354,618.0,1,0,No,Mortgage,34382.71,12,Debt Consolidation,20.93,No,East,09-28-2024,0
CR100367,36.0,female, Single ,High School,Employed,11.6,51495.23,754.89,0.176,745.0,13,0,NO,,19533.55,36,Debt Consolidation,16.2,,North,2023-08-07,1
CR100429,59.0,Female,Single,Bachelor,self-employed,5.3,89706.9,2177.29,0.291,548.0,5,0,no,rent,3564.79,60,Education,8.88,No, East ,2024-03-13,0
CR104292,46.0,OTHER,single,High School,Employed,6.6,28226.08,332.04,0.141,765.0,11,0,No,own,46752.14,12,Education,25.18,No,West,08-30-2021,0
CR102955,75.0,female,DIVORCED,Master, Self-Employed ,0.0,46695.19,1368.33,,542.0,13,2,Yes,Own,48671.62,12,Debt_Consolidation,20.44,,West,2023-12-21,0
CR103159,68.0,Male,Single,Master,Employed,12.1,45513.81,1020.01,0.269,833.0,10,0,No,Mortgage,13495.59,48,Car,6.55,No,North,08-20-2023,0
CR101600,35.0,Male,Widowed,Bachelor,Self-Employed,3.2,89268.4,1432.68,0.193,726.0,9,0,No,,38126.3,24,Debt Consolidation,4.56,No,North,10-04-2022,0
CR102827,72.0,Male,Single,Master,Self-Employed,2.2,32867.38,1097.5,0.401,342.0,14,1,No,Rent,37497.97,36,Debt Consolidation,19.37,Yes,South,04/06/2023,1
CR104022,49.0,Male,Divorced,, Employed ,16.4,54349.38,290.19,0.064,589.0,4,0,NO,Rent,46562.51,60,Debt_Consolidation,24.08,No,West,07/02/2021,0
CR104512,25.0, Male ,Married,High School,Employed,5.3,14684.06,179.83,0.147,819.0,17,2,,Rent,28274.22,60,Education,11.73,No,South,10-18-2023,0
CR103617,41.0,female,widowed,bachelor,Employed,,45597.18,628.57,0.165,800.0,3,1,Y,Mortgage,40897.34,12, Other ,16.53,No, South ,01-23-2022,0
CR103701,31.0,Female,Married,Bachelor,Unemployed,7.6,27340.29,604.58,0.265,675.0,5,0,No,Mortgage,36560.61,48,Education,16.52,No,North,20/05/2023,0
CR100550,64.0,Male,Single,BACHELOR,Employed,4.2,33181.34,189.3,,652.0,1,0,Yes,Own,52701.25,24,Debt Consolidation,27.26,Yes,North,27/05/2024,1
CR104599,60.0,Female,Single,,Employed,7.5,25222.31,1063.09,0.506,682.0,18,0,y, Mortgage ,58452.13,36,Education,24.59,No,West,2022-10-20,0
CR104408,33.0, Female ,Married,BACHELOR,Employed,5.8,13368.24,245.77,0.221,603.0,16,0,Yes,Mortgage,31038.68,36,Business,21.6,No,West,01/12/2024,0
CR102456,66.0,Male,Single,Other,Retired,1.0,42874.08,1874.95,0.525,502.0,3,1,Yes,Mortgage,16900.31,12,Business,20.91,No,East,04-01-2022,0
CR103418,23.0, Female ,Married,Bachelor,Employed,8.7,98240.7,1096.03,0.134,759.0,19,2,No,Mortgage,32794.28,36,Education,28.29,No,South,21/12/2021,0
CR100414,19.0,Male,Married, Master ,Employed,7.9,37868.45,1704.43,0.54,428.0,6,1,No,,49236.97,24, Medical ,20.17, No ,West,04-13-2024,1
CR101826,24.0,Male,MARRIED,Bachelor,Employed,8.0,45983.13,353.26,0.092,629.0,12,1,Yes,Rent,45697.69,48, Education ,24.78,NO,South,15/07/2021,1
CR103707,61.0,Male,Married,Master,Unemployed,23.7,26344.13,711.5,0.324,378.0,12,1,No,Rent,37101.05,24,Medical,20.02, No ,CENTRAL,2024-09-21,1
CR103459,40.0,OTHER,Married,master,Employed,0.0,42027.2,219.64,0.063,700.0,16,1,Yes,Other,46499.16,24,Car,21.74,No, South ,2021-10-19,0
CR101536,26.0,female,Married,Bachelor,Employed,13.5,24135.65,114.1,0.057,795.0,17,0,1,Own,25482.56,12,Car,18.5,No,Central,2021-04-19,0
CR100618,21.0,Other,Divorced,Bachelor, Self-Employed ,5.1,60320.61,1704.62,0.339,432.0,14,1,No,Rent,6361.63,12,Car,27.13,No,CENTRAL,2022-11-07,0
CR101300,62.0,Male,SINGLE,high school,Employed,10.5,48667.7,975.9,0.241,402.0,19,0,,,35745.95,36,Debt Consolidation,7.27,No,East,2021-03-06,1
CR102844,,Male,Single, Master ,Self-Employed,10.7,20325.31,127.58,0.075,787.0,15,1,1,Mortgage,4721.06,60,Home Improvement,7.67,No,West,2022-04-05,0
CR100325,31.0,FEMALE,Single,Bachelor,employed,19.0,37886.44,265.34,0.084,,19,1,Y,Other,17224.11,48,Car,8.75,,North,09/06/2022,1
CR103805,67.0,Male,MARRIED,High School,Employed,5.0,25913.51,731.03,,302.0,17,1, No ,Rent,37423.24,24,Car,18.3,,South,2021-08-08,0
CR103615,43.0,Male,Married,,Retired,13.2,41607.6,712.49,0.205,321.0,14,0, No ,,18718.46,12,Home_Improvement,19.89,No,Central,2022-02-17,1
CR103797,21.0,MALE,Married,High School,retired,13.3,48049.29,968.98,,546.0,18,0,No,rent,6896.64,48,Home Improvement,11.51,,South,2023-09-19,0
CR102524,21.0,Male,Married,Other,Employed,0.0,53193.3,2162.97,0.488,554.0,2,2,YES,,35610.83,36,Debt Consolidation,27.64,,CENTRAL,05-02-2021,0
CR103560,21.0,FEMALE,Married, Bachelor , Employed ,8.5,21149.34,286.45,0.163,834.0,12,0,No,,22053.36,48, Home Improvement ,17.06,No,West,19/06/2022,0
CR100456,26.0,Male,Married,High School,Employed,14.0,28308.5,474.38,0.201,412.0,19,0,Yes,RENT,40388.79,24,Business,24.7, No ,East,10-23-2022,0
CR100800,18.0,Male,,,Unemployed,0.0,59261.62,1137.35,0.23,458.0,15,1,No,Rent,9902.3,60, Home Improvement ,29.84,No,West,26/03/2022,1
CR104053,64.0,Male,Single,Bachelor,Retired,5.2,18324.17,418.48,0.274,,2,0,No,rent,1406.26,24,Debt Consolidation,13.16, No ,South,2022-06-19,0
CR102781,72.0,Female,Single,High School,Unemployed,8.3,12657.3,464.98,0.441,441.0,8,0,No,Mortgage,55509.11,12,Car,6.47,Yes,Central,25/06/2022,0
CR100754,50.0,male,Single,PhD, Self-Employed ,11.1,17076.98,346.39,0.243,341.0,0,1,1,Rent,1280.53,12,Debt Consolidation,17.61,No,North,06/10/2022,0
CR102212,53.0,FEMALE,,Master,Employed,1.5,45698.87,513.94,0.135,492.0,7,2, No , Mortgage ,12169.53,12,Home Improvement,5.81,No,West,2022-01-04,1
CR103916,,Female,Single,Other,EMPLOYED,3.3,29861.91,118.82,0.048,805.0,12,2,No,rent,50064.65,12,Medical,28.68,No,North,2024-08-14,0
CR102331,67.0,Male,Married,Bachelor,Unemployed,6.3,16898.09,447.69,0.318,669.0,18,1,No,Mortgage,30603.49,12,CAR,29.43,,South,2022-03-11,0
CR101468,63.0,male,Married,Bachelor,Self-Employed,6.2,13768.31,135.55,0.118,498.0,11,2, Yes ,Rent,26343.24,60,Business,22.34, No ,South,12-17-2023,0
CR103497,45.0,Male,Married,Bachelor,Self-Employed,12.7,,1177.91,0.367,833.0,16,1,1,Mortgage,59104.53,36,Home Improvement,10.11,No,Central,04/07/2023,1
CR102644,44.0,Male,Single,Bachelor,Employed,17.4,32573.51,618.88,0.228,844.0,18,0,No,Rent,32558.94,60,Home Improvement,18.9,No,South,12-06-2021,0
CR102384,28.0,Male,Divorced,bachelor,Self-Employed,12.0,46085.33,1984.65,0.517,801.0,3,0,,Rent,56113.26,12, Debt Consolidation ,13.0,No,East,01-24-2024,0
CR101822,,Male,Married,High School,Self-Employed,2.9,171515.52,6830.86,0.478,319.0,6,1,,Mortgage,8630.14,48,Debt Consolidation,29.65,no,south,02-04-2023,0
CR101664,48.0,Male,Single,,Employed,2.2,55375.51,2034.66,0.441,804.0,17,4,No,Mortgage,3365.15,24,Debt Consolidation,27.56,Yes,Central,05/07/2022,1
CR102266,57.0,Female,Married,HIGH SCHOOL,Unemployed,9.1,34831.96,213.52,0.074,396.0,18,1,N,Mortgage,32173.06,24,Business,19.49,No,Central,21/06/2023,1
CR100159,63.0,Male,Divorced,BACHELOR,Unemployed,0.0,28752.08,761.77,0.318,448.0,1,0, No ,Own,38040.31,24,Debt Consolidation,28.85,Yes,East,10-26-2023,1
CR100268,53.0,Female,Married,Master,Unemployed,11.3,49497.89,2183.74,0.529,597.0,11,0,yes,Rent,18845.62,24,Education,24.01,Yes,East,03-05-2024,1
CR102209,26.0,Male,Married,Bachelor,Self-Employed,6.4,29023.61,85.76,0.035,,7,0,No,Mortgage,8559.8,60, Car ,24.76,No,West,04-18-2022,0
CR100415,57.0,Female,Married,Other,Unemployed,8.1,28683.34,1275.46,,,3,0,No,,34346.12,60,Medical,22.33,No,South,25/10/2024,1
CR104117,25.0,Female,Divorced,Bachelor,Employed,4.2,,291.32,0.136,387.0,7,1,,Rent,29463.19,60,Debt_Consolidation,9.62,No,West,07/05/2022,0
CR103621,30.0,Female,Married,BACHELOR,Employed,6.5,,650.9,0.433,613.0,9,0,Y,Own,54169.44,36,Other,16.36,No,North,02-21-2023,1
CR102634,22.0,Female,Single,Master,Employed,9.2,101775.65,3986.08,0.47,437.0,3,0,No,Mortgage,8625.72,12,Home Improvement,17.91,No,west,16/07/2024,0
CR100559,,Male,DIVORCED, Master ,Employed,12.7,27586.17,1052.67,0.458,478.0,4,0,No,Mortgage,10550.77,60,Car,14.57,No,East,21/12/2023,0
CR100170,24.0,Male,,High_School,EMPLOYED,6.9,47774.55,1189.29,0.299,,16,0,Yes,,55195.55,12,Debt Consolidation,5.05,,Central,06-07-2024,0
CR100124,67.0,Male,Single,Bachelor,Employed,3.7,33226.64,78.13,0.028,700.0,14,0,No,own,17017.77,12,Home Improvement,10.23,No,North,23/01/2024,0
CR101224,42.0, Female ,SINGLE,Master,Self-Employed,4.4,66466.17,1761.77,0.318,578.0,15,1,1,Mortgage,10482.25,60,Debt Consolidation,18.39,No,Central,02-16-2024,1
CR103274,32.0,Female,Single,BACHELOR, Employed ,6.0,,458.43,0.312,818.0,18,0,yes, Mortgage ,3785.28,36,Car,24.38,,east,21/03/2023,0
CR104130,18.0,Female,Divorced,Master,Employed,5.9,,372.78,0.263,369.0,1,0,No,other,57177.82,48,Car,19.8,no, East ,19/02/2021,0
CR104004,64.0,Female,Married,Bachelor,Employed,0.0,9898.88,96.42,0.117,709.0,17,1,,Mortgage,37421.93,12,Medical,15.74,No,East,2023-02-05,1
CR104301,56.0,Male,Married,Bachelor,Employed,5.3,68117.86,1454.1,,661.0,4,0,NO, Rent ,43110.58,48,Business,10.57, No ,North,2024-02-01,0
CR101773,40.0,Male,MARRIED,High School,Retired,999.0,14523.85,270.43,0.223,,10,0,no,Mortgage,35947.75,60,Debt_Consolidation,15.96,No,North,16/03/2024,0
CR102187,32.0,Male,Single,High School,Employed,,20606.06,442.54,0.258,608.0,6,0, No , Own ,17997.5,24,Education,19.82, No ,East,2022-03-22,0
CR100303,69.0,Male,SINGLE,High School,Employed,8.5,67368.69,1518.29,0.27,440.0,17,0,Yes,Other,53202.6,60,Education,27.69,yes,South,09-27-2024,0
CR102616,75.0,Female,Married,HIGH SCHOOL,employed,8.0,38013.83,116.21,0.037,339.0,1,0,0,Rent,22337.58,12, Education ,19.26,No,East,01-24-2024,0
CR101304,53.0,Female, Married ,Master,Employed,5.5,11323.05,442.02,0.468,768.0,13,0,Yes,Own,5013.19,60,Other,7.91,No,West,06-24-2022,0
CR102290,40.0,Female,Single,,Retired,6.9,30872.13,956.04,0.372,452.0,6,2,YES,Mortgage,3833.21,24,Home Improvement,21.79, No ,Central,2023-12-28,0
CR104448,49.0,Male,Single,High School,Employed,10.1,26183.62,967.01,0.443,590.0,15,0,No,Mortgage,53916.96,24, Debt Consolidation ,27.05,No,East,2022-11-11,0
CR103229,66.0,Male,Divorced,High School,Employed,17.9,16449.08,389.75,0.284,642.0,13,0,,Rent,45348.29,60,Other,5.51,No,West,03-03-2022,0
CR103031,33.0,Female,married,Master,self-employed,3.7,,869.3,0.09,687.0,4,1,NO, Rent ,19066.92,48,Business,14.52,NO,SOUTH,10/08/2021,0
CR102859,43.0,Male,Married,Bachelor,Employed,16.7,18857.79,664.2,0.423,481.0,1,2, No ,Rent,28962.64,48, Business ,9.63,No,East,03/04/2024,0
CR100904,44.0, Female ,Married, Bachelor ,Retired,12.1,,544.25,0.371,,17,2,Yes,mortgage,41240.28,12,other,8.49,No,Central,24/05/2021,0
CR100512,66.0,FEMALE,Single,Bachelor,Employed,13.7,22697.92,718.46,0.38,772.0,17,0,No,OWN,21070.84,12,Debt_Consolidation,22.39,No,Central,07/07/2021,0
CR101481,18.0,Male,Divorced,Bachelor,EMPLOYED,12.3,60224.9,286.99,0.057,773.0,18,0,Yes,Rent,50286.02,12,Business,18.41,No,South,25/10/2022,0
CR102752,51.0,Other,Single,Bachelor,Employed,8.7,48936.75,1648.51,0.404,665.0,11,1,Y,OTHER,38833.84,48,Home Improvement,9.17,No,SOUTH,31/01/2023,0
CR102154,58.0,Female,Married,Bachelor,employed,8.6,20730.15,665.27,0.385,,4,2,Yes,Mortgage,37780.14,48,Debt Consolidation,23.08,Yes,SOUTH,08-11-2022,1
CR101507,45.0,Female,Married,Bachelor,Self-Employed,1.1,50084.38,1617.78,0.388,388.0,15,0,No,Rent,27189.21,48,Debt Consolidation,15.88,No,EAST,01-22-2021,0
CR103681,19.0,Male,Married,MASTER,Self-Employed,8.5,29586.59,94.53,0.038,749.0,18,1,no,other,17674.34,48,Medical,7.17,No,Central,01/09/2023,0
CR103590,24.0,Female,Single,Other,Employed,4.3,174176.44,3322.16,,,7,0,Yes,Rent,19822.17,24,BUSINESS,17.05,No,South,22/08/2023,1
CR102561,38.0,Male,,Bachelor,Employed,0.0,33422.02,221.81,0.08,327.0,12,2,No,Other,13586.01,12,debt consolidation,26.27,No,West,2024-12-26,1
CR100102,64.0,Female,Single,Master,Employed,0.0,49635.32,820.62,0.198,687.0,17,0,No,Own,10922.43,48,Other,8.03,No,North,12-11-2022,0
CR102612,28.0,Female,Divorced,Master,Retired,0.0,20374.25,865.63,0.51,570.0,1,2,No,Own,22648.65,36,Other,20.45,No,Central,10-14-2024,0
CR102782,62.0,Female,Single,PhD,employed,9.9,32884.69,268.52,0.098,639.0,12,0,No,rent,14705.05,12,Debt Consolidation,5.37,No,West,07/06/2021,0
CR100491,68.0,Male,Married,High School,self-employed,6.7,43668.2,628.45,0.173,679.0,14,0,Yes,,52640.02,60,Business,14.14,No,West,08-27-2023,0
CR104006,32.0,Male,Divorced,Bachelor,Employed,13.6,82434.39,648.24,0.094,654.0,10,0,Yes,Rent,54280.65,36,Car,7.14, No ,Central,07-14-2021,0
CR101496,49.0,Female, Single , Bachelor ,Retired,4.9,8507.47,166.13,0.234,370.0,5,0,1,Mortgage,3111.53,24,Debt Consolidation,5.58,No,West,2024-12-02,1
CR100267,38.0,male,MARRIED,High School,Employed,8.7,22493.35,955.26,0.51,700.0,14,0,No,,42859.4,48,Debt Consolidation,6.86,NO,North,2022-10-09,0
CR100440,74.0,Male,Divorced,MASTER, Employed ,11.0,43907.65,996.66,,485.0,1,1,No,Mortgage,5760.18,12,Debt Consolidation,28.16,No,East,06/12/2022,0
CR103746,44.0,Male,Single,High School,Retired,1.3,42952.83,1912.41,0.534,530.0,2,1,N,OTHER,13811.36,12,Car,11.94,No,central,05-26-2024,0
CR101116,75.0, Male ,Single,Bachelor,Employed,15.6,37019.91,1590.82,0.516,816.0,19,0,No,Own,2845.89,12,Medical,27.87,No,North,2021-12-01,0
CR104414,46.0,Male,Single,PhD,Employed,5.9,27496.9,417.61,0.182,342.0,16,0, No ,Rent,29441.19,48,DEBT CONSOLIDATION,19.57,No,West,02/05/2023,0
CR104310,48.0,Female,Single,PhD,Self-Employed,11.0,14741.95,386.37,0.315,489.0,12,0,1,Rent,28021.3,36,Business,27.76,No,South,03-28-2022,1
CR104182,23.0, Female ,Divorced,Bachelor,Self-Employed,6.4,13338.94,24.79,0.022,397.0,17,0,No,Mortgage,24993.17,24,Debt Consolidation,27.7,No,Central,2021-04-06,0
CR101574,26.0,Male,Single,high school,Employed,0.5,12098.83,516.04,0.512,,15,0,no,Rent,53204.51,60,Business,25.28,No,east,21/08/2023,1
CR100396,20.0,Male,Married,Other,Employed,11.6,27466.12,1118.25,0.489,545.0,19,0,Yes,Rent,31939.38,60,Car,28.94,No,South,30/10/2021,1
CR100205,33.0,Female,Married,,SELF-EMPLOYED,9.0,102460.17,448.0,3.2772647802372967,599.0,10,0,No,Rent,13820.56,48,Debt Consolidation,9.65,No,South,08/06/2023,0
CR100221,44.0,Male, Single ,High School,Employed,13.3,23382.21,837.44,0.43,634.0,6,0,Yes,Own,19277.33,12,Medical,24.43,No,EAST,10/03/2021,1
CR100244,54.0,Male,Married,Bachelor,Employed,16.1,37863.75,86.22,0.027,325.0,11,0,Yes,Mortgage,52839.4,36,debt consolidation,25.03,NO,South,04-06-2023,1
CR103266,60.0,Female, Single ,BACHELOR,Employed,0.0,16774.32,117.24,0.084,,5,0,Yes,Rent,50620.49,48,car,22.05,No,Central,08-14-2021,0
CR103692,29.0,male,Married,High School,Self-Employed,3.6,85096.99,475.75,0.067,333.0,8,1, 0 ,Rent,57438.88,24,Medical,21.17,No,South,28/09/2023,0
CR103209,31.0, Female ,Single,High_School,Self-Employed,9.0,44400.52,566.97,0.153,638.0,13,0,No,Own,40177.37,60,Business,17.69,No,South,10-24-2024,0
CR103510,74.0,Male, Single ,High School,Employed,1.8,27062.84,1113.16,0.494,343.0,0,1,1,Mortgage,17943.78,24,Home Improvement,17.35,No,South,11-21-2021,1
CR102581,44.0,Female,Single,Other, Employed ,6.3,44984.16,1577.15,0.421,,12,1,NO, Rent ,17116.76,36, Other ,29.42,No,West,2023-09-22,0
CR101989,71.0,Female,Married,BACHELOR,Retired,3.3,37925.09,400.83,0.127,322.0,2,0,y, Mortgage ,46391.4,36, Business ,7.27,Yes,West,2024-09-27,1
CR100407,,Female,Married,Master,Employed,4.3,18964.07,145.94,0.092,484.0,17,0,No,Own,2838.48,36,Other,11.29,No,Central,06/09/2023,0
CR104404,33.0,Male,Married,Master, Unemployed ,8.3,43222.31,1876.84,0.521,412.0,16,1,no,OWN,24490.54,60,Home Improvement,21.68,No,West,17/02/2021,0
CR102252,32.0,Female,Divorced,Master,Employed,9.4,84861.19,223.36,0.032,576.0,11,0,No, Rent ,27045.02,24,Education,8.16,No,EAST,09-29-2021,0
CR104438,37.0, Male ,Divorced,Master,Retired,0.0,67470.23,240.44,0.043,513.0,13,0,No,Rent,36979.67,12,Business,18.6,,South,17/07/2024,0
CR103175,50.0,Male,Widowed,master,EMPLOYED,0.0,50927.67,1093.54,0.258,,8,1,YES,Mortgage,35461.11,12,Car,14.69,No,North,06/03/2021,0
CR102780,36.0, Male ,Widowed, Bachelor ,EMPLOYED,12.9,28143.82,483.96,,395.0,16,0,No,,54475.21,24,Education,13.16,No,Central,2023-08-24,0
CR101678,71.0,Female,Married, Master ,Employed,9.7,35923.19,1500.56,0.501,832.0,8,1,no,Rent,59345.6,60,Debt Consolidation,27.43,No,East,01-03-2023,1
CR100356,26.0,Female,Married,High School,self-employed,6.9,104780.45,1188.56,0.136,620.0,13,0,no,Rent,20156.88,12,Home Improvement,12.18,No,South,07/06/2022,0
CR100021,39.0,Male,Married,Master,retired,7.9,44992.2,1019.03,0.272,530.0,19,0,No, Rent ,18934.25,24,Debt Consolidation,9.53,Yes,Central,25/07/2023,1
CR104087,71.0,Male,DIVORCED,bachelor,Self-Employed,5.4,19679.34,168.0,,752.0,19,0,No, Rent ,18051.28,36,Debt Consolidation,16.13,No,East,01-24-2022,0
CR103217,42.0,Male,Single,master,Self-Employed,10.3,19839.06,789.66,0.478,487.0,11,0,No,Other,43797.67,48,Education,6.23,No,West,03-08-2024,0
CR102881,31.0,Male,Married,Master, Employed ,9.2,36114.35,212.53,0.071,,8,0,0,Rent,12732.64,24,Car,28.17,No,North,2024-06-20,0
CR103210,73.0,Female,married,High School,Self-Employed,12.4,19676.08,887.15,0.541,425.0,6,0,No,Mortgage,38501.6,36,Business,29.86,No,East,18/12/2022,0
CR103527,23.0,Female,Single,Other,Employed,3.2,13356.43,282.47,,490.0,19,0,No,Other,48276.97,48,Business,8.23,No,East,2023-08-06,1
CR103156,62.0,Female,MARRIED,High School, Employed ,5.7,11098.39,22.21,0.024,572.0,14,0,No,,36830.63,48,Debt Consolidation,5.06,No,East,10-05-2024,1
CR101650,,Female,Married,Master,Self-Employed,0.8,30605.69,563.62,0.221,,10,0,Yes,,7733.66,36,Business,17.49,yes,East,2022-01-07,0
CR103132,62.0,Female,Divorced,High School,employed,8.7,27854.45,1224.62,0.528,764.0,14,0,No,Mortgage,17451.04,36,Debt Consolidation,14.19,No,North,29/09/2021,0
CR100660,28.0,Male,Single,PhD, Employed ,7.0,16059.78,598.84,0.447,754.0,5,0, No ,Own,32688.51,36,Debt Consolidation,27.77,NO,South,2022-05-20,0
CR102516,,Male,Married,Master,Employed,3.9,58913.46,1815.53,,829.0,6,0,Yes,,19326.92,60,Home Improvement,6.02,Yes, East ,10/12/2024,1
CR103811,43.0,Male,widowed,BACHELOR,Employed,6.0,48774.18,908.0,0.223,647.0,2,1,NO,Rent,56360.23,60, Business ,9.33,No,North,23/02/2023,0
CR103349,63.0,Female,Divorced,,Self-Employed,3.8,48154.8,1300.84,0.324,557.0,0,0,Yes,Rent,47625.94,36,Business,21.0,No,South,11-19-2021,0
CR100872,24.0,Female,,,Employed,0.0,73657.09,2554.21,0.416,351.0,12,2,No,Mortgage,35631.03,12,Business,16.47,No,East,2024-05-31,1
CR100741,62.0,Female,Divorced,High School, Employed ,5.8,38285.65,715.03,0.224,565.0,0,1,,own,7974.59,48,Debt_Consolidation,27.2,No,Central,03/07/2023,0
CR104520,75.0,Female,Single,High School,Self-Employed,9.1,46341.51,128.12,0.033,554.0,5,0,No, Mortgage ,55847.0,12,Education,17.24,No, North ,02-23-2021,0
CR103589,70.0,male,Married,Bachelor,EMPLOYED,10.5,,580.78,0.227,533.0,13,1,0,Rent,14043.27,36,Debt Consolidation,9.03,No,Central,2023-08-31,0
CR104184,,Female,Married,Bachelor,Employed,3.0,40917.69,1850.16,0.543,813.0,17,2,No,Rent,52430.12,12,Debt Consolidation,23.63,Yes,North,01-21-2022,1
CR100398,34.0,Female,,master,Unemployed,0.0,40130.2,1233.04,0.369,601.0,16,0,,rent,57043.98,36,Medical,11.33,No,North,2021-08-09,1
CR100132,23.0,Female,Single,,Employed,1.0,62150.44,1585.75,0.306,,18,0,No,Rent,11359.35,60,Other,18.85,No,South,11-24-2023,0
CR100091,64.0,FEMALE, Married , Master ,Employed,0.0,29275.63,955.98,0.392,307.0,16,0,Yes,Mortgage,20722.24,36,Medical,19.52, Yes ,West,05-12-2021,0
CR103663,,Male,MARRIED,Bachelor,Employed,3.6,65454.35,411.21,0.075,,9,2,No,Other,27883.81,60, Home Improvement ,6.77,No,SOUTH,31/08/2022,1
CR100225,35.0,male,Married,High School,Unemployed,0.8,96035.04,1740.19,,768.0,16,1,Yes,Own,54038.14,36,Debt Consolidation,27.04,No,West,2023-08-28,0
CR103237,75.0,Male,married,Bachelor,Employed,9.4,25653.23,761.27,0.356,430.0,18,1,Yes,Rent,38244.98,48,Debt Consolidation,25.39,No,West,06-26-2023,0
CR104225,,Female,Single,BACHELOR,Retired,8.8,51075.02,787.05,0.185,706.0,13,1,YES,Mortgage,47133.9,24,Business,19.74,Yes,North,2022-11-05,1
CR103788,74.0,Male,Divorced,Bachelor,Employed,5.9,34421.65,1072.66,0.374,352.0,1,0, No ,Rent,32733.54,60,Medical,18.73,No,East,2024-06-23,1
CR101830,38.0,Male,Married, Master ,Employed,0.0,14084.87,319.09,0.272,793.0,15,1,,Rent,58450.89,12,education,21.33,no,east,2021-07-07,0
CR100131,50.0,Female,Married,Bachelor,Employed,9.8,40793.45,753.19,0.222,372.0,16,1,Y,Rent,2347.83,36,Debt Consolidation,5.11,No,North,10-13-2023,1
CR103477,48.0,MALE,Married,Master,Employed,9.5,66087.85,1706.6,0.31,308.0,2,0, No ,Own,12087.0,36,Debt Consolidation,24.98,No,East,12-23-2022,0
CR101008,60.0,Female,Single,High School,Retired,6.6,30631.28,724.3,0.284,575.0,18,0,Yes,Own,15283.9,36,Home Improvement,9.69,No,East,06-08-2023,0
CR102728,51.0,Male,Divorced,Master,Employed,3.4,55785.34,2237.61,0.481,439.0,7,0,no,Mortgage,28109.85,36,Medical,17.42,Yes,CENTRAL,04-27-2022,1
CR102997,38.0,Male, Divorced ,Bachelor,EMPLOYED,8.8,27449.07,234.03,0.102,361.0,11,0,No,Rent,30527.74,60,Debt Consolidation,26.36,Yes,Central,07-05-2022,0
CR103472,60.0,Female,married,Master,Employed,,39979.62,924.31,0.277,700.0,6,1,No,,37393.09,48,debt consolidation,11.6,No,west,2023-01-02,0
CR101438,36.0,Other,Single,High_School,Employed,4.6,25139.66,996.96,0.476,,18,0,N,Other,25867.57,48,Medical,8.36,No,North,2024-04-07,0
CR101837,35.0,Male,Single,High School,Employed,,27705.34,1254.29,0.543,,2,1,Yes,mortgage,37069.89,36,Education,8.53,No,East,08-24-2024,1
CR104013,46.0,Male,Single,High School,Employed,6.8,67816.44,134.5,0.024,359.0,10,0,No,Rent,56680.32,60,Debt Consolidation,14.4,No,North,11-02-2022,0
CR100006,22.0,Female,Single,Master,employed,13.1,48173.01,1847.64,0.46,608.0,14,0,0,Own,12943.24,60,Medical,16.09,No,West,04-11-2021,0
CR103513,26.0,Male,widowed,High School,Unemployed,17.4,22101.8,857.27,0.465,526.0,10,0,y,Rent,42745.0,60,Home Improvement,15.71, No ,South,20/08/2022,1
CR100161,56.0,male,Single,Other,Employed,10.4,26736.0,641.97,,677.0,1,0,No,Rent,19310.02,48,Business,15.47, No , South ,12/04/2023,0
CR103239,20.0,Male,Married,Bachelor,Retired,17.1,29673.99,1343.61,0.543,408.0,15,1,Yes,,52299.19,36,DEBT CONSOLIDATION,21.92,No,North,2021-07-01,0
CR104564,70.0,Male,Widowed,bachelor,Retired,7.6,83742.3,1870.41,0.268,410.0,12,2,Yes,,15618.71,24,medical,21.82,no,south,16/04/2022,0
CR103627,31.0,Female,Married,PhD,self-employed,,18625.37,355.0,0.229,429.0,10,0,no,mortgage,56908.44,48,debt consolidation,24.91, No ,East,2024-04-13,1
CR101564,50.0,Other,Divorced,, Employed ,16.7,10746.7,120.23,0.134,816.0,3,0,,Own,42142.53,60,Debt Consolidation,10.88,Yes,West,2023-01-20,1
CR104218,48.0,Female,,Bachelor,Employed,7.0,44538.95,1775.14,0.478,418.0,5,0,1,Rent,40489.35,24,Debt Consolidation,21.1,No,West,09-21-2021,0
CR103433,37.0,Female,Married,Bachelor,Employed,12.2,25916.83,803.81,0.372,500.0,19,0,No,own,31102.74,12,Debt Consolidation,25.09,No,West,2022-09-10,0
CR104372,31.0,Male,Married,Master,Employed,15.8,,444.01,0.189,407.0,2,0,No,rent,38743.01,24, Car ,12.43,No,South,04-10-2021,1
CR103324,43.0,Female,Single,high school,employed,1.0,22849.81,1011.14,0.531,325.0,16,0,No,,3953.51,48,Debt Consolidation,22.62,no,Central,03-22-2021,1
CR102577,44.0, Female ,single,bachelor,employed,12.1,97080.69,3491.92,0.432,649.0,7,0,1,Own,22973.55,36,Car,15.03,No,West,2021-12-03,0
CR102385,68.0,Male,Divorced,Bachelor,Employed,7.9,26534.03,1066.4,0.482,633.0,16,0,No,rent,4755.29,36,Home Improvement,16.95,Yes,Central,02/01/2024,0
CR102184,54.0,MALE,Single,High School,Employed,12.1,111511.27,320.11,0.034,,13,0,No,Mortgage,45503.36,60, Other ,13.72,No,North,06-13-2024,0
CR101515,71.0,Male,Married,,Employed,0.0,48042.68,256.91,0.064,493.0,12,1,Yes,MORTGAGE,18891.34,12,Home Improvement,27.8, No ,South,2024-01-10,1
CR102483,36.0,Female, Married ,Master,Employed,,12185.4,308.48,0.304,,12,0,No,,50420.3,12,Debt Consolidation,24.09,Yes,Central,07-13-2023,1
CR103011,47.0,MALE,Single,High_School,EMPLOYED,5.3,48501.22,261.58,0.065,414.0,18,0,Yes,Rent,35799.15,48,Home Improvement,18.09,No,North,23/01/2024,0
CR103647,52.0,Female,DIVORCED,Bachelor,Employed,2.7,33442.74,1244.91,0.447,507.0,8,0,0,Rent,12313.97,48,Debt Consolidation,17.35,No,South,11-12-2024,0
CR104565,37.0, Male ,Divorced,High School,Employed,2.7,56108.19,173.94,0.037,819.0,14,0,1,Rent,10329.2,12,Debt Consolidation,20.7,No,North,02-01-2023,0
CR101779,57.0,Female,Married,Master,Employed,5.1,33342.57,668.67,0.241,724.0,19,0,Yes,MORTGAGE,47024.19,48,Debt Consolidation,27.87,No,North,02/05/2023,0
CR102815,23.0,Male,Single,Master,Unemployed,11.3,14392.02,209.48,0.175,816.0,17,0,No,Mortgage,23700.47,36,Debt Consolidation,26.24,No,West,17/06/2021,0
CR100418,, Male ,married,Bachelor,Retired,0.0,25214.69,126.7,0.06,649.0,16,1,,Rent,46856.9,24,Car,15.58,NO,West,14/07/2024,0
CR100284,43.0, Female ,Married, Bachelor ,EMPLOYED,1.0,23054.86,854.21,0.445,613.0,8,0, No ,Mortgage,38541.79,48,Education,28.79,No,South,12-28-2022,0
CR100002,55.0,Male,Single,MASTER,EMPLOYED,5.0,39846.96,1735.07,0.523,541.0,14,1,Yes,Own,47416.78,24,DEBT CONSOLIDATION,26.48,No,East,2024-06-11,0
CR101724,48.0,Male,Married,Other,Retired,7.7,18827.5,103.98,,697.0,5,1,N,Own,43868.22,48,Other,7.38,No,South,11-30-2021,0
CR104163,29.0,FEMALE,Widowed,,Employed,0.0,20382.71,852.76,0.502,545.0,4,0,No,,29515.28,48,Debt Consolidation,13.95,yes,North,08-08-2023,0
CR102063,59.0,Female,Married,Other,Employed,0.2,30366.46,508.99,0.201,614.0,5,0,No, Rent ,27990.05,36,Other,22.91,no,South,30/09/2023,0
CR104150,37.0,Other,Divorced,Bachelor,employed,0.0,24691.94,778.8,0.378,,18,0,No,Mortgage,31563.08,24,Business,9.08,No,NORTH,15/10/2022,0
CR103511,51.0,Female,Married,High School,Employed,10.2,100104.07,2087.9,0.25,685.0,3,0,No,rent,24473.63,36,debt consolidation,8.4,No,South,14/02/2022,0
CR100787,57.0,Female,Married,Bachelor,Self-Employed,,33448.92,846.73,0.304,762.0,19,0,No,OWN,5290.83,48,Debt Consolidation,25.65,no,West,20/11/2022,0
CR102316,,Male,Married,bachelor,Employed,5.1,42355.08,887.45,0.251,771.0,17,0, Yes ,Own,32309.64,48,MEDICAL,22.46, No ,East,2022-01-25,0
CR102477,28.0,Female,MARRIED,Bachelor,Employed,8.8,21979.45,977.06,0.533,747.0,14,0,No,Mortgage,59304.39,12,Business,12.93,No,North,20/01/2022,0
CR102486,32.0,Male,Married,Other,Retired,5.0,52593.48,1220.97,0.279,620.0,17,1,No,Mortgage,13177.29,12,Car,12.99,No, South ,2024-06-24,0
CR104447,29.0,Male,MARRIED,Bachelor,Retired,0.0,73055.78,1051.67,0.173,749.0,0,0,No,Own,42210.75,12,MEDICAL,20.46,NO,east,09/06/2022,0
CR104079,62.0,Male,Single,high school,Employed,0.2,83065.48,890.83,0.129,710.0,6,0,No,Own,50419.9,36,BUSINESS,25.35,No,west,26/04/2024,0
CR100598,54.0,Other,Single,, Employed ,6.7,85825.78,409.13,0.057,578.0,19,0,No,Other,25690.71,60,Debt Consolidation,27.5,No,East,05-12-2021,0
CR101752,54.0,Male,Single,Bachelor,Employed,10.2,69866.87,2079.96,0.357,736.0,10,1,Yes,RENT,58672.15,24,medical,21.72,,East,2021-05-08,0
CR103137,45.0,MALE,Widowed,High School,Employed,10.0,38683.58,812.69,0.252,424.0,11,0,No,Mortgage,57881.82,24,Debt Consolidation,16.75,,South,04/01/2021,0
CR101730,63.0,Female,Widowed,Bachelor,Employed,10.2,17804.62,623.41,0.42,796.0,3,0,1,,16741.65,24,debt consolidation,17.08,No,Central,23/12/2023,0
CR104563,28.0,Female,Married,Bachelor,Employed,11.6,36090.07,291.56,0.097,403.0,12,0,No,Mortgage,42011.26,60,Home Improvement,13.58,No,North,01-19-2024,0
CR102134,43.0,male,,Other, Employed ,6.4,100861.82,2918.11,0.347,488.0,10,1,Yes,Other,43581.2,48,DEBT CONSOLIDATION,5.07,No,NORTH,07-26-2023,0
CR100727,23.0,MALE,Married,,Employed,,22347.52,986.85,0.53,398.0,13,1,Yes,Other,31867.22,24,Car,22.11,,Central,2024-10-17,0
CR103371,,FEMALE, Single , Master , Employed ,6.2,23536.98,202.55,0.103,596.0,0,1,No,Own,36472.48,24,HOME IMPROVEMENT,16.91,No,North,09-26-2021,0
CR102981,21.0,Male,Married,Master,Self-Employed,15.3,57449.04,1884.16,0.394,619.0,13,1,NO,,37867.77,36,Car,10.98,No,NORTH,2022-06-24,1
CR100896,47.0,Male,Widowed,Bachelor,Self-Employed,7.8,75560.02,733.7,0.117,476.0,13,0,Yes,Rent,2500.7,60,Debt Consolidation,18.51,Yes,East,2023-04-01,0
CR102173,62.0,MALE,Married, Bachelor ,Retired,2.0,37920.81,194.81,0.062,508.0,10,0,No,Rent,38612.37,12,Medical,25.91,,North,07/07/2024,1
CR101171,54.0,Female,Widowed,,Employed,,101938.66,3368.58,0.397,620.0,17,1,Yes,Rent,27546.06,48,Education,12.6,no,South,08/06/2024,0
CR101754,54.0, Female ,MARRIED,Bachelor,Employed,4.8,27033.67,453.5,0.201,384.0,10,0,No,,4466.19,12, Debt Consolidation ,26.96,No,South,2021-12-30,0
CR100112,50.0,Female, Single ,Bachelor,Retired,4.0,25486.48,553.12,0.26,611.0,18,0,No,rent,56831.45,60,Car,6.79,,West,05/03/2021,1
CR100350,48.0,MALE,Single,Bachelor,Employed,5.0,21800.45,836.04,0.46,520.0,13,0,No,Other,56438.07,48,CAR,5.1,No,NORTH,08-09-2022,0
CR103245,64.0,Male,divorced,Bachelor,Unemployed,6.9,38130.91,129.43,0.041,649.0,10,0,No,Rent,7872.8,60,Debt Consolidation,18.41,No,North,08-23-2021,0
CR101669,60.0,Male,Single,Other,Employed,6.9,37688.8,1179.51,0.376,786.0,13,0,No,Rent,6069.26,12,Car,13.94,No,North,2024-03-04,0
CR103736,39.0,Female,Married,High School,Retired,5.0,66898.52,752.74,0.135,829.0,3,1,No,Rent,20560.04,60,debt consolidation,17.54,Yes,North,04-04-2023,1
CR103594,32.0,Female,Single, High School ,Unemployed,,55556.92,2142.43,0.463,451.0,19,0,No,Own,33252.33,48,Business,17.51,No,SOUTH,14/08/2022,1
CR104235,20.0,MALE,Divorced,high school,Retired,10.0,33319.39,717.2,0.258,731.0,0,0,Yes,Rent,44677.98,36,Debt Consolidation,25.56,,Central,2022-02-27,0
CR103719,33.0,Male,,Master,Retired,1.7,66738.54,233.75,0.042,545.0,12,0,Yes,Mortgage,28585.86,60,Car,23.15,No,East,05/05/2022,0
CR102437,57.0, Female ,Single,High School, Self-Employed ,5.1,37218.94,496.38,0.16,,17,0,NO,mortgage,41213.74,48,Other,22.43,No,North,2021-08-25,0
CR103110,49.0,Female,married,Master,Employed,10.9,38147.13,1512.73,0.476,846.0,12,0,No,Own,45167.05,60,Debt Consolidation,21.37, No ,North,13/10/2023,0
CR104224,63.0,Male,,Bachelor,Employed,11.4,34720.16,645.49,0.223,,4,0,No,Rent,6174.47,24,Debt Consolidation,7.68,No,East,2022-10-24,1
CR102832,35.0,Male,Married,PhD,Self-Employed,6.4,43733.07,1825.66,0.501,357.0,15,0,No,Rent,6010.72,60, Home Improvement ,17.73,No, West ,29/09/2021,0
CR102174,31.0,Male, Married ,High School,Employed,6.8,23100.7,90.66,0.047,659.0,1,1,Yes,Rent,42918.01,24,Debt Consolidation,21.91,No,Central,08-10-2021,0
CR103181,29.0,female,Married,High School, Retired ,1.5,50101.88,1513.69,0.363,414.0,5,0,,Mortgage,45803.09,60,Other,28.79,No,East,05/10/2024,0
CR102494,42.0,male,Single,Bachelor,Employed,3.3,37310.45,1157.19,0.372,340.0,15,1,Yes,Rent,37337.27,24,Business,23.66,No,West,28/12/2022,0
CR101379,49.0,Male,Single,Master,Retired,0.9,18536.1,208.69,0.135,694.0,10,0,N,Mortgage,21282.81,12,Business,5.39,No,West,20/11/2022,0
CR102035,67.0,Male,Married,Other, Self-Employed ,0.0,,3111.78,0.35,608.0,7,0,No,Mortgage,40955.25,48,Debt Consolidation,22.97,No,West,17/08/2023,0
CR103702,,Female,Married,Bachelor,Employed,11.4,10792.1,392.23,0.436,435.0,17,0,0,,32594.58,12,Education,25.14,,North,2024-12-13,0
CR102542,73.0,Female,Widowed,Bachelor,Employed,12.0,,1002.26,0.325,559.0,6,0,No,Mortgage,49597.18,48,Debt Consolidation,8.48,no,East,10-04-2021,1
CR104437,72.0,Male, Single ,High School,Employed,3.3,25955.07,565.37,0.261,629.0,1,0,0,Other,19145.95,48,Debt Consolidation,25.25, No ,North,25/03/2024,0
CR103346,52.0,Female,,Bachelor,Self-Employed,0.0,47182.08,600.93,0.153,443.0,14,0,NO,Mortgage,7660.88,12,Car,11.83,No,South,2022-01-15,0
CR101541,32.0, Male ,Divorced,Other,SELF-EMPLOYED,12.2,9533.27,21.37,0.027,546.0,14,0,No,Other,27391.53,12,Business,23.69,No,South,27/11/2023,1
CR103328,40.0,Female,Married,Bachelor,Unemployed,15.7,57845.54,606.67,0.126,573.0,18,0,NO,Rent,15759.35,36,Other,23.1,, East ,2022-07-18,1
CR103380,66.0,MALE,Married,High School,Employed,12.0,19722.4,668.19,0.407,542.0,2,0, 1 ,,41775.75,48,Medical,10.16, No ,West,06/01/2022,1
CR100034,69.0,Female,Single,High School,Employed,4.8,35334.66,393.48,0.134,419.0,7,2,,Rent,52069.2,12,Other,23.56,no,South,2024-04-03,1
CR100273,73.0,Female,Widowed,master,Employed,,33012.65,370.09,0.135,327.0,19,3,No,Mortgage,32112.25,48,Medical,9.03,No,North,17/10/2024,0
CR104440,36.0, Female ,divorced,Bachelor,Employed,7.0,19609.86,41.75,0.026,496.0,0,0, Yes ,Rent,7722.04,36,Debt Consolidation,21.03,No,North,31/12/2023,0
CR100301,65.0,Female,SINGLE,Bachelor,Employed,2.5,18382.04,105.87,0.069,843.0,2,0,No,Mortgage,42948.42,24,Home Improvement,21.45,No,west,03/08/2024,0
CR103643,46.0,Male,Married,High School,unemployed,8.4,36361.99,267.63,0.088,308.0,14,0,No,Rent,16247.76,36,Business,17.88,Yes,South,29/10/2024,0
CR100472,43.0,female,Divorced,High School,Employed,4.5,18810.78,758.72,0.484,561.0,3,0,0,Rent,57781.8,12,Debt Consolidation,29.08,No,Central,07-13-2023,0
CR101089,26.0,Male,Married,High School,Self-Employed,8.2,30566.34,193.0,0.076,308.0,5,0, No ,Rent,29559.86,48,Car,23.95,,west,21/04/2023,0
CR100328,26.0,Other,Married,High School,Self-Employed,0.2,30165.58,1356.86,0.54,335.0,17,1,No,own,14073.43,24,Debt Consolidation,29.77,No,West,2024-11-17,0
CR103218,75.0,OTHER,Single,Bachelor,self-employed,6.1,13616.79,168.59,0.149,,15,0,Yes,Own,45170.84,48,Car,4.54,No,South,2023-10-24,0
CR104510,35.0,Male,Married,High School,employed,5.7,92773.02,3080.11,0.398,412.0,8,1,No,Mortgage,37311.48,24,Car,19.0,NO,Central,13/11/2023,0
CR104229,18.0,Male,SINGLE,Master,Employed,24.5,30743.33,840.7,,751.0,7,2,No,Rent,48173.62,60,Business,16.37,No,East,02/08/2023,0
CR100071,28.0,Male,,bachelor,Self-Employed,2.5,39786.1,1252.57,0.378,,1,1, Yes ,Mortgage,5838.19,60,Debt Consolidation,17.4,No,east,04-05-2024,0
CR100473,45.0,Female,,Master,Employed,0.0,21364.28,939.35,0.528,772.0,15,1,Y,Own,7599.37,48,Debt Consolidation,8.31,No,Central,12-20-2024,1
CR104075,19.0,Male, Married ,Bachelor,Employed,18.0,18610.17,402.4,0.259,381.0,1,0,No,mortgage,39967.73,36, Business ,21.14,No,SOUTH,04-24-2021,0
CR103879,20.0,Female,single,Bachelor,Retired,3.2,63677.43,2074.37,0.391,388.0,15,1,1,RENT,8103.51,36,Debt Consolidation,26.05,,East,2022-02-14,0
CR100619,26.0,MALE,Single,Bachelor,Self-Employed,6.3,51342.55,1044.36,0.244,311.0,15,0,Yes,Mortgage,52143.98,48,Car,27.43,No,NORTH,01/06/2022,0
CR103088,31.0,Male,MARRIED,High School,Self-Employed,1.3,22002.42,191.39,0.104,,11,0,No,Own,5648.17,60,Medical,26.56,No,West,2022-07-30,1
CR100178,70.0,Male,SINGLE,Bachelor,Employed,1.9,30053.8,314.84,0.126,352.0,10,0,Yes,Rent,39070.48,36,Other,19.69,,North,03-14-2023,0
CR101690,62.0,female,Married,Bachelor,Employed,12.8,85016.84,3151.8,0.445,823.0,19,0,No,Own,53824.97,12,Car,25.03,No,West,19/11/2023,0
CR103368,42.0,Female,Single,,Employed,0.0,143926.84,2278.97,0.19,442.0,11,0,No, Rent ,21526.05,60, Education ,21.68,No,NORTH,27/04/2024,0
CR104450,,Male,Single,Master,EMPLOYED,,56082.89,960.56,0.206,385.0,17,1,No,Own,48207.04,48,Debt Consolidation,13.27,No,West,03-17-2023,0
CR104274,19.0,Male,Single,High School,Employed,12.7,82720.76,199.81,0.029,401.0,1,0,0,,34339.32,60,Other,5.55,No,SOUTH,02-15-2024,0
CR101729,24.0,Female,Divorced,High School,Self-Employed,9.9,71891.22,1543.24,0.258,613.0,3,1,No,Rent,9604.17,12, Business ,29.43,No,Central,2023-03-27,0
CR100280,33.0,Male,single,Master,Unemployed,0.1,39476.29,151.07,0.046,707.0,10,0,No,Own,14668.83,12,Debt Consolidation,12.71,Yes,North,10-05-2021,1
CR100941,41.0,Male,Married,High School,employed,1.4,56010.01,645.02,0.138,487.0,7,1,0,rent,6516.32,12, Business ,13.72,,east,03-10-2024,1
CR103307,25.0, Male ,Single,Master,Retired,3.3,45594.46,748.71,0.197,580.0,11,1,No,Own,45985.47,36,Business,19.13,No,North,10-25-2022,0
CR102760,25.0,Male,Widowed,Master,Employed,0.0,19397.59,685.86,0.424,548.0,15,0,0,Rent,15777.17,36,OTHER,14.63,No,Central,04-25-2023,0
CR101031,28.0,Male, Single ,Bachelor,Employed,15.9,58553.23,1212.37,0.248,819.0,3,0,No, Mortgage ,3803.42,48,Car,9.72,No,CENTRAL,2023-12-06,0
CR102730,73.0,Female,single,Master,Self-Employed,19.9,28916.0,189.08,0.078,532.0,14,1,No,Mortgage,31340.77,60,DEBT CONSOLIDATION,14.99,no,Central,2022-11-02,0
CR100753,72.0,Female,Married,Bachelor,EMPLOYED,4.2,90200.68,1471.43,0.196,492.0,4,0,Yes,Mortgage,53363.94,48, Business ,15.7,No,East,09-12-2022,1
CR103664,47.0,Male,Married,High School,Employed,0.9,20915.52,363.97,0.209,735.0,4,0,No,Rent,15678.74,12,debt consolidation,17.54,No, South ,2021-03-06,0
CR102606,48.0,Female,Married,PhD,Employed,11.3,50286.23,1355.95,0.324,,9,0, Yes ,Own,22435.48,60,Medical,17.96,No,West,29/01/2022,0
CR102172,75.0,Male,Single,High School,Retired,13.6,66127.94,2742.24,0.498,828.0,9,0,,Rent,39633.26,24,Debt Consolidation,8.44,,South,09-14-2022,0
CR101760,40.0,Female,Married,Other,Employed,6.6,30219.14,1345.61,,,18,0,No,Rent,20515.02,60, Car ,6.55,No,Central,2024-03-26,0
CR102299,69.0, Female ,Single,PhD,Employed,7.4,19848.63,279.02,0.169,471.0,12,0,No,Mortgage,40475.5,12, Home Improvement ,18.7,No,west,10-25-2021,0
CR100038,34.0,female,single,Master,Employed,5.0,53301.65,1459.31,0.329,563.0,3,0,No,Mortgage,58726.42,48,education,28.83,,East,2022-09-06,0
CR101777,27.0,Female,Single,Bachelor,EMPLOYED,4.4,33355.53,391.05,0.141,458.0,4,0,Yes,RENT,25500.23,12,education,24.76,,South,10-09-2023,0
CR100597,63.0,Female,Single,Bachelor,Employed,7.1,17977.35,89.48,0.06,750.0,14,0,No,mortgage,31396.53,48,Car,28.26,No,South,05/02/2021,0
CR100319,62.0,Female,,Master,Retired,10.5,75462.48,3374.57,0.537,303.0,4,0,,Rent,22327.79,24,Home Improvement,7.71,No,CENTRAL,15/11/2024,0
CR103849,31.0,Male,Single, High School ,Unemployed,6.0,53184.0,169.33,0.038,817.0,13,0,Yes,RENT,34363.53,36,Debt Consolidation,12.37, No , South ,03-04-2022,0
CR103637,46.0,Male,Divorced,High School,Employed,10.4,110779.19,3946.06,0.427,644.0,11,1,no,Rent,1109.74,24,Debt Consolidation,22.51, No ,West,07/10/2022,0
CR100594,36.0,Male, Divorced ,Bachelor,Employed,8.6,,1271.45,0.198,736.0,12,0,Yes,RENT,40830.34,12,Business,14.24,No,West,01-06-2021,0
CR102869,29.0,Female,SINGLE,Bachelor,Employed,8.0,34630.14,1479.3,,308.0,13,0,Yes,Mortgage,39092.72,24, Debt Consolidation ,25.2,no,North,10-10-2023,1
CR102166,36.0,Male,Married,Bachelor,EMPLOYED,10.6,54800.21,1021.68,0.224,486.0,7,0, No ,,26737.41,60,Education,13.17,No,Central,06/05/2021,0
CR104327,42.0, Male ,Married,PhD,Employed,13.8,,400.47,0.35,791.0,2,1,No,Own,2269.31,48,Debt Consolidation,20.66,No,central,09-10-2022,0
CR102510,29.0,Female,Married,High School,Self-Employed,1.0,85227.7,2459.23,0.346,548.0,17,0,No,rent,34601.39,24,Business,22.31,No,Central,02/05/2024,1
CR102954,34.0,Female,Divorced,BACHELOR,Employed,3.7,42312.43,361.0,0.102,584.0,13,1,No,Mortgage,57240.52,36,Debt Consolidation,5.95,No,Central,2023-06-02,1
CR100552,66.0,Male, Single ,Bachelor,Employed,5.8,21056.11,577.09,0.329,617.0,11,0,Y,OTHER,30469.21,12,Car,9.96,No,South,02-08-2024,1
CR100678,,Female,Widowed,Master,Employed,4.4,78005.49,2081.29,0.32,100.0,1,0,Yes,Own,42694.34,12,Debt Consolidation,27.42,, South ,02-21-2024,1
CR103838,, Female ,Single,,Self-Employed,4.5,17695.26,608.2,0.412,477.0,18,0,No,Mortgage,20622.95,36,Home Improvement,28.35,No,South,17/09/2021,0
CR102246,51.0,Female,Single,Bachelor,Employed,0.0,15937.92,685.07,0.516,802.0,6,0,No,Mortgage,30770.61,48,Debt Consolidation,11.2,no,North,29/11/2023,0
CR100864,67.0,Female,Married,High School,Employed,1.8,64688.09,2168.53,0.402,813.0,4,0,Yes,Own,57970.57,60,Car,20.71,No,South,2021-08-03,0
CR100458,66.0,MALE,SINGLE,Bachelor,Self-Employed,2.5,97187.31,3295.66,0.407,407.0,3,1,yes,mortgage,32622.56,48,Medical,14.66,No,central,05/01/2023,0
CR100746,48.0,Female,Married,,Employed,11.4,95552.1,3309.55,0.416,625.0,2,0,N,mortgage,46584.93,60,Car,23.56,No,Central,2021-07-20,0
CR101791,69.0,Female,Married,Master,Retired,3.2,39085.72,527.73,0.162,375.0,16,0,Yes,RENT,10239.22,60,Home Improvement,14.59,No,WEST,09-09-2023,0
CR102857,63.0,Female,MARRIED,Bachelor,SELF-EMPLOYED,11.6,26831.25,298.53,0.134,368.0,2,1,Y,Mortgage,15513.33,60,Business,27.82,Yes,NORTH,2024-02-27,0
CR103033,24.0,Female,married,Bachelor,Unemployed,5.4,29402.34,576.45,0.235,376.0,14,0,No,Own,57854.38,48,Other,20.18,No,Central,2021-09-18,0
CR101556,70.0,Male,Single,,Self-Employed,,32025.79,802.73,0.301,837.0,2,0,NO,mortgage,54027.18,36,Education,6.21,No,South,03-12-2022,0
CR100383,31.0,Male,Married, Master ,Self-Employed,2.8,37732.32,927.04,0.295,769.0,1,0,0,,28318.92,12,Car,7.56,No,East,01-26-2022,0
CR101963,65.0,Male,Single,Master,Employed,0.0,8113.01,153.01,0.226,530.0,9,0,No,Own,59957.68,36,Debt Consolidation,20.34,Yes,Central,15/02/2024,1
CR103212,37.0,Female,Married, Bachelor ,self-employed,5.8,28807.98,1114.6,0.464,312.0,2,1,No,Mortgage,34409.61,12, Car ,13.97,No, West ,2021-10-10,0
CR101001,60.0,Female,Married,High School,Retired,4.3,99710.97,2217.99,0.267,834.0,8,0,Y,Mortgage,10470.31,36,Debt Consolidation,23.32,No,South,01-14-2023,0
CR102957,46.0,Female,Single,Bachelor,Employed,18.0,45472.42,2024.15,,306.0,2,1,No,Own,8247.81,48,Other,15.0,No,Central,2023-02-17,0
CR102097,67.0,Female,Married,Master,Employed,8.5,48321.29,1516.7,0.377,600.0,11,0,,Mortgage,40426.69,48,Home Improvement,27.69,No,North,2023-05-18,0
CR100639,73.0,Other,Single,,Self-Employed,12.4,12162.4,96.02,0.095,807.0,19,1,No,rent,6022.62,12,Other,28.09,, West ,13/01/2023,1
CR101566,74.0,Female,Married,Master,Unemployed,4.2,26745.77,292.42,,364.0,15,0,1,MORTGAGE,4972.99,36,car,11.78,No,North,11/11/2022,1
CR102817,68.0,Female,Married,Bachelor,Retired,,20721.43,718.1,0.416,723.0,19,1,1,,8548.79,48,Medical,16.82,No, South ,19/05/2024,0
CR103694,40.0,Male,Single,Bachelor,EMPLOYED,0.3,18051.93,594.01,0.395,434.0,1,0,No,Rent,52940.98,24,Car,12.75,,Central,2023-11-07,1
CR103045,69.0,Female,Married,High School,Employed,9.4,88414.64,1771.41,0.24,,1,0,No,Rent,47687.63,24,Business,11.37,No,CENTRAL,12-07-2022,0
CR101434,36.0,Male,Married,High School,Unemployed,10.6,49258.2,438.15,0.107,429.0,12,0,No,,59263.48,60,Medical,13.03,No,North,03/05/2022,0
CR104021,20.0,Male,,Bachelor, Unemployed ,18.2,30915.21,719.19,0.279,342.0,1,1,No,Mortgage,16705.07,60,Medical,9.95,No,East,18/07/2024,1
CR102433,36.0,Female, Single ,Bachelor,Unemployed,10.1,31743.42,795.05,,643.0,15,0,No,Mortgage,56659.15,24,Other,28.16,Yes,West,11-17-2022,0
CR101737,23.0,Female,married,MASTER, Self-Employed ,9.2,50587.74,103.84,0.025,765.0,3,0,Yes,Rent,29852.93,36,Business,29.78,No,Central,2021-05-30,0
CR103632,20.0,Male,Married,Bachelor,Employed,10.3,45019.61,1769.76,0.472,351.0,3,0,NO,Rent,55633.86,60, Car ,28.58,No,South,02-12-2023,1
CR102027,73.0,Female,Single,High School,Unemployed,16.7,58029.3,2019.55,0.418,469.0,3,0,Yes,Own,34141.66,48,Business,15.7,No,East,2022-11-07,0
CR101923,43.0,Male,Married,High School,Employed,22.3,12699.08,66.99,0.063,315.0,5,0,N,Other,28923.77,60,Education,29.72,No,North,01-16-2022,0
CR101418,67.0,Male,Single,Bachelor,Retired,10.0,77162.74,1019.39,0.159,,12,2,1, Rent ,14738.85,36, Education ,24.29,No,South,02-19-2022,0
CR102824,53.0,Female,Married,High School,Self-Employed,4.0,52280.45,2145.12,0.492,,12,0,No,Own,42128.23,12,Home Improvement,26.94,,South,10-08-2021,1
CR104031,48.0,Male,Married,Bachelor,Unemployed,14.9,27326.46,206.71,0.091,846.0,1,0,No,Own,45134.52,48,Home Improvement,17.0,No,South,12/01/2021,0
CR103425,74.0,Female, Married , Bachelor ,Employed,3.1,60175.14,485.75,0.097,723.0,15,1,Yes,Own,25306.32,12,home improvement,16.85,No,east,2021-10-19,0
CR100715,64.0,Male,Divorced,High School,Employed,0.0,60552.38,1708.23,0.339,354.0,15,2,No,Rent,6542.62,48,Home Improvement,19.87, No ,North,01/08/2022,0
CR101916,34.0, Female ,Single,Bachelor,Unemployed,4.3,16098.99,210.88,0.157,736.0,8,0,NO,Rent,58557.72,24,Home Improvement,21.08,No,West,2024-11-17,0
CR100967,36.0,Male,Married,High_School,Self-Employed,1.4,33827.05,661.1,0.235,655.0,0,1,Yes,Mortgage,32175.79,12,Debt Consolidation,29.38,No,East,2024-08-28,0
CR103044,28.0,Male,Single,Bachelor,Unemployed,18.1,10708.55,212.7,0.238,592.0,16,1,No, Rent ,43949.93,60,Home Improvement,21.91,No,North,05-11-2023,0
CR104582,27.0,male,Divorced,Bachelor,Self-Employed,16.7,,169.39,0.037,,17,0,Yes,Rent,17016.35,24,Car,27.07,No,West,2022-05-23,0
CR103479,63.0,Female,Single,High School,Retired,12.2,27410.35,1133.55,0.496,818.0,11,2,No,Rent,51001.18,36,Business,7.54,No,West,2023-05-09,0
CR104369,48.0,Male,Single,Bachelor,Employed,8.1,17311.46,325.41,0.226,607.0,19,0,No,Own,7551.75,36,Other,12.21,NO,South,03/09/2021,0
CR104180,55.0,Female,Married,Bachelor,Employed,2.2,28048.06,1218.99,0.522,703.0,14,2, N ,Rent,36297.74,24,debt consolidation,27.1,No,NORTH,07-25-2023,0
CR102684,,FEMALE,Married,Master,Unemployed,0.0,54321.98,1139.16,0.252,,8,0,1,Mortgage,37963.34,36,Debt Consolidation,23.15,No,West,2022-10-23,1
CR104095,49.0,Male,Single,High School,Self-Employed,15.1,19722.39,569.97,0.347,504.0,11,0,No,Mortgage,18138.65,48,Other,11.51,No,East,01-27-2021,0
CR104353,41.0,Male,Single,Bachelor,self-employed,10.9,64994.44,1682.59,0.311,,17,2,Yes,Mortgage,38110.2,36,DEBT CONSOLIDATION,8.16, No ,North,13/07/2023,0
CR101817,32.0,Female,Married,High School,Self-Employed,17.3,23294.98,514.27,0.265,770.0,7,0,no, Mortgage ,39433.4,36,Car,21.98,NO,West,10/02/2021,0
CR100631,36.0, Female , Single ,bachelor,Self-Employed,8.6,23337.77,1057.95,0.544,533.0,7,1,no,Rent,39002.9,48,Home Improvement,14.72,no,South,2022-06-23,1
CR101474,74.0,female,Married,Master,Employed,10.5,22565.59,233.73,0.124,,8,1,No,OWN,11050.23,60,Debt Consolidation,8.75,No,Central,02/08/2021,0
CR101390,35.0,Other,Single,High School,employed,0.0,214120.93,5839.52,0.327,645.0,11,0,No,Own,1231.17,12, Car ,22.1,,Central,2023-11-17,0
CR101590,60.0,Female,Married,High School,Retired,9.3,17985.16,395.03,0.264,352.0,7,0,No,Mortgage,24590.03,60,Debt Consolidation,5.21,No,North,06-16-2021,1
CR104490,28.0,Male,Married,Master,Employed,3.8,34125.3,354.03,,732.0,19,0, No ,Mortgage,7324.11,36,Medical,12.66,Yes,EAST,12-12-2023,1
CR101157,67.0,Female,WIDOWED,bachelor,Employed,7.1,29875.97,548.09,,718.0,18,0,no,Rent,56557.44,12,Education,20.47,YES,Central,2022-08-11,0
CR102274,28.0,Male,Married,High School,EMPLOYED,1.6,34144.61,890.67,0.313,,6,0,No,Own,44665.44,36,Debt Consolidation,19.39,No,West,03-08-2024,1
CR100617,33.0,Male,Single,Master,Unemployed,10.5,58123.62,428.31,0.088,466.0,3,0,No,Mortgage,54634.54,36,Business,29.02,No,West,2023-05-25,1
CR100431,60.0,Male,,Other,Retired,11.3,90580.69,3362.04,0.445,629.0,3,1,yes,Rent,58254.27,36,Medical,26.43,No,East,06/07/2022,1
CR103616,999.0,Female,MARRIED,Master,EMPLOYED,0.0,31886.96,621.1,0.234,725.0,6,1,N,Own,6124.49,24,Car,6.52,No,South,06-10-2021,0
CR102974,19.0,Other,Married,Other,Employed,5.0,61647.24,203.89,0.04,,19,0,Yes,Rent,12920.62,12,business,16.41,No,North,26/06/2023,0
CR100127,62.0,Female, Single ,Master, Unemployed ,9.9,54571.92,2362.32,0.519,763.0,1,1,Yes,Mortgage,3105.65,24,Debt Consolidation,12.31,No,East,08-12-2023,0
CR102061,50.0,Male,Divorced,BACHELOR,unemployed,4.8,59639.41,615.84,0.124,716.0,14,2,Yes,Own,55872.21,24,Debt_Consolidation,8.75,No, North ,10-18-2022,0
CR103313,31.0,Female,Single,Bachelor,Self-Employed,4.6,38388.31,172.4,0.054,328.0,19,0,No, Own ,23864.64,48,Business,8.36,No,North,18/10/2022,0
CR100395,68.0,other,Widowed,Bachelor,Employed,3.2,55235.15,2261.83,0.491,825.0,3,1, No ,Own,38143.94,48,Medical,14.13,No,East,01/04/2023,0
CR101333,64.0,Male,Single,Bachelor,Retired,1.2,37352.62,1117.24,0.359,816.0,15,1,No, Rent ,41190.11,12,Other,28.39,No, Central ,26/02/2021,0
CR102055,39.0,male,Divorced,OTHER,Employed,13.4,59683.96,969.17,0.195,507.0,17,0,No,Rent,48302.14,12,Debt Consolidation,16.26,No,East,03/03/2022,0
CR100670,,Male,Divorced,High School,Employed,999.0,93056.9,3680.31,0.475,684.0,10,0,No,Rent,20089.83,24,Business,21.57,No,South,10-31-2022,1
CR101542,23.0,Female,Married,Bachelor,Employed,0.8,57420.7,319.98,0.067,318.0,6,0,Yes,Other,48082.29,24,Business,20.81,No,South,2024-08-31,0
CR101308,42.0,Male,Single,BACHELOR, Employed ,0.0,19793.84,186.25,0.113,810.0,0,0,Y,Rent,12354.73,48,Debt_Consolidation,28.1,no,East,18/07/2023,0
CR101511,31.0,male,Married, High School ,RETIRED,8.5,35033.78,150.22,0.051,490.0,6,0,No,Mortgage,31311.68,60,Business,7.25, No ,Central,16/05/2024,0
CR102778,40.0,Female, Single ,Other,Self-Employed,2.8,104063.55,1075.82,0.124,548.0,4,1, No ,Mortgage,21821.85,60,DEBT CONSOLIDATION,18.03,No,East,2024-11-27,1
CR101890,28.0,Male,Married,Master,Employed,3.9,30290.72,979.18,0.388,595.0,8,2,Y,own,53175.21,48,Debt_Consolidation,20.74,No,EAST,18/09/2024,1
CR103801,51.0,Male,Single,High School,Employed,2.1,13902.42,507.63,0.438,508.0,10,2,Yes, Rent ,58218.9,60,DEBT CONSOLIDATION,9.73,NO,EAST,2022-09-04,0
CR103718,57.0,Male, Married ,bachelor,EMPLOYED,15.3,51077.83,1116.18,0.262,825.0,13,0,No,Rent,21187.72,12,Debt Consolidation,12.05,No,South,2022-05-08,0
CR102622,24.0,Female,Married,Bachelor,EMPLOYED,3.2,18320.0,710.36,0.465,500.0,17,1,No,rent,47482.42,60,Debt Consolidation,14.37,No,East,2024-08-12,0
CR101181,71.0,Female,Married,Bachelor,Employed,3.5,54565.44,674.36,0.148,404.0,9,0,No,Own,57695.72,12,Education,20.09,No, Central ,06-26-2023,0
CR100460,59.0,Female,,Bachelor,Employed,14.9,31739.57,427.03,0.161,832.0,8,0,No,Other,59003.14,36,Debt Consolidation,4.74,Yes,Central,02/04/2022,0
CR104078,32.0,Male,Married,HIGH SCHOOL,Employed,12.1,26226.43,1157.8,0.53,546.0,12,0, No ,Own,34014.01,60,Debt Consolidation,12.59,No,East,19/07/2023,0
CR103183,21.0,Male,, High School ,employed,18.2,28616.55,1264.39,0.53,415.0,16,2,No,Rent,5573.53,12, Debt Consolidation ,20.48,Yes,East,2023-01-29,1
CR102912,45.0, Female ,Divorced, High School ,Retired,13.7,45854.61,2080.26,0.544,820.0,6,0,No, Mortgage ,37250.81,60,Medical,27.63,No,East,12-14-2024,0
CR100735,,Male,MARRIED,high school,Self-Employed,0.0,50924.53,2063.19,0.486,612.0,5,2,No,Own,26113.24,60,Debt Consolidation,6.45,No,East,2023-07-19,0
CR102440,39.0,FEMALE,Married,master,EMPLOYED,2.6,114881.3,1118.33,0.117,338.0,14,0,N,Rent,57504.92,36,Debt Consolidation,16.74,No,SOUTH,2022-05-16,1
CR101786,29.0,Female,,High_School,Self-Employed,4.7,70689.9,1619.41,0.275,786.0,7,0, No ,Rent,13753.23,48,Car,5.78,Yes,South,21/07/2023,0
CR102157,54.0,OTHER,Single,High School,Employed,8.8,66309.9,2163.44,0.392,532.0,13,0,Yes,Rent,3488.6,48, Other ,12.19,Yes,West,2022-05-10,1
CR100662,20.0,MALE,Married,Bachelor,EMPLOYED,10.5,71403.14,185.69,0.031,831.0,5,0,,Rent,38080.25,60,Other,26.73,Yes,South,2022-01-01,0
CR100171,23.0,Female,Married,High School,Self-Employed,8.8,96988.54,1018.95,0.126,312.0,1,0,1,Rent,44793.5,12,Car,15.81,yes,south,12-20-2021,1
CR103673,,Male,Married,MASTER,Employed,10.0,17741.03,253.72,0.172,590.0,3,1,,Own,52173.67,24, Car ,20.52,No, West ,29/05/2022,0
CR101611,26.0,Male,Divorced,bachelor,employed,12.7,66195.18,121.09,0.022,369.0,13,0,Yes,Mortgage,40122.35,24,Business,16.93,No,South,2023-02-24,1
CR102451,69.0,Male,Widowed,Bachelor,Self-Employed,7.4,43365.7,371.12,0.103,724.0,15,0,Yes,Mortgage,49560.22,60,Debt Consolidation,11.33, No ,South,09/06/2023,0
CR100769,39.0,Female,Married,Master,Employed,6.8,40484.72,1705.68,0.506,378.0,4,0,Yes,Rent,13232.75,48,Other,22.21,NO,West,31/10/2024,1
CR101819,35.0,Female,Married,High School,Employed,13.4,53022.46,1724.15,0.39,,10,1,yes,Rent,10266.98,36,Debt Consolidation,24.25,no,North,2022-09-30,0
CR100378,40.0,female,MARRIED,High School,Unemployed,1.5,32512.43,714.94,0.264,558.0,18,1,No,Other,4622.64,36,Other,9.25,No,SOUTH,2021-03-14,0
CR102857,63.0,Female,MARRIED,Bachelor,SELF-EMPLOYED,11.6,26831.25,298.53,0.134,368.0,2,1,Y,Mortgage,15513.33,60,Business,27.82,Yes,NORTH,2024-02-27,0
CR102706,58.0, Female ,Divorced,Master,Self-Employed,11.8,113358.57,2543.77,0.269,,2,2,No,Mortgage,58293.74,12,Debt Consolidation,17.77,Yes,Central,02-14-2024,1
CR103306,33.0, Male ,Single,Bachelor,Employed,10.0,26237.58,1152.07,0.527,517.0,16,0,No,Mortgage,52852.45,60,Education,29.7,No,West,16/04/2021,0
CR100657,54.0,Female,SINGLE,Bachelor,Employed,12.0,85666.88,1231.34,0.172,831.0,15,0,No,mortgage,13009.54,60, Home Improvement ,18.59,No,West,28/06/2023,0
CR100665,58.0,Female,,High School,Employed,7.8,45636.98,1146.72,0.302,439.0,9,0,No,Own,55565.01,12,Medical,17.47, No ,East,02/07/2022,1
CR102679,39.0,Female, Single ,PhD,Employed,,33798.43,1196.81,0.425,626.0,5,0, No ,Rent,11565.05,12,Debt Consolidation,29.05,No,South,22/05/2024,1
CR103461,72.0,Female,MARRIED,BACHELOR,Employed,10.4,21960.71,306.3,0.167,607.0,2,0,yes,Mortgage,49458.11,12,medical,5.17,No,West,06/11/2024,0
CR102542,73.0,Female,Widowed,Bachelor,Employed,12.0,,1002.26,0.325,559.0,6,0,No,Mortgage,49597.18,48,Debt Consolidation,8.48,no,East,10-04-2021,1
CR102017,60.0,Female,Divorced,,Employed,0.0,116531.94,1799.18,0.185,455.0,8,1,No,,14851.19,12,Debt Consolidation,15.61,No,North,11-20-2023,0
CR103008,54.0,female,Single,High School,Employed,11.3,40288.12,882.43,0.263,551.0,11,0,No,rent,50771.23,12,business,26.88,No,West,2023-05-12,0
CR103478,41.0,MALE,Divorced,Bachelor,Employed,12.4,47213.6,1704.84,,341.0,17,0,NO,Other,11838.06,60,Home Improvement,14.45, No ,North,12/06/2024,1
CR100923,26.0,Female,Single, High School ,Retired,13.7,41736.18,905.43,0.26,749.0,18,0,Yes,Rent,34793.61,36, Car ,5.62,No,South,06/11/2021,0
CR103657,,Female,Single,High School, Employed ,5.7,31015.24,1109.45,0.429,525.0,0,1,Yes,,11927.99,48,Debt Consolidation,6.9,No,South,31/08/2024,0
CR100162,41.0,female,Married,Master, Self-Employed ,13.4,63655.11,1247.68,,719.0,7,0,No,Rent,7022.53,48,education,12.27,No,North,2022-03-11,0
CR102579,50.0,MALE,MARRIED,,Self-Employed,15.2,15672.97,593.07,0.454,757.0,19,0,Yes,Mortgage,11052.43,36,CAR,15.57, No ,South,10/10/2021,0
CR103954,52.0,MALE,Single,Bachelor,Employed,6.8,28434.39,688.02,0.29,823.0,17,0,1,Mortgage,12545.55,36,Business,13.6,No,North,2024-10-03,0
CR102764,29.0,Female,Divorced,Bachelor,employed,3.3,8000.0,125.9,0.189,778.0,15,1,No,Own,28771.16,48,Debt Consolidation,22.93,Yes,South,08/05/2021,0
CR102681,23.0,Male,Single,,Employed,3.4,33329.2,1082.78,0.39,759.0,13,1, 0 , Rent ,13553.1,12,Home Improvement,26.37,No,Central,11-16-2022,0
CR101988,30.0, Female ,single,Bachelor, Self-Employed ,4.7,21251.78,580.04,0.328,684.0,15,2,No,,38451.09,36,medical,8.41,No,East,11/07/2023,0
CR103672,52.0,Female,Married,Bachelor,Unemployed,0.0,37541.42,1268.46,0.405,556.0,5,0,No,Rent,53479.3,60,debt consolidation,26.61,No,East,2023-01-21,0
CR100668,71.0, Female ,Single,Bachelor,Self-Employed,8.4,19721.53,840.18,,695.0,10,1,Yes,Mortgage,43459.46,36,DEBT CONSOLIDATION,5.25,,North,30/04/2023,0
CR103092,59.0,Female,divorced,Master,Employed,9.5,44115.09,1039.54,0.283,558.0,7,0,No,mortgage,16984.45,60,Car,13.33, Yes ,North,2022-04-15,0
CR103685,26.0,FEMALE,DIVORCED,Master,Self-Employed,,14328.92,342.44,0.287,367.0,18,0,Yes,,6572.86,24,Home_Improvement,17.34,,South,2022-05-15,1
CR103554,42.0,Female,Married,Bachelor,Employed,8.5,91174.64,3715.43,0.489,635.0,7,1,No,Mortgage,6809.87,12,DEBT CONSOLIDATION,17.13, No ,North,03-15-2021,0
CR100816,20.0,Female,Single,Master,Unemployed,9.0,26404.21,789.88,0.359,418.0,18,0,yes,MORTGAGE,59302.07,12,Home Improvement,23.68,No,South,2023-05-06,1
CR103796,57.0,Female,Single,bachelor,Employed,11.7,66079.84,2695.05,,762.0,14,2,No,Rent,29646.68,60,Business,11.04,No,North,05-31-2024,0
CR102100,70.0,Female,DIVORCED,Master, Employed ,18.2,13099.93,307.63,0.282,661.0,13,0,no,Own,3123.84,60,Home Improvement,4.9,No,North,05-25-2021,0
CR101238,35.0,Female,Single,Master,RETIRED,4.8,20437.18,376.54,0.221,406.0,10,0,No,Rent,32023.09,60,Debt Consolidation,24.51,NO, East ,2024-10-19,1
CR101579,52.0,Female,Married,HIGH SCHOOL, Retired ,8.1,55572.51,474.32,,546.0,5,0,yes,Mortgage,45728.93,24,Debt Consolidation,6.81,No,Central,2024-08-25,0
CR100448,48.0,male,single,MASTER,Self-Employed,2.4,33511.55,631.87,0.226,715.0,1,0,No,Rent,18701.37,36,Home Improvement,13.55,No,North,16/08/2022,0
CR102123,53.0,Male,,MASTER,Self-Employed,0.2,24795.24,193.7,0.094,510.0,17,1,No,Mortgage,16756.25,24,Car,7.57,Yes,Central,01-28-2021,1
CR101782,19.0,Female,Married,BACHELOR,Self-Employed,,18623.91,460.93,0.297,817.0,4,1,No,MORTGAGE,7275.64,12,Debt Consolidation,25.59,Yes, South ,09/08/2021,0
CR103585,30.0,Female,SINGLE,High School,Unemployed,12.1,38354.6,797.67,0.25,544.0,8,0,No,Mortgage,33283.13,36,Car,13.7,Yes,East,10/08/2024,0
CR102994,62.0,Male,Married,bachelor,Self-Employed,1.0,34994.81,1401.9,0.481,637.0,10,0,Y,Mortgage,30049.12,36,MEDICAL,16.29,No,South,02/04/2024,1
CR100179,47.0,Female,Single,Master,Self-Employed,0.5,21947.46,534.88,0.292,343.0,13,0,Yes,Rent,13108.2,60,Business,22.9,No, Central ,07/02/2022,0
CR100870,44.0,FEMALE,Single,Master,Self-Employed,2.7,35306.62,1029.16,0.35,597.0,14,0,No,Mortgage,59818.21,24,Education,12.17,No,South,2023-09-01,1
CR104485,,Female,single,High School,Employed,8.8,24360.91,211.25,,688.0,19,1,No,Rent,8016.05,12, Home Improvement ,5.14,, North ,07-04-2022,0
CR101056,44.0,Male,Divorced,High_School, Unemployed ,,68209.0,894.55,0.157,645.0,6,1,Yes,Rent,7541.9,36,Education,16.54,no,West,27/03/2024,0
CR102128,21.0,Female, Single ,Master,EMPLOYED,13.6,24981.8,1097.42,0.527,349.0,16,1,No,Own,21281.01,24,Debt Consolidation,23.33,No,West,2024-09-01,1
CR100976,23.0,male,WIDOWED,High School,unemployed,4.9,41498.99,1463.38,0.423,800.0,10,0,No,Rent,21726.59,48,Other,7.04,No,West,2023-02-20,0
CR100185,43.0,Female,MARRIED,High_School,Employed,9.6,38505.61,1011.22,0.315,376.0,9,1,No,mortgage,30195.64,48,Debt Consolidation,28.36, No ,North,11/10/2024,1
CR104591,20.0,FEMALE,Single,PhD,Self-Employed,7.5,84303.61,2296.13,0.327,834.0,7,3,Yes,Other,5280.29,12,Car,16.86,NO,Central,11-10-2024,0
CR101861,,FEMALE,Single,High School,Self-Employed,12.1,65519.65,1425.13,0.261,487.0,11,0,yes,Rent,42204.62,12,Business,6.38,No,North,2023-07-09,1
CR104368,71.0,Male,Divorced,Bachelor,Employed,2.9,37726.36,181.75,0.058,595.0,18,1,yes,Own,23986.76,36,Debt Consolidation,11.1,No,North,2023-09-12,0
CR102848,34.0,Female,Single,Bachelor,Employed,16.1,35036.07,182.11,0.062,830.0,13,0,No,Other,34745.13,48,Home Improvement,25.0,No,West,20/09/2023,0
CR103556,58.0,Female,Single,Bachelor,Self-Employed,5.8,33972.17,1454.76,0.514,321.0,8,0,Y,Mortgage,16270.11,60,Business,28.76,No,South,2022-08-25,0
CR102093,29.0,Female,Divorced,High School,Unemployed,2.2,48278.71,2136.84,0.531,696.0,6,0,no,,21536.83,60,Debt Consolidation,24.04,NO,EAST,26/04/2024,1
CR103383,70.0,male,,bachelor,Employed,6.8,38515.71,961.95,0.3,684.0,6,0,Yes,Rent,2621.47,12,DEBT CONSOLIDATION,5.91,No,West,12/09/2022,0
CR103650,24.0,Female, Married ,Bachelor,Employed,10.3,31522.52,903.08,0.344,545.0,18,2,NO,Rent,37951.53,12,Debt Consolidation,12.89,No,West,2023-12-01,0
CR102238,45.0,Other,Single,Bachelor,Employed,3.9,49279.41,2008.48,0.489,795.0,9,0,No,Own,33225.9,60,Car,11.15,No,South,09-02-2024,1
CR100642,67.0,Male,Single,high school,Retired,,42252.75,1708.62,0.485,475.0,14,2,No,Mortgage,59022.63,36,Home Improvement,21.0,,South,23/02/2022,1
CR103533,75.0,Female,Married,Master,Self-Employed,4.7,29547.2,714.79,0.29,492.0,5,1,No,Rent,41802.9,24,Other,20.93, No ,East,21/09/2022,0
CR101364,50.0,Male,Single,Bachelor,Employed,16.2,37853.16,547.54,0.174,518.0,8,1,Yes,Mortgage,5607.73,48, Debt Consolidation ,14.66, No ,Central,10/06/2022,0
CR102834,40.0,Male, Married ,High School,Employed,13.4,16755.18,340.31,,806.0,6,0,,MORTGAGE,57830.54,12,Debt Consolidation,9.96,No, East ,2024-08-15,0
CR100611,44.0,Female,SINGLE,Master,Employed,11.4,53213.77,985.58,0.222,546.0,2,0,1,MORTGAGE,7260.49,60,Education,7.77,No,Central,2023-01-26,0
CR100321,24.0,Female,Divorced,bachelor,Unemployed,3.0,27573.83,928.68,0.404,328.0,11,0,Yes,,4772.07,36,Car,27.55,No,Central,2023-04-24,0
CR103756,54.0, Male ,single,Master,Employed,8.9,23040.36,136.91,0.071,720.0,12,0,No,mortgage,5352.34,12,Debt Consolidation,5.95,Yes,South,30/10/2024,0
CR103725,75.0,Male,Married,High School, Self-Employed ,3.5,54638.41,253.11,0.056,343.0,8,0,Yes,Rent,41340.29,60,Education,23.76,No,Central,03-07-2024,1
CR103708,46.0,Male,Single,Bachelor,Self-Employed,,40398.42,881.45,0.262,767.0,13,0,No,Rent,21568.34,36,Car,20.28,Yes,Central,2023-11-04,0
CR103903,18.0,Male,Married,,Employed,9.1,33365.7,479.04,0.172,,15,0,Yes,Own,50242.67,24,Home Improvement,15.18,No,Central,16/02/2021,0
CR102438,66.0,Female,SINGLE,PhD,employed,11.3,54609.97,2238.51,0.492,,15,1,No,Own,10662.35,60,education,27.58,No,South,11-30-2021,0
CR102159,37.0,FEMALE,Single,High School,employed,18.9,17038.1,388.87,0.274,821.0,2,0,No,Own,23521.41,48, Car ,21.71,No,CENTRAL,19/12/2021,0
CR103361,61.0, Female ,Widowed,High School,Unemployed,2.4,60908.78,1214.8,0.239,361.0,17,0,Yes,Mortgage,18226.26,12,Other,8.11,NO,North,05-11-2022,1
CR104040,37.0,Female,Widowed, Bachelor ,Employed,8.2,62155.53,1712.24,0.331,536.0,13,1, Yes ,Rent,46745.82,36,Home Improvement,24.36,no,South,02-28-2021,0
CR100444,47.0,Male,Single,Master,Employed,11.9,26172.94,867.16,0.398,771.0,11,3,Yes,Rent,32485.33,48,HOME IMPROVEMENT,24.13,No,WEST,11/03/2024,1
CR104455,21.0,Female,Single,MASTER,SELF-EMPLOYED,8.2,58408.73,152.39,0.031,545.0,0,0,Yes,Own,48101.88,36,Other,5.28,No,WEST,10-09-2021,0
CR101513,37.0,Male,married,Bachelor,Self-Employed,18.8,40132.65,1361.96,0.407,753.0,11,0,No,Rent,54397.61,48,debt consolidation,28.29,No, East ,11-12-2023,0
CR102896,56.0,MALE, Single ,Bachelor,Employed,14.7,36355.19,705.55,0.233,763.0,12,0,No,Own,14692.0,24,Business,18.92,,East,11-02-2024,0
CR102741,23.0,Male, Divorced ,High_School, Unemployed ,20.1,74419.87,196.3,0.032,721.0,0,0,N,Own,35080.76,24,Education,16.5,No,East,2023-04-30,0
CR103059,33.0,Female,Single,bachelor,Employed,6.0,24315.32,765.41,0.378,402.0,17,0,Yes,Mortgage,13856.41,48,Debt Consolidation,15.82,No,north,2023-03-21,0
CR100285,72.0,Male,Single,Bachelor,Employed,7.5,37976.09,742.14,0.235,682.0,19,1,No,MORTGAGE,36957.25,36,debt consolidation,27.38,No,South,01-10-2023,0
CR102409,19.0,Female,Single,Bachelor,Retired,14.1,81111.77,401.96,0.059,578.0,7,0,No,Own,10685.15,48,Debt Consolidation,9.33,,SOUTH,17/09/2022,0
CR101193,58.0,Female,Divorced,high school,Unemployed,8.1,10867.91,322.58,0.356,336.0,12,0,Yes,Own,23631.1,24,Education,14.47, No ,West,2023-06-22,1
CR103688,74.0,Female,Single,Master,Employed,3.5,28238.95,320.7,0.136,641.0,2,1,0,Mortgage,17030.63,48,Medical,13.46,no,Central,20/03/2023,0
CR103145,50.0,Male,Widowed, Master ,Employed,5.7,29126.17,326.58,0.135,697.0,18,0,Yes, Mortgage ,57422.55,12,Debt Consolidation,10.66,No,CENTRAL,2022-09-09,0
CR103710,38.0,male,Widowed,High School,Self-Employed,0.0,19015.81,604.78,,702.0,4,1,N,Own,51614.36,60,Debt Consolidation,6.64,No,Central,10-31-2021,0
CR100664,,MALE,Single,High School,Employed,5.5,77508.38,1725.63,0.267,,4,0,Yes,Own,25571.33,48,Education,15.34,Yes,West,2024-03-22,0
CR100789,18.0,MALE,Married,Bachelor,Employed,0.0,34915.66,301.6,0.104,709.0,15,0,0,rent,31996.16,12,EDUCATION,9.33,No,South,2024-05-07,0
CR101063,58.0,Female,Single,Bachelor,Employed,17.8,35318.74,925.97,0.315,692.0,6,1,Y,Rent,38754.1,24,Other,8.45,No,east,06/03/2023,1
CR103039,,Male,Married,PhD,Self-Employed,6.3,73940.59,1188.93,,624.0,18,2,0,,14952.31,48,OTHER,25.86,No,South,02/12/2021,0
CR103659,46.0,Female, Single ,Master,Self-Employed,0.0,18164.76,210.28,0.139,394.0,18,0,No,Mortgage,15886.83,48,Car,20.95,No,East,07/07/2021,0
CR102228,34.0,Male,Single,Bachelor,Employed,6.6,23384.42,356.06,0.183,548.0,9,1,Yes,Mortgage,24794.41,12,Debt_Consolidation,7.81,,south,2021-12-02,0
CR101095,22.0, Female ,Married,Bachelor,Unemployed,19.4,74196.11,2812.89,0.455,642.0,0,1,,Own,52402.98,12,Debt_Consolidation,5.12,No,North,2023-01-11,0
CR101686,42.0,Male,,bachelor,Employed,2.1,38723.67,505.76,0.157,685.0,3,1,No,Rent,1944.44,48,BUSINESS,25.18,No,EAST,06-24-2022,0
CR100338,29.0,Female,Divorced,Other,Employed,7.8,53612.7,715.58,0.16,384.0,1,0,Yes,Own,14386.4,48,Education,25.4,Yes,Central,05/08/2024,1
CR102672,67.0,Female,Married,PhD,Employed,21.4,40469.44,1633.14,0.484,781.0,0,0,No,Other,22958.25,12,home improvement,26.76,No,West,2022-01-14,0
CR103924,55.0,Female,Married,,Unemployed,5.3,39695.8,1643.32,0.497,847.0,19,0,No,Rent,15088.86,60, Education ,26.63, No ,Central,2023-08-08,0
CR102631,57.0,Other,Single,High School,EMPLOYED,15.0,8000.0,311.5,0.467,379.0,2,1,Y,Rent,35010.77,36,Education,27.52,No,south,21/07/2023,1
CR104538,,MALE,Married,Bachelor,Employed,18.8,86011.57,641.4,0.089,626.0,18,1,0,Mortgage,7731.38,12,Home Improvement,15.18,NO,East,13/02/2024,0
CR102521,,Male,Single,Master,Employed,5.3,,716.05,0.158,420.0,10,0,Yes,Own,8568.28,24, Business ,19.06,No,West,18/06/2024,1
CR103705,47.0,MALE,Single,Master,Employed,,17360.15,713.68,0.493,572.0,14,0,No,Mortgage,17878.68,12,Car,27.83,No,South,2024-02-07,0
CR104341,42.0,Female,Single,OTHER,employed,,17556.85,148.9,0.102,656.0,14,0, Yes ,Rent,7312.04,48,Medical,17.29,No,central,2024-05-01,0
CR103500,21.0,Female,Married,Master,Unemployed,8.2,433925.81933495175,3991.2,2.3602907628387184,,14,1,,Rent,57768.14,60,Other,6.15,No,West,07-20-2022,1
CR100749,27.0,Other,Single,High School,Self-Employed,2.9,47500.52,750.16,0.19,614.0,8,1,Yes,,20278.81,48,Car,22.24,No,NORTH,01/08/2024,0
CR103772,48.0,OTHER, Married ,PhD,Self-Employed,11.4,20178.78,51.84,0.031,344.0,9,1,Yes,Own,2348.98,24,Debt Consolidation,14.82,No,NORTH,21/07/2022,0
CR103751,64.0,Male,married,Bachelor,Employed,0.0,20432.34,694.34,0.408,539.0,10,0,No,Rent,35024.53,60,Education,9.81,No,North,01-31-2022,0
CR100673,23.0,male,Divorced,High School, Employed ,8.4,51391.69,2281.74,0.533,850.0,12,1,No,Mortgage,7441.03,12,Car,5.86,No,Central,2023-09-20,1
CR101260,33.0,Male,Married,Bachelor,Retired,,66284.85,1991.29,0.36,429.0,17,1,Yes,OWN,54563.04,48,Home Improvement,4.59,,WEST,25/08/2022,1
CR102461,30.0,Female,divorced,master,Retired,14.4,27012.78,223.42,0.099,465.0,13,0,Yes,,6819.85,60,Home Improvement,26.7,no,East,2023-12-24,0
CR104546,52.0,Female,Married,High School, Employed ,10.5,20932.3,845.41,0.485,689.0,18,0,,RENT,6692.72,24,Business,10.75,no,West,05-23-2022,0
CR100118,32.0,Other,,master,Employed,4.3,24012.13,146.12,0.073,589.0,3,0,Yes,Rent,6224.3,12,Home Improvement,14.84,YES,West,01-17-2023,0
CR101004,25.0,Male,Single,Master,Employed,6.8,52966.17,2383.72,0.54,,7,0,no,Mortgage,43181.04,48,Business,24.73,no,Central,01/10/2024,1
CR102235,63.0, Female ,Single,Bachelor,Employed,7.8,88576.5,3703.92,0.502,313.0,9,0,Yes,Other,28761.24,36,Car,21.96,No,north,08-23-2021,0
CR104548,48.0,Female,Single,High School,Self-Employed,12.2,50351.44,1214.59,0.289,628.0,16,1,1,Own,25665.96,48,Business,16.04,No, South ,22/09/2023,0
CR103443,30.0,MALE,Single,Master,Employed,6.9,42531.72,1424.69,0.402,574.0,6,0,No,Rent,48430.23,36,Education,16.93,No,Central,01-07-2024,1
CR104165,57.0,Female,MARRIED,Bachelor,Self-Employed,2.7,33624.75,246.64,0.088,394.0,5,1,0, Rent ,55203.21,12,Debt Consolidation,24.04,Yes,Central,2021-10-30,1
CR101956,48.0,Male,Single,Master, Employed ,0.6,28389.92,203.45,0.086,471.0,16,0,No,,44129.31,48,business,22.27,no,NORTH,08-24-2021,1
CR100636,31.0,Male,Divorced,High School,employed,2.0,30825.55,685.87,0.267,564.0,10,1,Yes,rent,23565.01,48,Debt Consolidation,15.57,,North,20/11/2022,0
CR100844,18.0,Male,Married,PHD,Employed,11.1,103481.55,941.7,0.109,,1,0,No,Mortgage,27684.57,60,Other,14.42,No,West,25/06/2021,0
CR101675,75.0,Male,Married,Master,Employed,8.8,50625.86,593.83,0.141,613.0,1,1,Yes,Mortgage,58881.7,48,Car,8.39,No,South,10-22-2024,0
CR104501,48.0,male,Single,Bachelor,Self-Employed,2.0,12785.87,188.33,0.177,679.0,8,1,No,OWN,44369.46,24,Car,21.88,No,Central,11/12/2024,1
CR102351,61.0, Male ,Married,Master,Employed,0.0,15400.1,90.53,0.071,,2,0,Yes, Mortgage ,44659.36,12,Home Improvement,19.81,No,south,2024-11-04,1
CR102223,42.0,Male,Married,master,Employed,0.0,17118.68,414.61,0.291,507.0,10,2,Yes,Rent,8332.19,12,Business,19.55,No,South,2024-04-28,0
CR102619,72.0,Male,Widowed,High School,Employed,8.9,30805.86,1110.69,0.433,641.0,0,0,N,Mortgage,34172.3,36,Car,23.93,Yes,East,2022-04-25,1
CR102930,,Male,Single,High School,Employed,9.1,46034.92,1676.91,0.437,355.0,10,0,Yes,Other,16706.4,12,Medical,29.56, No ,West,23/10/2024,1
CR103085,38.0, Male ,widowed,Bachelor,Unemployed,,20247.91,389.74,0.231,353.0,12,0,1,Other,22717.42,60,Debt Consolidation,24.53,No,north,07-02-2023,0
CR102371,65.0, Female ,Single,Bachelor,Retired,11.8,11796.42,124.2,0.126,380.0,15,0,No,Own,46191.19,24,Medical,7.36,No,Central,06-12-2024,0
CR101788,45.0,Male,Married,BACHELOR, Self-Employed ,3.8,29295.89,272.67,0.112,820.0,13,0,No,Mortgage,59849.27,24,Business,21.94,NO,central,2022-07-09,0
CR100354,74.0,Male,,Master,unemployed,15.5,19377.61,834.09,0.517,515.0,12,2,Yes,Mortgage,57281.84,60,Other,29.27,NO,Central,28/04/2022,0
CR102552,30.0,Female, Single ,Bachelor,Retired,0.0,30521.86,475.79,0.187,331.0,12,0,No,Rent,52201.01,12,Business,24.37,No,South,12-20-2023,1
CR103731,67.0,Male,Single,High_School,Unemployed,8.9,65951.74,525.32,0.096,804.0,4,0,No,Mortgage,42190.21,48, Medical ,18.64,No,North,2022-04-21,0
CR102937,59.0,Male,Married,bachelor,Employed,4.8,22922.59,772.35,0.404,778.0,6,1, 1 , Rent ,38586.73,60,Other,8.0,no,Central,05-12-2022,1
CR103498,25.0,FEMALE,Single,Master,Self-Employed,4.9,24107.71,833.41,0.415,832.0,9,1, Yes ,Rent,42593.28,60,Car,26.4,,Central,01-05-2022,0
CR101871,29.0,female,Married,,Employed,4.8,52354.06,1600.81,0.367,490.0,18,0,NO,Rent,40949.28,12,Debt Consolidation,15.19,No,South,29/03/2024,0
CR102639,67.0, Male ,SINGLE,,Employed,6.6,32451.79,942.82,0.349,,5,0,No,,49463.73,36,Education,21.86,No,South,24/07/2023,0
CR103957,60.0,Male,MARRIED,Bachelor,Employed,0.6,43757.88,1828.79,0.502,658.0,9,0, Yes ,Rent,7900.6,48,Debt_Consolidation,5.96,No,East,08/06/2024,0
CR101322,49.0,Male,Divorced,High School,Unemployed,6.7,53046.53,2235.26,0.506,538.0,6,0,,Own,35522.77,60,Debt Consolidation,9.59, No ,Central,07-13-2023,0
CR100490,72.0,Female,Single,master, Employed ,3.7,29629.45,928.02,0.376,694.0,14,1,Yes,Rent,24867.73,36,Car,7.27,No,West,07/08/2023,1
CR102124,61.0,Male,single,Bachelor,SELF-EMPLOYED,16.9,40519.6,671.2,,812.0,16,0,No,Mortgage,22894.05,60,Education,28.7,No,South,13/12/2022,0
CR100791,44.0,Female,,Bachelor,Self-Employed,0.0,43012.38,857.72,,501.0,6,0,No,Own,37567.46,48,Other,18.23,NO,east,03-25-2022,0
CR100757,40.0, Male ,Widowed,Bachelor,Employed,16.8,18383.87,600.0,0.392,364.0,2,0,No,Other,32352.62,24,BUSINESS,17.77,NO,North,2024-01-09,0
CR104086,, Female ,Single,HIGH SCHOOL,Employed,1.4,11859.09,438.85,0.444,450.0,0,0,No,Mortgage,22916.25,48,Medical,5.59,,CENTRAL,12-19-2022,1
CR103447,50.0,Female,Widowed,Other,unemployed,0.0,28023.83,1085.74,0.465,316.0,19,0,Yes,Rent,22009.02,36,Car,24.7,,East,2023-08-07,0
CR102800,63.0,Male,Married,master,Retired,6.7,81318.87,786.36,0.116,568.0,17,1,No,Rent,57468.3,24,Business,12.3,No,South,2021-12-08,1
CR103115,46.0,Male,Married,Bachelor,Employed,3.2,18311.35,824.9,0.541,450.0,15,0,y,Other,7288.36,48,Debt Consolidation,15.05,No,Central,30/10/2023,1
CR101545,52.0,Male,Married,Master,Employed,0.0,99439.28,362.03,0.044,,4,0,No,,33768.81,60,Medical,25.22,No,East,15/08/2021,0
CR103300,,Female,Married,Bachelor,Retired,0.8,62179.41,1778.77,0.343,413.0,19,0,No,own,47763.76,60,Other,6.06,No,East,04-05-2021,0
CR102295,64.0,FEMALE,WIDOWED,master,SELF-EMPLOYED,5.6,14101.55,495.29,0.421,544.0,0,0,0,Own,10516.21,48,Car,20.74,No,West,05-29-2021,0
CR102788,18.0,Male,Married,high school,Employed,21.3,32671.18,860.35,0.316,496.0,11,2,NO,Mortgage,9878.18,12,Home Improvement,14.07,No,North,01-01-2023,0
CR102342,49.0,Female,Single,High School,Self-Employed,14.0,67158.72,1622.55,0.29,848.0,19,0,Yes,Rent,25885.66,12,debt consolidation,23.78,No,west,09/09/2024,0
CR102715,44.0,Male,married,BACHELOR,Employed,0.0,39607.48,825.15,0.25,649.0,6,0,NO,Own,55019.95,24,EDUCATION,21.75,No,South,18/12/2021,0
CR103347,25.0,Female,Single,High School,Employed,8.9,24970.95,72.93,0.035,371.0,5,0,Y, Mortgage ,10960.89,24,Car,24.37,No,east,11-17-2022,1
CR101218,64.0,Female,Single,Master,Employed,5.6,29511.67,652.49,0.265,461.0,14,0,No,Rent,52983.63,36,Other,19.69,Yes,West,27/09/2022,1
CR101604,25.0,Female, Divorced ,Bachelor,Employed,11.0,18758.02,377.91,,641.0,10,2,,Rent,11393.71,48, Education ,7.24,No,South,02-12-2022,0
CR103392,64.0,Male,Married,high school,Employed,12.3,29934.6,963.18,0.386,476.0,6,0,Yes,Rent,40972.19,36, Other ,17.28,No,North,2022-10-27,0
CR102285,66.0,MALE, Single ,Bachelor, Employed ,0.0,63298.77,2788.89,0.529,841.0,10,1,No,Rent,40432.96,60,Medical,16.26,No,Central,2022-03-29,0
CR100003,43.0,Other, Single ,Master,Self-Employed,10.7,16874.07,747.58,0.532,314.0,0,0,Yes,Mortgage,3062.07,24,business,27.76,No,South,05-10-2021,1
CR101171,54.0,Female,Widowed,,Employed,,101938.66,3368.58,0.397,620.0,17,1,Yes,Rent,27546.06,48,Education,12.6,no,South,08/06/2024,0
CR102535,74.0,Female,Single,Bachelor,Employed,11.1,32514.61,614.32,0.227,823.0,0,1,No, Own ,16249.69,48,Car,14.01,No,South,30/06/2022,0
CR102162,41.0,Female,Single,,Self-Employed,6.5,41492.54,1589.5,0.46,765.0,8,0,Yes,Mortgage,24379.39,60,Medical,28.79,No,West,26/03/2022,0
CR100238,35.0,Female,Married,Bachelor,Employed,0.0,33952.95,861.98,0.305,,18,0,N,Own,5824.99,24,Debt Consolidation,14.2,No,east,16/04/2021,1
CR101688,72.0,Male, Single ,Master,Unemployed,9.9,133249.94,344.3,0.031,477.0,14,0,N,Other,14802.31,24,Debt Consolidation,8.44,No,north,08-01-2023,0
CR103742,72.0,Male,Single,High School,Unemployed,0.5,14400.16,327.27,0.273,593.0,1,1,No,Rent,30276.11,48, Debt Consolidation ,11.87,,North,17/09/2024,1
CR104143,,Female,Single,Master,Retired,0.0,58173.4,2405.13,0.496,453.0,8,0,Yes,Rent,48674.5,48, Other ,14.34,no,EAST,2021-09-26,0
CR104394,47.0,Female,Single,MASTER,Employed,,33322.25,1002.49,0.361,820.0,10,0,Yes,Rent,52113.21,60,Education,24.01,No,West,22/07/2021,0
CR100777,24.0,Male,Married,High School,Employed,9.4,22153.44,807.35,0.437,452.0,0,0,Y,Mortgage,11715.68,12,Medical,5.62,No,North,10/08/2024,0
CR103165,41.0,male,divorced,bachelor,Employed,,24218.28,569.2,0.282,616.0,17,1,Yes, Own ,14346.9,36,Medical,18.12,No,West,08/06/2022,1
CR100486,37.0,Male,Married,,employed,5.6,42479.55,401.39,0.113,433.0,5,0,No,Own,49478.84,36,Car,15.86,No,East,08-15-2023,1
CR102984,59.0,Other,Married,Master,Self-Employed,5.0,27815.15,1060.48,0.458,785.0,0,1,1,,6458.84,60,Debt Consolidation,22.94,No,North,2021-12-15,0
CR102302,51.0,MALE,SINGLE,HIGH SCHOOL,Self-Employed,10.2,26929.0,1124.17,0.501,705.0,18,1,Yes,Rent,44307.36,48,Other,19.67,yes,East,13/01/2021,1
CR103333,67.0,Male,,Bachelor,Unemployed,14.2,14581.97,520.65,0.428,,3,0,YES,Rent,28209.21,12,car,7.61,No,Central,21/03/2021,0
CR103793,56.0,female,Single,Bachelor,Unemployed,0.0,62393.62,547.24,0.105,350.0,5,0, N ,Mortgage,38313.17,60,Car,15.65,Yes,central,15/04/2023,0
CR103294,,Male,married,Master,Employed,11.2,73945.7,1052.5,0.171,554.0,0,0,Y,Mortgage,29990.27,36,Debt_Consolidation,24.57,,North,03/11/2024,0
CR100424,999.0,male, Single ,High School,EMPLOYED,0.0,82503.53,1818.27,0.264,545.0,1,0, No ,Own,5352.46,48,Business,12.5,No, West ,12-05-2023,0
CR100641,71.0,Female,Married,Master,Employed,14.7,17345.54,473.85,0.328,674.0,6,1,1,Mortgage,29994.02,12,Debt Consolidation,27.47,No,Central,2023-11-13,0
CR100843,20.0,Female,Single,Master,Self-Employed,15.9,82256.13,552.17,0.081,531.0,19,0,No,Own,44715.97,60,Other,6.54,No,West,2021-06-26,0
CR101173,28.0,FEMALE,divorced,Master,Retired,8.5,28873.28,673.68,0.28,824.0,4,2,No,Mortgage,50672.71,60,Home Improvement,16.62,No,North,03-21-2024,0
CR101810,32.0,Male,Single,Bachelor,employed,1.6,41615.04,1063.93,0.307,575.0,2,0,No,Own,30499.53,36,other,23.69,Yes,West,09-13-2024,0
CR102653,39.0,Male,Married,Bachelor,Employed,0.0,18924.98,373.96,0.237,496.0,11,0,N,Rent,16816.26,48,DEBT CONSOLIDATION,22.68,Yes,central,2023-01-10,1
CR101201,45.0,Male,Single,Other,EMPLOYED,0.0,39923.35,889.79,0.267,397.0,6,0,0,own,54473.48,48,Debt Consolidation,16.49, No ,East,2024-07-10,1
CR101313,67.0,MALE,Single,High School, Unemployed ,19.2,36301.03,518.92,0.172,564.0,0,0,Yes,Own,9450.87,60,business,4.92,Yes,North,27/05/2024,0
CR101575,36.0,Male,Divorced,HIGH SCHOOL,Self-Employed,2.7,57238.64,1459.41,0.306,606.0,14,0,Yes,MORTGAGE,15688.35,48, Education ,5.32,No, East ,2024-09-04,0
CR100411,31.0,Male,Married,Bachelor,Unemployed,0.0,42935.38,1689.87,0.472,393.0,2,0,,Rent,15285.73,60,Debt Consolidation,16.99,No,Central,2023-08-13,0
CR100209,63.0,Female,Married,bachelor,Employed,22.1,56538.23,1864.75,0.396,442.0,18,0,No,Rent,33540.33,24,Home Improvement,9.32,No,West,07-26-2023,0
CR103356,21.0, Female ,Single,High School,Employed,4.4,68995.29,2016.53,0.351,807.0,6,1,No,RENT,18135.08,24,Debt Consolidation,21.9,No,Central,02-24-2024,0
CR102151,36.0,Male,Married,High School,Employed,3.4,27648.55,101.09,0.044,727.0,10,0, No ,RENT,33979.45,60,Debt Consolidation,20.16, No ,east,2023-08-08,0
CR102248,27.0,Male,Single,Other,Self-Employed,15.6,45610.42,424.93,0.112,,6,0,No,,51326.54,60,Debt Consolidation,25.13,No,Central,2022-05-29,0
CR100214,60.0,Female,Single,Master,Employed,0.0,41158.71,223.95,0.065,600.0,7,1, Yes ,Mortgage,51843.66,36,Debt Consolidation,28.64,Yes,South,09/03/2024,1
CR101794,45.0,Female,Single,Bachelor,Employed,8.4,100233.74,2438.09,0.292,520.0,16,1,No,Rent,22052.46,36,Car,8.23,No,Central,2022-01-09,0
CR103035,73.0,Male,Single,Master,Self-Employed,11.6,23285.94,262.43,0.135,,16,0,1,RENT,14660.24,60,Debt Consolidation,8.47,No,North,2022-03-16,0
CR100474,54.0,Female,Single,High School,Employed,4.6,58020.55,994.1,0.206,367.0,7,0,NO,Rent,35793.88,36,EDUCATION,14.81,,West,02-12-2021,0
CR104406,33.0,FEMALE,Divorced,Bachelor,Employed,3.4,20211.53,813.42,0.483,460.0,2,0,0,Mortgage,16550.57,60,Debt Consolidation,23.24,no,East,01/04/2024,0
CR101183,43.0,Female,Single,Master,Retired,,42015.58,235.28,0.067,823.0,12,0,No,Rent,12068.2,24,Education,20.95,No, East ,02-05-2022,0
CR101568,70.0,Male,Single,Bachelor,Employed,0.0,62589.04,1586.66,0.304,726.0,10,0,No,Rent,47436.05,12,Debt Consolidation,21.16,No,West,09-19-2024,0
CR104328,20.0,Female,Married,Bachelor,Unemployed,6.0,48414.63,1507.01,0.374,329.0,2,0,No,Own,25673.44,36,Debt Consolidation,20.26, No ,South,06/05/2022,1
CR102081,23.0,Male,SINGLE, High School ,employed,5.0,31975.13,655.47,0.246,618.0,2,0,No,Mortgage,45701.21,60,business,8.56,no,EAST,01/07/2021,0
CR100137,19.0,FEMALE,Single,Other,UNEMPLOYED,16.8,37039.22,113.06,0.037,,14,1,No,Own,25579.52,60,Other,15.25,NO,East,22/02/2021,1
CR100711,48.0,Male,Married,High School,unemployed,8.2,49623.71,107.36,0.026,680.0,15,0,No,Rent,39635.95,12,debt consolidation,7.01,No,CENTRAL,09-22-2022,0
CR101185,, Female ,DIVORCED,High School,Retired,8.2,28328.76,360.6,0.153,428.0,17,0,0,Mortgage,21121.2,60,Debt Consolidation,6.33,yes,West,24/05/2023,1
CR104388,37.0,Male,Single,PhD,Employed,13.7,51000.78,1224.05,0.288,822.0,17,0, No ,rent,5844.07,36,debt consolidation,19.18,Yes,North,10-05-2023,0
CR101669,60.0,Male,Single,Other,Employed,6.9,37688.8,1179.51,0.376,786.0,13,0,No,Rent,6069.26,12,Car,13.94,No,North,2024-03-04,0
CR103129,63.0,Female,SINGLE,High School,Employed,12.1,38548.39,984.98,0.307,317.0,12,1,No,Rent,16106.64,48,Business,20.8, No ,Central,03-04-2024,0
CR103253,39.0,Male,Married,High School,Employed,13.3,10690.22,272.8,0.306,582.0,14,0,0,,13219.66,36,Debt Consolidation,21.95,Yes,East,2022-07-16,1
CR100421,58.0, Female , Single ,High School, Unemployed ,6.0,37628.74,902.92,0.288,557.0,13,0,No,Mortgage,28604.86,24,Car,26.73,No,SOUTH,2021-01-19,0
CR102687,50.0,male,Single,High School,Employed,0.0,48906.36,1041.53,0.256,380.0,17,0,Yes,Mortgage,50662.97,48,Home Improvement,15.6,No,North,2023-10-15,0
CR102041,69.0,Other,Married,Bachelor,Self-Employed,,41470.16,1847.61,0.535,620.0,3,0,no,Own,48107.27,12,Business,22.56,No,Central,07-09-2022,0
CR102549,25.0,Male,Single,Bachelor,Self-Employed,6.4,30751.32,1029.26,0.402,435.0,11,0,,Rent,6024.6,48,Debt Consolidation,26.9,No,North,08-29-2023,0
CR100817,24.0,Male,Married,Bachelor,Employed,6.9,19537.0,870.58,0.535,728.0,17,1,Yes,Mortgage,4534.11,24,Business,20.06,,East,29/11/2022,1
CR100223,29.0, Male ,MARRIED,PhD,EMPLOYED,4.4,35796.2,1484.38,0.498,,11,0,,Own,15042.9,48, Debt Consolidation ,9.41,No,Central,2022-05-02,0
CR100489,53.0,Female,Married,HIGH SCHOOL,employed,11.3,29457.8,745.08,0.304,612.0,0,0,No,MORTGAGE,15189.2,36, Debt Consolidation ,24.75,NO,North,2024-03-25,0
CR102071,55.0,FEMALE,, High School ,Employed,9.4,41043.4,461.92,0.135,654.0,1,1,, Own ,28691.36,36,Home Improvement,5.22,No,East,2023-02-27,0
CR103904,68.0, Female ,Married,Master,Employed,8.2,19461.13,766.54,0.473,567.0,5,0,No,Own,39767.46,60,Home Improvement,27.46,No,south,2024-09-22,0
CR104048,37.0,Female,Married,High School, Self-Employed ,15.2,18128.55,313.91,,583.0,12,0, No ,Rent,55901.66,48,Business,5.97,No, North ,11-03-2024,1
CR103886,22.0,Male,single,Bachelor,Self-Employed,18.8,50461.93,1517.6,,,12,0,0,Mortgage,42758.39,36,Home Improvement,4.51,,Central,01/12/2021,0
CR102980,59.0, Female ,Married,Bachelor,Self-Employed,19.7,178042.91,5605.27,0.378,792.0,16,0,No,Rent,57418.15,48,Home Improvement,19.12,No, Central ,12-23-2021,0
CR102738,46.0,Male,Single,Bachelor,Self-Employed,15.6,25791.78,1063.94,,766.0,19,0,Yes,Own,49212.31,24,HOME IMPROVEMENT,12.26, No , West ,05-17-2024,0
CR101085,66.0,MALE,Married,PhD,Employed,11.4,10588.49,443.52,,803.0,13,0,NO,,58538.41,36,Debt Consolidation,9.77,No,South,05-20-2021,0
CR104044,41.0,Male,Married, Master , Employed ,0.0,50794.22,1993.05,0.471,398.0,1,1,No,Mortgage,22438.37,60,Home Improvement,4.78,No, West ,2021-04-21,1
CR100951,35.0,female,SINGLE,HIGH SCHOOL,Employed,15.5,46413.38,632.87,0.164,708.0,1,1,NO,Rent,8113.4,12,Car,22.08,no, East ,2023-12-15,0
CR101619,,Male,Single,High School,self-employed,4.8,29842.42,592.24,0.238,659.0,15,0,No,Rent,45151.32,60,Home_Improvement,6.52,No,West,08-13-2021,0
CR101975,20.0,Female,SINGLE,Bachelor,Employed,7.7,30949.66,1352.41,0.524,410.0,2,1,No,Own,2478.23,48,Debt Consolidation,21.21,No,Central,30/04/2021,1
CR103713,30.0,Female,Single,PhD,SELF-EMPLOYED,6.4,22967.44,1015.73,,649.0,2,0,1,Rent,45208.57,12, Business ,29.01,,West,08-03-2022,0
CR100768,26.0,female,Single,Bachelor,Employed,8.2,61968.4,1676.89,0.325,438.0,6,1,No,Own,1896.39,36,Home Improvement,9.89,Yes,North,2022-11-24,1
CR102801,43.0,Female, Single ,Bachelor,Employed,7.8,22566.42,799.31,0.425,828.0,4,0,No,Rent,43771.63,60,Car,18.48, No ,East,14/08/2021,1
CR103070,42.0,Other, Single ,Master,Employed,9.2,76269.31,3328.45,0.524,811.0,12,1,No,Mortgage,32078.84,24,Other,27.32,No,North,02-04-2024,0
CR102948,48.0,Female,Single,Bachelor,Employed,11.0,12607.92,48.94,0.047,,17,0,No,Own,18451.26,24,Business,8.66,No,East,04-04-2023,0
CR103213,73.0,Female,single,High School,Employed,8.2,31235.03,754.98,0.29,554.0,10,0,No,Rent,58467.01,24,Business,20.62,No,South,28/01/2022,0
CR100718,31.0,Male,Single,Bachelor,Employed,,28346.26,925.93,0.392,660.0,1,0,No,OWN,5793.13,36, Other ,15.35,No,South,2022-08-28,1
CR100700,48.0,male,Single,Master,Self-Employed,,19384.78,314.48,0.195,385.0,2,0,No,Other,37118.75,48,Business,15.93,Yes,North,07-01-2021,1
CR100266,43.0, Male ,Single,Master,Self-Employed,0.0,70682.26,2538.7,0.431,516.0,17,1,y,Rent,59265.82,24,Debt Consolidation,29.6, No ,Central,11-23-2021,1
CR102434,44.0,Male, Widowed ,High School,Self-Employed,,29038.35,288.12,,746.0,5,0,No,Mortgage,48465.53,24,Education,12.09,No,Central,30/07/2021,1
CR102983,65.0,Female,,BACHELOR,Employed,6.2,50152.15,565.39,0.135,765.0,11,0,No,Mortgage,40077.99,24,Debt_Consolidation,7.5,No,East,05/09/2022,0
CR100615,55.0,Male,Divorced,Master,Retired,12.7,42558.77,263.54,0.074,552.0,14,1,,Mortgage,28460.39,24,Debt Consolidation,14.33,No,East,2024-09-20,0
CR100780,68.0,Female,Married,master,Employed,6.0,39511.99,548.48,0.167,489.0,16,0,No,Own,31916.94,24,Debt Consolidation,9.73,No,West,2021-08-23,0
CR103194,60.0,MALE,Divorced,Bachelor,Employed,7.8,37718.05,1429.92,0.455,784.0,19,1,Yes,own,49812.32,12,Car,13.0,NO,SOUTH,07/08/2022,0
CR100078,50.0,female,Married,Master,Employed,,,2823.71,0.515,304.0,18,0,1,Rent,27382.46,48,Car,27.67, No ,South,12-03-2021,0
CR101203,62.0,Male,Single,High School,EMPLOYED,0.0,17949.04,535.97,0.358,764.0,8,0,0,Own,55335.83,60,MEDICAL,27.23,No,North,2022-01-16,1
CR100654,50.0,FEMALE,,Bachelor,Self-Employed,11.9,26117.83,1094.91,0.503,534.0,14,1,,Rent,52364.58,60,Car,10.65,No,West,2021-09-23,1
CR104550,20.0,Male,Single,Bachelor,retired,14.9,37932.73,884.66,0.28,,15,0,1,,3372.4,24,Medical,12.13,No,East,12-22-2024,0
CR100300,39.0,Male,Married,MASTER,Employed,4.3,39458.27,303.72,0.092,361.0,6,0, No ,mortgage,28882.94,24,education,27.61,No,SOUTH,12/09/2022,0
CR101697,26.0, Female ,Married,,Employed,6.8,28184.3,899.79,0.383,414.0,15,0,Yes,mortgage,3076.01,60,Debt Consolidation,23.89,,CENTRAL,11-18-2022,1
CR103806,23.0,Female,,Bachelor,Self-Employed,10.0,53571.82,1510.46,,722.0,1,0,no, Mortgage ,10759.55,24,Home Improvement,8.17,Yes,central,18/03/2021,0
CR104567,58.0,Female,Married,High School,Employed,6.7,58568.78,2359.72,,752.0,5,1,No,Own,39089.66,36,Debt Consolidation,9.11, No ,South,07-25-2024,0
CR101640,59.0,Female,Divorced, Master ,Retired,3.0,166708.53,3378.39,0.243,602.0,9,0, No ,Rent,22321.02,24,Other,21.83,No,South,2022-09-05,0
CR103785,50.0,Male,Married,Master,Employed,3.7,18242.16,484.5,0.319,773.0,4,1,Yes,Own,35138.98,48,Car,4.64,No,West,11-01-2024,0
CR102057,60.0,Male, Married ,high school,Unemployed,3.2,84487.25,976.5,0.139,839.0,17,0, Yes ,Rent,58265.24,12,Home Improvement,27.41,No,north,10/01/2021,0
CR102169,,FEMALE,Married,Bachelor,Employed,14.5,52628.75,555.3,0.127,436.0,2,3,N,OWN,40913.13,12,Car,12.12,No,West,03/06/2022,1
CR103144,62.0,Female,Single,High_School,Retired,13.5,33861.4,1217.62,0.432,800.0,12,0,No,Rent,37382.51,24,Debt Consolidation,5.65,No,East,01-10-2022,0
CR100600,53.0,Male,Married,HIGH SCHOOL,Employed,2.3,58357.3,1995.67,0.41,544.0,3,0,NO,Rent,53538.76,12,Business,25.5,No,West,09/04/2024,0
CR102531,64.0,Male,Married,Master,Employed,3.8,56141.47,1136.55,0.243,459.0,16,0,No,,5797.97,36,Other,24.84,NO,East,2022-12-13,1
CR101021,22.0,MALE,Married,Bachelor,Employed,9.3,30231.9,333.3,0.132,790.0,13,0,Yes,Rent,38964.37,60,Medical,23.48,No,West,23/08/2023,0
CR103544,20.0,Female,Single,Master,Retired,9.7,48268.06,614.23,0.153,594.0,2,1,yes,Rent,10684.12,36,Education,12.66,No,Central,13/05/2022,0
CR102559,52.0,Female,SINGLE,High School,Self-Employed,8.8,52961.75,1262.32,0.286,549.0,19,0,Yes,Own,26229.04,48,Debt Consolidation,6.73,No,West,17/09/2023,0
CR104190,42.0,Male, Single ,Bachelor,Employed,6.2,49374.12,595.01,0.145,700.0,14,0,Yes,Rent,58425.73,48,Medical,14.54,yes,Central,07-09-2021,1
CR101921,49.0,Female,Married,,Employed,13.3,8000.0,253.78,0.381,605.0,18,0, No ,OWN,26160.85,60, Business ,21.78,NO,NORTH,09/09/2022,0
CR101646,37.0, Male ,married,Bachelor,Employed,7.7,20810.98,724.11,0.418,359.0,2,1, N ,Own,17449.17,48,DEBT CONSOLIDATION,15.03,Yes,North,28/01/2022,0
CR101533,28.0,Male,Single,High School,Self-Employed,5.3,45318.34,499.23,0.132,,10,1,No,Mortgage,49544.57,24,Business,8.16,No,South,12-30-2023,1
CR103907,74.0,MALE,Married, Master ,Employed,15.1,67139.56,389.62,0.07,800.0,11,0,0,rent,52629.62,60,Car,27.98,No,West,2023-03-28,0
CR104123,33.0,Male,MARRIED,High School,employed,0.0,62579.06,2675.54,0.513,744.0,6,1,YES,Own,57418.51,36,BUSINESS,20.18,No,East,28/03/2024,0
CR102503,24.0,Male,married,BACHELOR,employed,0.0,22299.11,459.87,,657.0,11,0,No,Mortgage,35119.62,12,Debt Consolidation,12.52,YES,Central,2023-09-04,0
CR102099,32.0,Male,Widowed,Bachelor,self-employed,2.6,28875.66,1040.8,0.433,585.0,19,0,Yes,Own,9132.55,12,Home Improvement,20.45,No,North,04/11/2024,0
CR101484,42.0,Female,Single,bachelor,Unemployed,7.8,50042.65,212.98,0.051,498.0,19,1,NO,Mortgage,56430.91,60,Business,9.19,,Central,10-29-2022,1
CR102298,30.0,Male,Widowed,Other,Retired,10.2,56158.6,1478.63,0.316,426.0,19,2,No,MORTGAGE,35571.52,24,Other,4.73,No,SOUTH,03-19-2022,1
CR101747,39.0,Male,Divorced, Master ,Self-Employed,6.8,39252.2,183.39,0.056,408.0,3,0,1,rent,37908.69,12,Debt Consolidation,29.11,No,North,2021-01-11,0
CR103581,62.0,Female,Married,High School, Employed ,7.0,31636.97,398.04,0.151,738.0,15,0,no,,12002.79,12,Debt Consolidation,23.27,No,west,01/05/2021,0
CR102985,55.0,Male,Married,High School,Employed,9.2,162940.87,1652.0,0.122,454.0,19,0,Yes,Mortgage,12457.33,36,Car,10.46,No,North,2023-06-26,1
CR104435,,FEMALE,Divorced,Bachelor,Self-Employed,0.0,21328.88,602.25,0.339,398.0,1,0,No,Own,5141.49,48,Debt Consolidation,28.13,Yes,Central,09-10-2023,1
CR104480,45.0,Female,Single,High School,Employed,9.6,28889.13,215.68,,365.0,10,0,no,Mortgage,25594.67,60,Debt Consolidation,22.59,No,East,05-22-2022,0
CR103299,64.0,Male,Married,BACHELOR,Unemployed,8.1,,1041.98,0.443,375.0,18,0, No ,Rent,30355.83,60,Home Improvement,5.1,Yes,North,24/11/2022,1
CR104363,74.0,Male,,Bachelor,Retired,0.4,57520.86,1193.11,0.249,561.0,10,0,No,RENT,30943.38,24,Debt Consolidation,27.62,No,South,04/07/2021,0
CR100836,64.0,Female, Single ,PHD,Self-Employed,16.2,17488.63,701.64,2.689211550761459,658.0,14,1,No,Rent,33049.02,24,Debt_Consolidation,7.59,,North,07-10-2023,0
CR103343,53.0,Female,married,High School,Retired,,25742.28,1046.78,0.488,,6,0,Y,Mortgage,34500.06,36,Debt Consolidation,24.9,,South,2021-10-22,0
CR103842,50.0,Female,Married,Bachelor,Employed,6.8,24814.01,642.79,0.311,774.0,2,0,No,Own,16937.37,24,Debt Consolidation,20.2,no,East,14/04/2021,0
CR103148,,Female,married,Bachelor,Employed,9.6,27054.72,646.48,0.287,,4,0,0,Mortgage,32693.13,24,Debt_Consolidation,28.89,Yes,South,01-21-2023,1
CR100014,59.0,Female,Divorced,Bachelor,Unemployed,10.9,33878.35,513.79,0.182,553.0,2,0,No,Mortgage,57049.1,24,Education,7.8,,Central,06-25-2023,0
CR101240,47.0, Female ,Single,Bachelor,Employed,,76097.4,1003.48,0.158,603.0,5,0,YES,Other,14841.98,48,Debt Consolidation,16.17,No, West ,05-19-2022,0
CR102367,28.0,Female,Single,high school,Employed,5.1,35528.56,827.95,0.28,645.0,10,0,No,Own,40320.88,36,Debt Consolidation,19.78,No,CENTRAL,2024-11-27,0
CR102425,50.0,Female,Divorced,High School,UNEMPLOYED,0.0,48666.75,550.22,0.136,587.0,3,1,No,,57051.76,36,Debt Consolidation,26.65,NO,North,20/08/2022,0
CR103757,49.0,Female,Married,Other,SELF-EMPLOYED,4.6,52171.77,884.22,0.203,444.0,3,1,No,Rent,33692.99,60,Business,21.8,No,West,02-27-2022,0
CR100100,66.0,Female,Single,Bachelor,Employed,7.9,17599.07,43.87,0.03,464.0,7,0,1,Mortgage,34246.85,48,Home_Improvement,28.5,No,North,10-19-2023,1
CR102218,34.0,Male,Married,Bachelor,Employed,9.3,31261.19,1177.66,0.452,806.0,10,0,No,RENT,45999.62,60,Medical,17.41,NO, West ,22/05/2024,0
CR102467,57.0,female,Single, High School ,Employed,0.0,22414.69,197.36,0.106,675.0,10,1,No,RENT,17451.62,12,Business,20.58,No,south,2022-04-28,0
CR100995,54.0,male,Single,Bachelor, Employed ,4.1,12568.58,533.41,0.509,614.0,12,0,,Rent,7685.57,36,Home Improvement,12.24,,west,30/10/2021,1
CR102373,41.0,Female,Single,Master,self-employed,6.6,59440.19,2340.73,0.473,361.0,6,0, No ,Rent,3127.26,48,Other,10.64,Yes,West,09-12-2024,1
CR104312,38.0,Female,Married,High School,employed,0.0,53869.15,582.81,0.13,580.0,13,0,0,Rent,38062.72,48,Debt Consolidation,19.95,Yes,North,2022-08-15,1
CR100797,44.0, Male ,Married,Master,Employed,6.9,25417.04,1159.03,0.547,593.0,10,0,No,Mortgage,22355.3,60,Car,20.31,No,Central,2024-07-23,0
CR100139,43.0,Female,Single,Bachelor,Unemployed,13.8,34096.17,1472.22,0.518,486.0,14,0,no,Mortgage,45500.92,36,Medical,15.68,NO,South,21/08/2022,1
CR102987,63.0,Male, Divorced ,PhD,Employed,2.3,44372.45,391.92,0.106,333.0,10,0,0,Own,4272.88,48,Other,14.06,No,East,2022-03-03,0
CR100271,19.0,Male,Married,high school,Retired,6.7,26803.78,593.59,,661.0,18,0,0,rent,35057.03,60,Other,16.33,,South,18/08/2024,0
CR101820,36.0,Male,Single,High School,Employed,7.2,40766.26,1443.55,0.425,766.0,11,0,No, Own ,48505.61,48,Home_Improvement,10.21,No,west,2022-12-20,1
CR102913,31.0,Female,Single, Master ,Self-Employed,,157710.61,553.54,0.042,,15,0,no,Rent,20646.17,36,Other,20.56,No,South,10-13-2023,1
CR104096,49.0,Female,SINGLE,High School,UNEMPLOYED,16.5,66089.62,1492.25,,761.0,18,0,No,Own,17184.54,24,Debt Consolidation,21.39,NO,North,08-18-2021,0
CR100580,23.0,male,Single,Bachelor,Employed,15.8,27939.2,1043.8,0.448,361.0,17,0,no,rent,35383.21,60,Debt Consolidation,5.43,No,Central,22/06/2024,0
CR103118,19.0, Male ,Single,Bachelor,Self-Employed,3.9,30252.98,865.89,,661.0,9,0,Yes,Other,1466.44,60,Other,20.47,No,East,10/12/2022,0
CR102205,64.0,Female,Married,Bachelor,Employed,4.5,41898.69,1168.3,0.335,757.0,5,1,,Rent,22175.72,60,Debt Consolidation,28.48,No,North,2021-05-16,0
CR101549,18.0,Male,Married,High School,Employed,3.4,29966.37,434.55,0.174,554.0,2,2, Yes ,Rent,28707.4,36,Education,16.68,No,North,20/07/2021,0
CR103007,42.0,Male,Married,High School,Self-Employed,6.5,25376.77,546.9,0.259,499.0,3,0,1,own,22936.76,24,Debt Consolidation,17.2,No,East,18/05/2023,1
CR100866,65.0,Male,Married,Master,Employed,12.3,81629.25,402.13,0.059,752.0,12,1, No , Mortgage ,36941.07,48,Debt Consolidation,8.63,No,South,03-21-2021,0
CR102495,29.0,FEMALE,,High School, Employed ,7.6,37315.7,215.15,,413.0,4,0,No,Own,3238.25,36,Business,29.73, No ,East,2023-09-15,1
CR103951,30.0,Male,Single,Master,Employed,3.7,28977.29,848.29,0.351,738.0,6,0,No,Own,21894.85,24,Debt Consolidation,13.28,Yes,South,23/01/2022,0
CR102032,23.0,Female,Married,PhD,Employed,1.6,36410.24,1466.94,0.483,800.0,19,0,No,Rent,25166.33,48,Debt Consolidation,5.6,No,Central,2023-07-12,0
CR100634,28.0,Male,Single,Master,Employed,10.7,34545.22,817.57,0.284,464.0,14,1,N,Rent,16384.89,36,Debt Consolidation,5.02,No,West,2021-08-18,0
CR102853,,Male,Single,Bachelor,employed,10.0,38701.57,1510.44,0.468,743.0,16,0,,Rent,24787.01,60,Business,29.32,No, South ,23/01/2021,0
CR103067,58.0,female,SINGLE,Bachelor,Employed,10.1,45335.79,889.64,0.235,474.0,9,1,Yes,Rent,42886.74,60,Debt Consolidation,14.56, No ,NORTH,06-08-2023,1
CR103726,24.0,Male,Single,BACHELOR,Self-Employed,6.0,43022.21,1143.67,0.319,335.0,4,2,no,Rent,51284.02,24,Car,21.26,No,East,12-16-2021,1
CR100467,52.0,male,single, Bachelor ,Employed,6.3,16325.35,747.46,0.549,,17,0,Yes,other,33897.07,24,Education,14.0,No,North,2024-11-01,1
CR100200,39.0,male,Widowed,bachelor,Employed,0.0,23148.11,364.62,0.189,329.0,3,0,1,Rent,46570.04,36,Education,17.12,NO,West,02-25-2022,1
CR103016,48.0,Female,Married,Other,Employed,,26195.93,1033.65,0.474,787.0,3,0,0,Own,44992.18,24,Debt Consolidation,20.29,Yes,North,2021-01-27,1
CR100894,61.0,Male, Married ,PhD,Self-Employed,12.8,60332.71,1167.2,0.232,369.0,15,0,0,Own,46517.46,12,Debt Consolidation,17.73,No,South,18/01/2021,1
CR102240,30.0,Male,Married, High School ,Employed,0.0,27687.91,645.84,0.28,484.0,15,0,Yes,Mortgage,22139.47,60,Car,20.94,,South,2024-12-09,1
CR100793,65.0,Female,single,BACHELOR,EMPLOYED,0.0,19562.63,477.06,0.293,612.0,17,0,NO,Rent,31877.64,36,Debt_Consolidation,8.36,NO,East,19/11/2021,0
CR102493,53.0,Male,Married,Bachelor,Employed,14.4,21214.72,602.11,0.341,351.0,5,1,No,Mortgage,43349.0,36,medical,27.83,NO,Central,11-14-2023,1
CR101710,37.0,Female, Single ,Bachelor,Employed,10.2,35113.49,126.7,0.043,304.0,16,0,No,Rent,12482.6,24,Business,8.04,No,North,2021-06-07,0
CR100387,66.0,Female,Single,Bachelor,EMPLOYED,5.3,29768.66,509.19,0.205,382.0,5,1,No,Mortgage,6611.79,48,Business,23.08,NO, Central ,2023-01-16,0
CR104039,39.0,Female,Single,PhD,Employed,12.4,49230.58,1992.51,0.486,339.0,11,1,No,Rent,53028.96,24,Debt Consolidation,9.88,no,North,2023-08-06,0
CR103845,45.0,Male,Married,Bachelor,Employed,2.6,68301.19,1358.96,0.239,792.0,7,1,no,Rent,37974.29,24, Other ,17.21,No,South,19/09/2021,0
CR101488,24.0,Female,Married,Bachelor,Employed,1.5,62666.21,1750.31,0.335,650.0,9,2,No,Mortgage,5997.57,48,Medical,26.47,No,Central,12-30-2024,0
CR101329,37.0,Male,Single,Other,Employed,0.0,32284.07,947.43,0.352,599.0,15,0,No,Other,28879.69,12,Car,17.93,No,South,20/01/2024,1
CR102208,31.0,Female,Single,Bachelor,Employed,10.0,73851.26,3228.78,0.525,348.0,16,0,No,Rent,34566.38,60,Other,17.31,Yes,North,2024-03-04,1
CR102607,32.0,Male,Single,High School,Self-Employed,3.5,43515.09,555.13,0.153,444.0,1,1,No,Mortgage,23456.18,36,Business,16.17,Yes,East,07/08/2022,0
CR102051,35.0,Male,Single, Bachelor ,Retired,3.1,122347.54,3990.2,0.391,506.0,9,0,No,Rent,45335.87,48,Home Improvement,15.4,No,West,05-04-2023,1
CR104336,61.0,Female,married,Master,Self-Employed,6.3,82248.13,1038.39,0.152,464.0,5,0, No ,RENT,42121.8,60,Home Improvement,19.65,,Central,05-10-2021,0
CR103529,24.0,FEMALE,Divorced,Master,Employed,6.8,47428.42,984.36,0.249,674.0,6,0,Yes,,25763.69,60,Car,19.48,No,Central,07-13-2021,0
CR102131,74.0,Female,Married,Bachelor,Employed,0.0,11345.79,396.37,0.419,490.0,16,1,No,Other,59398.98,48,Debt Consolidation,26.68,Yes,East,01-13-2023,1
CR103403,75.0,Female,Single,Bachelor,Self-Employed,14.0,,240.44,0.165,357.0,9,1,Yes,own,41863.92,36,Debt Consolidation,13.16,No,South,01-01-2023,0
CR100905,59.0, Male ,Single,Master,Employed,13.6,,4739.3,0.425,381.0,6,0,No,Rent,39616.67,60,DEBT CONSOLIDATION,14.31,No,South,2024-03-13,0
CR103042,37.0,Female,Single,Master,Self-Employed,7.6,19130.46,126.54,0.079,449.0,16,0,Yes,mortgage,34623.48,60,Business,9.21,No,North,2024-06-04,0
CR102697,42.0,Male,,High School,Self-Employed,15.2,30267.71,583.92,0.232,461.0,7,0, No ,other,3401.42,60,Car,26.36,No,South,2023-04-13,0
CR101471,58.0,Male,Married,High School,EMPLOYED,6.0,69865.56,1396.2,0.24,513.0,8,1,No, Rent ,12873.52,48,Medical,23.75,Yes,South,2023-02-26,0
CR101516,45.0,Female,Divorced,High School,Retired,,63673.68,1446.54,0.273,618.0,3,0,,Rent,18264.0,36, Debt Consolidation ,5.15,No,East,2021-09-08,0
CR100944,25.0,Male,Single,High School,employed,11.6,73991.07,845.24,0.137,588.0,13,0,yes,,12851.21,48,Education,8.26, No ,Central,11-29-2021,0
CR100572,34.0,Other,,Bachelor,unemployed,1.3,49515.0,2130.68,0.516,802.0,0,0,no,Own,37283.09,60,Medical,16.56,No,east,2022-08-17,0
CR101857,51.0,Female,Single,MASTER,Employed,12.1,37692.3,331.42,0.106,,3,1,No, Mortgage ,8461.86,48,other,13.13,No,Central,22/02/2024,0
CR102882,50.0, Male , Single ,PhD,Employed,,52151.63,2371.6,0.546,801.0,6,0,no,Mortgage,8879.54,12,Debt Consolidation,18.46,NO,West,2022-05-14,1
CR101795,29.0,Female,Single, Bachelor ,Employed,9.2,31654.72,1083.28,,521.0,19,0,No,RENT,11521.32,12,Medical,15.58,Yes,North,11/11/2023,0
CR102029,37.0,MALE,Married, Master ,Employed,12.6,31741.4,1251.28,0.473,491.0,18,1,Yes,Mortgage,51302.34,48,Debt Consolidation,7.32,No,East,2024-08-05,0
CR101904,37.0,female,Married,Other,Employed,6.0,47023.44,1737.6,0.443,457.0,2,0,No,own,59178.21,48,Debt Consolidation,28.02,NO,South,09/10/2021,1
CR101862,67.0,Female,married,Bachelor,Self-Employed,7.2,55572.7,655.47,0.142,552.0,11,1,0,Rent,18769.72,24, Other ,22.96,No,West,2021-03-24,0
CR102320,23.0, Male ,Single,Master,Employed,4.3,32152.32,1445.15,0.539,,19,1,Yes,other,50719.39,60,Debt Consolidation,9.9,,East,2023-02-22,0
CR103894,53.0,Female,Married,Bachelor,Employed,7.6,56530.78,1184.36,0.251,583.0,5,0,No,mortgage,5346.94,60,Other,7.91,No,West,10-31-2023,0
CR101128,50.0,Female,Single,High School,Self-Employed,10.5,59726.31,2716.1,0.546,319.0,18,1,Y,,17290.11,60,Education,17.73, No ,West,2024-04-26,0
CR101387,, Female ,WIDOWED,High School,Employed,3.9,46240.61,446.87,0.116,,16,0,yes,Rent,16469.49,24,Debt Consolidation,20.39,No,Central,04-09-2021,1
CR100536,44.0, Female ,Single,,Self-Employed,0.8,43769.43,661.8,0.181,691.0,3,1,1,RENT,40024.39,12,HOME IMPROVEMENT,9.68,No,west,2021-05-29,0
CR103803,19.0,Male,Widowed,Bachelor,Self-Employed,0.0,24091.28,105.17,0.052,324.0,9,0,Yes,,5521.25,48,Business,5.92,Yes,Central,2024-10-30,1
CR103172,43.0,Female,Divorced,master,Employed,1.2,41464.6,430.03,0.124,620.0,6,0,No,,48796.7,48,Medical,28.37,No,East,27/03/2021,0
CR101517,20.0,Male,Single,Other, Unemployed ,,22302.99,373.71,0.201,472.0,13,1,No,Own,11065.51,48,Debt Consolidation,18.93,no,SOUTH,2024-04-29,0
CR101746,,Female, Married ,Bachelor,Self-Employed,6.4,26608.97,512.47,0.231,,2,1,0,Mortgage,54863.51,48,Home_Improvement,20.15,No,South,2023-12-07,0
CR104267,,Female,Single,Master,Employed,19.1,,2788.83,0.305,720.0,9,0,NO,Other,45449.31,24,Home Improvement,16.68,No,Central,2021-07-28,0
CR104439,36.0, Female ,Married,Bachelor,Unemployed,13.4,74133.08,3066.32,0.496,815.0,11,0,No,Rent,40261.31,12,HOME IMPROVEMENT,9.31,Yes,North,09-28-2024,0
CR100022,28.0,Female,Single, Bachelor , Self-Employed ,4.2,71973.98,2274.93,0.379,,11,0,0,Rent,36696.87,48,car,29.47,No,West,10-18-2024,1
CR104362,46.0,Male,Divorced,,Unemployed,1.5,26138.0,315.68,,768.0,7,1,No,Rent,4813.15,48,Medical,19.19,,Central,31/03/2023,1
CR104164,59.0,Male,Married,PhD,Unemployed,8.3,30345.35,465.38,0.184,597.0,8,0,Y,Other,44265.66,24,Debt Consolidation,16.21,No,North,05/07/2021,1
CR100516,69.0,Male,Single,,Employed,6.2,40682.85,726.79,0.214,451.0,9,0,N,Own,49664.27,48,Other,16.62, No ,West,07-13-2023,1
CR101509,57.0, Female ,Single,,Unemployed,0.0,14446.93,645.16,0.536,302.0,1,0,No,mortgage,38967.13,48,Home Improvement,15.29,No, West ,2024-11-05,1
CR104081,34.0,Female,Widowed,High School,Unemployed,16.3,61579.73,1743.74,,639.0,5,0,Yes,Rent,47387.51,36,Business,28.85,Yes,West,2022-05-22,1
CR103892,43.0,Male,Single,,Employed,8.2,74423.3,1500.23,0.242,442.0,18,0,1,Mortgage,4326.52,36,Debt Consolidation,14.59,No,Central,31/12/2021,1
CR100532,27.0,female,Widowed,phd,employed,12.5,40547.47,663.09,0.196,822.0,2,1,yes,rent,52381.51,12, Debt Consolidation ,26.76,No,SOUTH,2023-12-08,0
CR100561,20.0,Male,Married,Bachelor,Self-Employed,4.2,15493.27,458.68,0.355,707.0,2,1,Yes,Own,13967.78,24, Business ,29.53,Yes,South,2022-03-04,1
CR103131,44.0,Male,Single,Bachelor,Employed,0.1,146260.56,999.24,0.082,806.0,9,0,Yes,Mortgage,45292.65,24,Business,13.93,No,South,2024-12-18,0
CR102070,28.0,Female,Single,Bachelor,Employed,11.0,40653.28,1265.15,0.373,663.0,10,0,No,,10147.92,48,Business,21.14,no,South,02-18-2024,0
CR100164,42.0,Female,Married,High School,Employed,11.4,23856.55,612.84,,649.0,14,0,,Rent,8750.0,48,Medical,13.28,No,North,02/10/2024,0
CR101401,31.0,male,Divorced,,Employed,8.4,36932.64,919.43,0.299,748.0,14,1,Yes,Own,18044.02,60,Debt Consolidation,9.94,,EAST,01/07/2022,0
CR101585,36.0,Female,Single,bachelor,Employed,0.0,73312.35,1069.58,0.175,325.0,10,0,no,Own,13097.08,60,Home Improvement,10.5,Yes,central,07-06-2023,1
CR102712,72.0,Female,Married,High_School,Employed,6.1,100732.85,1576.44,0.188,439.0,18,0,no,Mortgage,58284.24,48,Debt Consolidation,10.93,No,South,2023-01-01,0
CR104352,-5.0,Female,Single,Other,Unemployed,0.0,28564.98,684.01,0.287,543.0,7,0,No,Own,27720.16,36,Debt Consolidation,16.46,No,North,23/04/2024,1
CR102381,44.0, Male ,Married,,Employed,10.0,33219.72,1264.43,0.457,482.0,2,1,Y,Mortgage,20241.46,12,Home Improvement,9.6,,North,05-26-2022,0
CR101405,27.0,Male,Married,High School,Unemployed,11.1,,961.66,0.497,798.0,10,0,No,Mortgage,31907.69,24,Debt Consolidation,4.88,No,North,2024-08-08,0
CR104045,18.0,Male,Divorced,Bachelor,Employed,,55284.69,1038.94,0.226,484.0,14,0,Yes,Rent,21565.72,12,EDUCATION,7.65,No,Central,12-28-2024,0
CR104276,21.0,Male,Single,High School,employed,5.8,35067.35,954.8,0.327,513.0,1,0,yes,Rent,28293.34,24,Business,17.7,No, Central ,04-23-2023,0
CR102199,,Male,WIDOWED,High School, Employed ,3.2,8352.75,101.72,0.146,429.0,16,1,Yes,Rent,38861.97,12,Car,26.75,Yes,central,26/08/2021,1
CR100514,73.0,female,SINGLE,Bachelor,Retired,8.7,47062.34,2126.99,0.542,552.0,4,0,No,,46600.35,48,Car,9.57,No,East,03-23-2021,1
CR101876,31.0,Male,Single,Bachelor,Unemployed,0.0,21300.91,531.83,0.3,696.0,17,2,No,,55475.13,60,education,6.4,No,West,08-28-2022,1
CR102509,25.0,Male,Single,Bachelor,Self-Employed,,18346.06,726.35,0.475,673.0,8,1,1,Own,19740.37,36,Education,4.57, No ,North,2023-04-03,0
CR103919,,Male,Married,,Employed,0.0,22564.45,591.78,0.315,522.0,1,2,0,Rent,7838.08,24,Medical,20.39,No,North,2022-02-03,0
CR103367,34.0, Female ,Single,Bachelor,Retired,7.2,86439.98,883.01,,631.0,4,0,no,Rent,13495.96,60,Debt Consolidation,22.45,No,East,2024-08-09,1
CR103437,56.0,Male,Married,High School, Employed ,0.9,13726.68,548.15,0.479,644.0,10,0,No,Mortgage,38805.56,60,Education,8.37,No,Central,01/07/2023,0
CR102361,61.0,Female,SINGLE,Bachelor,Self-Employed,0.0,51648.28,356.24,0.083,535.0,12,1,Yes,OTHER,10665.87,60,Business,23.19,No,West,12/03/2021,1
CR100172,,Female,Married,,Employed,6.4,70144.45,166.63,0.029,466.0,15,1,No,,59260.79,48,Medical,15.59,No,NORTH,09-08-2022,0
CR102648,72.0,Female,Single,Master,Employed,6.9,65665.96,2318.83,0.424,436.0,11,1,Y,Mortgage,47091.2,48,Debt Consolidation,14.75,No,West,05-23-2022,1
CR104064,61.0,Male,Single,High School,Employed,,20991.88,236.94,0.135,728.0,3,0,N,,35125.59,48, Home Improvement ,29.84,No,South,2023-12-14,0
CR104025,26.0,Female,Married,Bachelor,EMPLOYED,17.6,26387.15,741.73,,778.0,16,2,Y,Mortgage,54936.21,24,Home Improvement,14.07,,South,2023-11-13,0
CR101892,,Female,Divorced,High School,Employed,0.6,18258.0,675.18,0.444,392.0,3,0,N,Rent,37687.22,60,Education,8.46,No,South,11-12-2022,0
CR100229,28.0,Female,Married,High School,Employed,13.7,18965.09,694.09,0.439,,5,1, No , Other ,36590.78,60,Debt Consolidation,16.4,No,West,2021-10-14,0
CR103669,30.0,Female,Married,,Self-Employed,2.8,46848.72,1275.89,0.327,394.0,16,1,Yes,RENT,44662.96,36,Business,13.11,,East,2023-07-25,1
CR102626,74.0,Female,Married,Bachelor,Employed,4.7,51032.77,2166.16,0.509,628.0,12,0,No,Mortgage,20207.1,36,Education,22.36,No,East,24/11/2022,0
CR100542,,Male,Widowed,Bachelor,Self-Employed,5.7,25050.04,84.61,0.041,451.0,10,0,No, Own ,59053.96,12,Medical,23.87,No,North,2022-05-08,0
CR102816,57.0,Male,Married,Bachelor,employed,13.6,52062.94,2187.26,0.504,654.0,4,0,No,,54391.72,12,Home Improvement,24.41,No,East,2022-07-11,0
CR101202,75.0,Female,Divorced,High School,Employed,2.8,51156.84,385.75,0.09,392.0,18,0,No,Own,48054.56,12,Business,5.05,No,North,2021-05-24,0
CR101400,67.0,Female, Single ,High School, Self-Employed ,2.4,51261.23,1140.66,0.267,786.0,8,1,Yes,Own,53001.96,48,Medical,24.25,No,Central,09/01/2024,0
CR100080,72.0,Female,married,High School,Employed,1.2,42619.21,1544.57,0.435,687.0,14,0,No,,5817.04,24,Home Improvement,21.93,No,East,03-16-2024,0
CR103722,,Female,married,Master,Retired,11.2,55242.13,518.27,0.113,558.0,11,0,Yes,Mortgage,35227.99,60,Education,6.57,No,West,12-27-2023,1
CR101706,75.0,FEMALE,SINGLE,High School,Employed,21.8,37897.9,748.21,0.237,375.0,0,0,1,Mortgage,25727.76,60, Car ,10.6,No,North,2023-04-29,0
CR100438,22.0,Female,Married,Bachelor, Self-Employed ,6.7,27979.39,809.3,0.347,527.0,13,0,No,Mortgage,53035.56,60,Car,9.86, Yes ,East,11-28-2021,1
CR100157,50.0,Female,Widowed,BACHELOR,Employed,14.8,32347.68,387.48,0.144,803.0,12,1,1,,42922.92,60,Car,6.18,Yes,Central,2023-10-04,0
CR100479,24.0,FEMALE,Single,Bachelor,Employed,6.9,16773.52,395.56,,324.0,16,0,NO,Mortgage,6906.2,60,Debt Consolidation,11.22,No,West,2022-07-08,1
CR104286,59.0,Male,Married,High School,Self-Employed,6.2,44158.08,1877.33,0.51,323.0,3,0,Yes,Rent,20516.26,36,car,15.92,No,South,11-26-2023,0
CR103759,50.0, Male ,DIVORCED,High School,Employed,11.4,41169.0,712.55,0.208,675.0,2,0,No, Rent ,13510.7,24,other,7.89,no,South,28/05/2024,1
CR100763,72.0, Male ,Divorced,High School, Employed ,,36964.57,774.87,0.252,484.0,2,0,Yes,Rent,3601.16,48,Debt Consolidation,18.78,No,South,23/01/2021,1
CR101466,54.0,male,married,bachelor,Employed,9.1,17855.14,479.38,0.322,549.0,17,0,No,Own,8982.49,48,Business,5.4,No,South,23/10/2021,0
CR103599,54.0,Male, Married ,Bachelor,Unemployed,27.0,23205.26,996.88,0.516,791.0,14,1,Yes,MORTGAGE,58192.0,12,Car,15.23,No,North,08/10/2021,0
CR100802,47.0,Male,Divorced,, Self-Employed ,5.5,59054.87,2539.24,0.516,619.0,1,1,,Mortgage,5838.35,60,Debt_Consolidation,10.03,No,South,02-16-2023,1
CR103071,,male,Single,PhD,Unemployed,15.0,21368.27,181.67,0.102,401.0,18,0,No,,52451.29,24,Debt Consolidation,14.55,No,West,12-06-2021,1
CR103986,35.0,Male,Married,High School,SELF-EMPLOYED,0.7,10437.38,75.43,0.087,505.0,4,1,Yes,Rent,22875.09,60,Education,13.67,no,Central,09-18-2023,0
CR103282,74.0,Female,Married,Bachelor,Employed,18.4,,69.17,0.03,331.0,0,0, Yes ,Rent,57206.93,60,Other,25.34,No,South,20/09/2023,0
CR100405,47.0,Male,Married,Master,Employed,13.3,78319.14,2391.32,0.366,,4,1, No ,Mortgage,54445.28,36,MEDICAL,13.93,No,South,2024-11-24,0
CR100960,26.0,Male,Single,High School, Employed ,11.3,59163.16,2021.86,0.41,636.0,2,0,No,Rent,19560.1,12,Medical,22.16,No,north,10-16-2021,0
CR101241,63.0,Male,Single,Master,Employed,4.8,49989.35,535.99,0.129,341.0,14,0,yes,Own,14065.64,12,Other,11.74, No , East ,07-27-2021,0
CR100722,67.0,Female,Married, Master ,Unemployed,,66770.22,3011.36,0.541,335.0,12,0,NO,own,31817.74,60,Debt Consolidation,18.49,,West,10-04-2022,0
CR103249,40.0, Male ,Single,Master,Retired,10.0,33320.82,910.35,0.328,480.0,11,0,Yes,Own,17694.28,12,Debt Consolidation,13.9,No,East,05-22-2021,0
CR102245,, Male ,Single,Bachelor,Employed,1.1,69440.39,1815.05,0.314,684.0,4,1,No,Other,26515.48,24,Car,16.04,Yes,West,2022-06-01,0
CR102596,47.0, Female ,Single,Bachelor,Employed,14.4,58702.42,1284.28,0.263,614.0,9,1,Y,Rent,53539.59,12,Education,13.95,No,North,07-01-2023,0
CR104290,21.0,Female,Single,Bachelor,Employed,17.1,22031.83,621.78,0.339,837.0,10,0,No, Other ,30885.55,48,Home Improvement,10.25,No,West,2024-01-01,0
CR103610,50.0,Male,Single,Master,Employed,5.3,21096.41,351.23,0.2,,8,0,No,Rent,36797.75,48,Debt Consolidation,25.81,,West,2021-10-23,0
CR101743,19.0,Female,Married,Bachelor,Employed,2.5,27501.06,154.57,0.067,,6,1,Yes,,41609.01,12,Medical,9.56,Yes,East,07-06-2023,1
CR103608,53.0,other,Married,master,Employed,1.8,37626.28,473.03,0.151,520.0,4,0,No, Own ,33755.82,24,Home Improvement,8.88,no,CENTRAL,09/06/2021,1
CR103977,75.0,Other,single,High School,Employed,3.8,40113.09,1068.37,0.32,531.0,1,1,Yes,Rent,42417.45,60,Other,22.19,No,East,10-11-2023,0
CR103717,32.0,Male,single, High School ,Employed,1.1,66743.56,315.48,0.057,799.0,16,0,No,Mortgage,24707.11,48,Other,27.13,No, North ,09-18-2023,0
CR102689,74.0,Female,Married,Bachelor,Self-Employed,0.0,152520.2,6408.13,0.504,486.0,5,1,Yes,Own,15462.75,12,Home Improvement,8.02,No,South,09-30-2023,0
CR100676,51.0,Other,Single,bachelor,EMPLOYED,5.7,84046.29,177.56,0.025,373.0,7,0,Yes, Rent ,10805.27,12,Other,14.82,No, East ,01/03/2023,0
CR103587,57.0,Male,Married,,Unemployed,9.4,65228.61,2022.67,0.372,658.0,15,1, N ,Rent,47014.12,12,home improvement,11.52,Yes, West ,09-18-2022,0
CR101901,48.0,Male,Married,bachelor,Self-Employed,1.9,40558.36,1801.45,0.533,487.0,13,1,No,Rent,42558.99,12, Home Improvement ,14.84,,Central,14/09/2023,1
CR102389,,Male, Married ,High School, Employed ,10.4,25896.12,1158.69,0.537,700.0,0,0,NO, Rent ,17642.99,60,Debt_Consolidation,13.73,Yes,East,09/09/2023,1
CR103700,26.0,Male,Divorced, Bachelor ,Employed,0.0,,880.31,0.304,740.0,11,0, No ,,11628.77,12,Education,24.3,No,East,08-15-2023,0
CR102372,21.0,Male,Single,High School,Employed,0.0,17757.58,223.1,0.151,320.0,3,1,yes,,22187.73,36,Car,23.76,No,West,2023-09-08,0
CR101973,37.0,Male,single,Bachelor,Employed,15.9,19657.2,842.94,0.515,837.0,0,0,No,Mortgage,10744.83,36,Medical,18.51,No,North,2023-02-11,0
CR102530,71.0, Female ,Married,Other,Unemployed,8.7,31784.39,1419.95,0.536,755.0,3,1, Yes ,Rent,58998.39,48,Debt Consolidation,16.27,No,East,07-21-2023,1
CR104112,26.0,Female,Divorced,Master,Employed,7.7,29794.11,1025.5,,680.0,2,0,Yes,Own,25721.76,36,Business,28.29, No ,Central,10-29-2024,0
CR102771,20.0,Male,Single, Master ,Employed,12.4,60581.52,334.93,0.066,415.0,0,1,No,Mortgage,33087.51,60,Business,23.46,No,south,19/03/2021,0
CR100257,23.0,Female,Single,,Employed,9.4,40717.11,356.89,0.105,386.0,5,1,Yes,Mortgage,29754.18,36,Debt Consolidation,24.36,No,EAST,2024-05-19,0
CR100397,29.0,Female,SINGLE,Bachelor, Self-Employed ,2.5,40306.4,1140.34,0.34,597.0,14,0,, Own ,40801.55,48,Home Improvement,25.61,No,East,2021-05-25,0
CR103013,60.0,Female,Single,BACHELOR,Self-Employed,11.0,37685.09,598.46,0.191,522.0,16,0,No, Mortgage ,53238.87,48,Debt Consolidation,18.29,No,West,21/08/2024,0
CR104468,69.0,Male,Single,High School,Employed,10.5,37701.45,1119.77,0.356,709.0,13,0,No,Own,20709.03,48,Medical,19.71,,South,05-04-2024,0
CR100498,71.0, Male ,Single,,Self-Employed,3.2,29793.82,222.43,0.09,848.0,0,1,No, Rent ,34378.27,48,DEBT CONSOLIDATION,16.42,No,CENTRAL,25/10/2023,0
CR103776,48.0,Female,Divorced,High School,Employed,9.1,51160.24,2176.41,0.51,760.0,2,2,0,Own,7918.31,36,Medical,10.57,No,East,2021-09-14,0
CR103503,29.0,Male,Married,Master,Employed,20.4,10991.55,72.28,0.079,610.0,5,1,Yes,Rent,50106.87,36, Debt Consolidation ,24.73,No,South,23/02/2021,0
CR101991,43.0,Female,Single,BACHELOR,Employed,0.0,23104.58,677.1,0.352,830.0,11,2,No,Mortgage,13787.0,60,Home Improvement,11.46,Yes,South,2021-05-13,0
CR102747,64.0,Female,divorced,Bachelor,Employed,4.5,42542.64,1308.37,0.369,,15,0,No,RENT,10312.68,48,Debt Consolidation,21.15,No,WEST,12-29-2024,0
CR100694,23.0,Female,Single,Bachelor,Unemployed,0.4,63586.76,1680.26,0.317,754.0,11,0,Yes,Rent,52156.81,12,Debt Consolidation,6.4,,South,2022-12-11,0
CR101647,56.0,Male,Married,High_School,Employed,7.6,45717.41,1909.11,0.501,340.0,14,0,Y,Mortgage,49398.54,24,debt consolidation,25.06,yes,East,2024-09-15,1
CR102348,29.0,Male,Single,Bachelor,Employed,9.3,44510.08,1145.32,0.309,400.0,12,1, No ,Own,53265.99,60,Education,5.86,No,East,2021-01-22,1
CR100030,44.0,Male,Single,Bachelor,Employed,19.0,57100.4,1619.74,0.34,,1,0,Yes,,23688.15,24,Home Improvement,19.19,No,South,2022-04-26,1
CR100276,45.0,Female,Married,High School,employed,15.1,28380.42,1228.55,0.519,526.0,14,1,No,Own,44187.47,60,Home Improvement,10.47,,North,2023-10-29,1
CR103354,74.0,male,MARRIED,PhD, Self-Employed ,11.0,47768.02,1367.27,0.343,664.0,9,0,,,2342.46,60,Business,18.84,no,Central,28/02/2024,0
CR100358,23.0,Female,,Bachelor,Unemployed,8.4,23142.9,638.58,0.331,338.0,2,0,no,Mortgage,10634.3,48,Car,19.89,No,West,2023-11-19,0
CR101074,,Male,Single,Other,Employed,1.5,48884.68,965.51,0.237,458.0,9,1,No,Rent,44127.55,60,Other,21.1,NO,North,18/07/2024,0
CR100706,18.0,Female,Single,Master,Self-Employed,14.1,52427.34,1779.67,0.407,711.0,3,0,No,Other,23111.54,60,business,9.29,Yes,West,09-23-2023,1
CR100052,39.0,Male,,Master,retired,8.9,41486.28,1268.46,0.367,523.0,17,0, No , Mortgage ,19218.34,60,debt consolidation,21.77,NO,Central,2023-03-19,0
CR101742,44.0,Male,Single,High School,Retired,10.5,40826.88,1768.8,0.52,652.0,14,1,No, Rent ,12261.13,12, Medical ,6.68,No, South ,02/03/2022,0
CR104533,61.0,Male,Single,Other,Employed,0.0,10061.45,433.35,0.517,435.0,9,0,No,rent,42725.09,24,Debt Consolidation,21.77,No,central,2024-10-05,0
CR102877,72.0,Female, Single ,Master,Employed,12.6,52327.64,1167.77,0.268,786.0,11,0,Yes,RENT,54119.65,24,debt consolidation,29.03,No,East,12-02-2022,1
CR100441,35.0,Male,Divorced,High School,Employed,,33269.36,364.81,0.132,,2,0,Y, Rent ,2177.72,24,Education,20.45,No,South,11/11/2022,1
CR104482,,Female, Married ,High School,Employed,11.7,113076.94,1309.34,0.139,668.0,13,0, Y ,,24194.44,48,Debt Consolidation,18.31,No,North,07-24-2021,1
CR102721,56.0,Male,Single,HIGH SCHOOL,Employed,0.0,46667.4,1095.27,0.282,761.0,10,0, No ,Mortgage,42594.87,48,Debt Consolidation,7.43,no,Central,05-20-2023,1
CR101844,61.0, Male ,Married,Bachelor,Retired,7.3,37032.85,1213.09,0.393,713.0,2,1,no,Own,56821.76,24,home improvement,19.87, No , East ,2022-09-23,0
CR103112,21.0,Female, Widowed ,High School,Retired,2.3,61855.99,260.14,0.05,526.0,11,0,0, Rent ,41400.96,36,Education,5.61,No,Central,06-17-2021,0
CR101491,46.0,Male,Single, High School ,Employed,7.9,56795.51,1321.48,0.279,680.0,19,0,No, Mortgage ,41115.51,48,Medical,26.0,No,Central,2024-04-15,0
CR103164,25.0,Female,Married,High School,Self-Employed,3.9,26660.16,442.72,0.199,348.0,0,0,Yes,Rent,2762.97,48,Home Improvement,6.11,,North,03/06/2023,0
CR101435,23.0,Male,Single,BACHELOR,Unemployed,0.1,58711.34,2474.62,0.506,618.0,14,1,Yes,Own,37667.26,36,Education,7.13,No,Central,01/10/2022,0
CR101702,57.0,Female,SINGLE,Bachelor,employed,0.0,47476.52,922.06,0.233,464.0,13,0,No,Rent,29828.49,12,Education,11.42,No,Central,14/01/2022,0
CR102192,34.0, Male ,,Bachelor,Employed,0.0,55802.66,1930.71,0.415,721.0,12,0,Yes,mortgage,10231.85,36,Medical,10.17,Yes,West,2023-08-23,0
CR103897,19.0,male,Single,High School,Employed,16.1,15632.07,233.81,0.179,794.0,4,0,1,Own,52970.28,36,Medical,19.02,No,Central,2023-10-09,0
CR104062,54.0,Male,MARRIED,Master,Employed,7.5,44216.54,1859.46,0.505,558.0,4,0,No,Rent,10381.76,36,Debt_Consolidation,7.23,No,South,01-29-2022,0
CR103445,59.0,Female,Married,Bachelor,Employed,0.0,23430.4,773.01,0.396,335.0,19,1,Yes,Rent,20405.5,24,Car,20.53,No,West,07/09/2022,1
CR102025,45.0,Female,MARRIED,High School,Unemployed,8.6,24520.08,112.98,0.055,781.0,13,0,Yes,Rent,56569.1,24,CAR,9.35,No,West,12/11/2024,0
CR103092,59.0,Female,divorced,Master,Employed,9.5,44115.09,1039.54,0.283,558.0,7,0,No,mortgage,16984.45,60,Car,13.33, Yes ,North,2022-04-15,0
CR101831,73.0,Male,Divorced,Master,Employed,0.2,46805.2,1403.89,,749.0,19,0,Yes,Mortgage,49605.38,48,Debt Consolidation,26.45,No,East,03-04-2024,0
CR101176,,Male,Married, Master ,Employed,6.1,49221.28,941.1,0.229,405.0,17,1,YES,Rent,9167.86,48,Home Improvement,18.07,No,East,20/07/2023,1
CR100901,20.0,female,SINGLE,high school,Self-Employed,3.1,25536.0,746.67,0.351,555.0,19,0,YES,Rent,12892.14,24,Car,29.08,No,Central,2021-12-25,0
CR103195,28.0,Male,Married,Master,Employed,0.0,31696.85,1210.02,0.458,600.0,3,0,No,Mortgage,32394.6,12,Home Improvement,11.4,No,SOUTH,12-19-2023,0
CR102370,20.0,Female,Married,Master,EMPLOYED,5.2,50357.38,2240.07,0.534,492.0,17,1,Yes,Other,34375.29,12,Other,22.93,Yes, West ,27/11/2021,0
CR102011,40.0,Male,Widowed,PhD,Employed,9.4,,2002.59,0.293,380.0,17,0,No,Mortgage,7131.62,36,Home Improvement,11.13,NO,East,2024-10-03,1
CR101955,41.0,female,Married,Bachelor,Employed,9.1,67756.3,3056.78,0.541,489.0,12,0,YES,Own,38875.05,24,Car,18.62,No,West,2023-09-21,0
CR102215,40.0,Female,,BACHELOR,Self-Employed,8.2,28800.51,933.27,0.389,678.0,5,0,No,Mortgage,38169.9,36,Debt Consolidation,9.06,No,North,08/10/2024,0
CR100041,61.0,FEMALE,SINGLE,High School,Employed,20.0,61051.58,1540.56,0.303,,19,0,No,Mortgage,30049.71,12,Car,13.13,No,central,2021-08-26,1
CR101039,,Male,Single, Bachelor ,Self-Employed,8.8,47873.48,914.05,0.229,777.0,7,0,no,Rent,3434.87,48,Debt_Consolidation,15.42,,West,2022-03-12,0
CR102103,25.0,Male,Married,Bachelor,Self-Employed,7.5,22365.98,860.35,0.462,355.0,2,1,no,Mortgage,50801.39,36,Debt Consolidation,13.45,No,West,21/09/2023,0
CR102668,22.0,Male,Married,High School, Employed ,7.6,30511.65,994.65,0.391,413.0,19,0,NO,Other,52688.19,12,DEBT CONSOLIDATION,24.27,No,South,2024-11-23,1
CR101881,33.0, Female ,Single,Bachelor,Employed,0.0,23548.11,342.52,0.175,432.0,11,3,No,Rent,38036.08,36,debt consolidation,22.29,No,East,2022-08-23,1
CR103179,27.0,female,Married,Bachelor,Retired,14.5,24348.63,58.8,0.029,,0,2,0,Mortgage,52543.92,48,Car,26.65, No ,East,10/05/2021,0
CR101164,,female,Divorced,master,Employed,8.8,32383.18,1080.71,0.4,788.0,14,0,No,Rent,27482.98,48,Business,18.73,NO,South,01-11-2023,0
CR102428,61.0,Male,Married,PhD,Self-Employed,3.9,30364.49,1167.2,0.461,531.0,0,0,No,Own,9901.47,48,Debt Consolidation,5.2,No,East,08-20-2024,0
CR100999,47.0,Male,Single,Bachelor,Employed,9.8,41463.86,1031.75,0.299,571.0,12,0,0,Other,44042.06,12,Car,5.32,No,East,2022-04-10,1
CR103352,24.0,Female,Single, Bachelor ,Employed,7.0,69023.11,2582.24,0.449,698.0,15,1,NO,Rent,42592.04,36,car,14.54,,South,2024-01-22,0
CR101519,44.0,Female,SINGLE,Bachelor,retired,9.1,33610.55,381.35,0.136,460.0,19,0,Yes,OWN,12744.21,48,Debt_Consolidation,13.09,,Central,2021-11-19,0
CR101197,74.0,female,Married,High School,Retired,9.1,13594.88,324.2,0.286,,16,1,No,Own,47105.38,48, Home Improvement ,29.3,no,East,2024-08-27,0
CR101208,34.0,Male,Married,PhD, Employed ,1.5,25539.07,1027.38,0.483,526.0,19,0,No,Mortgage,53905.48,60,Debt Consolidation,28.34,Yes,West,05-17-2022,1
CR100377,61.0,Female,MARRIED, Other ,Employed,3.3,27879.05,644.97,0.278,714.0,8,0,Yes,Rent,6790.46,60,DEBT CONSOLIDATION,18.74,NO,central,02/03/2024,0
CR103002,71.0, Male ,Single,OTHER,Employed,4.9,43927.84,1464.53,0.4,,13,1,No,Rent,43453.48,24,Education,20.31,No,East,2023-04-04,0
CR101574,26.0,Male,Single,high school,Employed,0.5,12098.83,516.04,0.512,,15,0,no,Rent,53204.51,60,Business,25.28,No,east,21/08/2023,1
CR100439,41.0,Female,Married,high school,Employed,4.5,27725.46,61.39,0.027,754.0,4,0,N,Mortgage,52663.78,48,Debt Consolidation,11.03,No,West,2022-03-12,0
CR101784,60.0,Female,Single,PhD,Self-Employed,0.0,58970.94,1304.82,0.266,359.0,19,0,,Rent,56645.61,24,Debt Consolidation,10.38,No,Central,07-12-2022,0
CR102581,44.0,Female,Single,Other, Employed ,6.3,44984.16,1577.15,0.421,,12,1,NO, Rent ,17116.76,36, Other ,29.42,No,West,2023-09-22,0
CR101412,32.0,Male,SINGLE,Other,Employed,19.5,29139.89,1296.56,0.534,439.0,12,0,No,Rent,45321.67,36,DEBT CONSOLIDATION,7.26,No,South,20/10/2024,0
CR100425,29.0,Male,,Bachelor,Employed,2.9,25059.71,919.28,0.44,754.0,5,1,No, Rent ,23917.3,48,Business,22.97,No,north,2023-11-09,0
CR102942,62.0, Male ,Single,Master,Employed,21.2,42807.15,1857.86,0.521,811.0,4,2,Yes,Rent,26594.54,12,Education,23.01,No,West,2023-01-05,0
CR102959,45.0, Male ,Single,Bachelor,Employed,8.7,27680.14,1054.22,0.457,743.0,17,0,1,Rent,40620.44,24,Education,26.8,No,Central,15/07/2024,0
CR103840,68.0,Male,Single,BACHELOR,Retired,9.8,20783.9,861.98,0.498,308.0,2,0, Yes ,mortgage,17236.48,24,other,11.15, No ,North,2023-12-20,0
CR103293,34.0,MALE, Married ,BACHELOR, Self-Employed ,5.1,18772.04,475.55,0.304,409.0,14,1,No,Rent,4465.08,60,Other,26.1,,North,02/02/2023,1
CR101346,67.0,Male,married,High School,Self-Employed,16.1,87095.12,963.83,,661.0,5,0,No,Own,44858.79,36,Car,8.04,No,South,08-22-2023,1
CR102272,35.0,Male,Married,High School,Employed,1.6,30219.1,160.47,0.064,304.0,16,0,N,Rent,20416.43,12,Business,13.23,No,Central,07-10-2024,0
CR102828,54.0,Female,widowed, High School ,UNEMPLOYED,1.5,28976.54,217.63,0.09,567.0,19,0,No,MORTGAGE,51806.32,12,Home Improvement,8.55,No,North,10/08/2021,0
CR103781,31.0,Female,Married,High School,employed,0.0,35082.08,192.95,0.066,,10,3,YES,Own,35667.44,36,Debt Consolidation,14.26, Yes ,North,2022-09-23,1
CR100294,49.0,Male,Married,Bachelor,Employed,13.1,23005.15,373.1,0.195,793.0,6,1,Yes,Mortgage,46976.27,12,Car,20.47,No, East ,11/10/2023,1
CR101649,66.0,MALE,divorced, High School ,Employed,8.1,38271.61,1071.48,0.336,356.0,4,0,Y, Mortgage ,32869.86,60,Debt Consolidation,16.02,No,South,09/08/2024,0
CR102586,39.0, Female ,Married,Bachelor, Unemployed ,3.2,49274.64,1587.41,0.387,,1,1,0,Rent,58989.31,60,BUSINESS,23.79,No,Central,02-04-2024,1
CR103394,37.0,Female,single,master,Employed,,27817.11,248.94,0.107,368.0,14,0,Y,Rent,30634.62,36,Debt Consolidation,10.37,No,East,2024-11-04,0
CR100076,37.0,Male,Divorced,MASTER,Employed,5.5,34250.2,1325.77,0.465,,19,0,No,Mortgage,5909.18,36,Home Improvement,7.05,Yes, Central ,2022-05-25,0
CR100116,20.0,Male, Divorced ,PhD,Employed,5.1,21329.3,528.96,,381.0,5,1,,MORTGAGE,48885.84,60,Medical,23.04,No,South,03-23-2024,1
CR103102,18.0, Female ,Single,Other,Employed,12.6,51189.22,1904.5,0.446,,0,3,0,Mortgage,28698.33,36,Home Improvement,16.15,No,Central,25/10/2021,0
CR104525,44.0,Male,Single, Bachelor , Self-Employed ,4.5,38233.26,191.76,0.06,481.0,6,0,Yes,rent,25917.7,12,DEBT CONSOLIDATION,16.29,No,Central,07-17-2023,1
CR103428,63.0,Male,single,Master,Self-Employed,2.3,36853.89,1519.28,0.495,540.0,6,0,No,Mortgage,36772.24,36,Education,15.71,No, North ,2024-03-13,0
CR103025,54.0,Female,Single,High_School,Unemployed,0.0,69383.46,1666.81,0.288,318.0,7,0,No,Rent,37206.96,60,Medical,15.27,No,South,2023-07-23,0
CR103252,27.0,male,SINGLE,Master, Employed ,19.0,41730.92,158.19,0.045,703.0,17,2,No,Own,49138.21,12,Home Improvement,6.13,Yes,Central,26/02/2024,1
CR102695,39.0,Female,Single,Bachelor,Employed,4.3,,549.87,0.135,546.0,4,0,0,Mortgage,5896.52,12,Education,19.45,No, West ,25/01/2024,0
CR102720,54.0, Male ,Divorced,Master,employed,9.4,14978.61,328.22,0.263,652.0,7,1,no,Own,32254.32,36,Home Improvement,21.88,no,Central,11-17-2024,0
CR102468,19.0,Female,Married, Master ,Employed,13.5,37660.63,408.64,0.13,,3,0,YES,Rent,19029.97,60,Education,17.13,Yes,Central,2021-12-30,0
CR104347,,Female, Single ,PhD,Employed,8.1,27888.54,897.56,0.386,841.0,8,1,Yes,Other,52064.55,48,debt consolidation,28.02,No,South,07/05/2023,0
CR104335,42.0,Female,Single,,SELF-EMPLOYED,,58515.38,116.39,0.024,,9,0,No,,25076.73,24,Debt Consolidation,24.13,No,North,2021-01-29,0
CR104318,67.0,Male,Married,Bachelor,Unemployed,10.3,39737.75,980.86,0.296,807.0,18,0,No,Other,16792.44,12,Car,11.38,no,West,07/07/2021,0
CR101945,24.0,Female,Single,Master,Employed,8.3,16501.46,527.35,0.383,710.0,17,1,No,Rent,4033.87,60,Debt Consolidation,5.54,No,East,18/07/2021,1
CR100122,55.0,Female,widowed,Bachelor,Employed,15.7,27884.73,455.9,0.196,315.0,0,0,Yes,Rent,5560.92,48,Education,7.15,No,West,26/04/2022,0
CR102544,64.0,Male,Single,Other,Employed,,64758.43,734.13,0.136,561.0,16,0,No,Own,59155.59,36,business,5.62,NO,Central,04-04-2024,0
CR100525,35.0,male,Single,Bachelor,Employed,7.3,39149.06,1759.03,0.539,750.0,10,0,1,Other,42394.63,48,Debt Consolidation,15.31,No,East,11/06/2024,0
CR100136,52.0,Male,,High School,UNEMPLOYED,10.2,,1236.07,0.373,562.0,12,0,0,Rent,44111.45,12,Car,12.24,No,East,19/11/2022,1
CR101237,25.0,Female,,Bachelor, Unemployed ,0.0,26011.7,1179.97,0.544,607.0,15,1,0,own,31589.79,60,Other,17.85,No,North,01-11-2022,0
CR101165,24.0,Female,single,High_School,self-employed,8.2,30098.31,828.85,0.33,432.0,2,0,Yes,Own,17346.26,12,Debt Consolidation,20.24,No,South,07-03-2022,1
CR103528,28.0,Other,Married,Master,Employed,0.4,39820.49,1562.56,0.471,546.0,7,0,NO,Mortgage,48877.71,60,Debt Consolidation,25.92,No,North,03-12-2021,0
CR104593,60.0,Female,Single,Bachelor,Employed,2.3,28194.96,1079.64,0.46,417.0,2,1,Yes,Rent,19176.86,12,Other,20.98,No,West,12-23-2022,0
CR100546,42.0,Female,Married,high school,Employed,13.9,37979.95,1100.39,0.348,665.0,12,1,No,RENT,38163.44,12,Home_Improvement,26.49,No,South,2023-01-11,0
CR101130,41.0,Male,Divorced,High_School,Retired,5.7,18847.48,330.85,0.211,690.0,18,0,0,Mortgage,15453.51,36,Education,4.73,No,North,2023-10-06,0
CR101609,25.0, Female , Single ,Master,Employed,,35602.11,469.03,0.158,428.0,3,0,0,Rent,6235.76,24,Other,16.69,No,South,2024-01-22,0
CR103881,30.0,Male,Single,Bachelor, Employed ,8.0,58552.29,2384.81,0.489,352.0,12,0,Yes,Own,58545.39,36,Debt Consolidation,6.62,No,East,17/06/2021,1
CR103970,,Female,Divorced,Master,Employed,9.4,29435.54,1232.25,0.502,,10,0,1,Mortgage,47804.33,36,Home_Improvement,22.35,No,West,11-21-2023,1
CR102424,38.0,male,Single, Master ,Employed,0.0,23481.67,87.99,0.045,820.0,8,0,No,Own,39072.67,48, Education ,12.77,No, East ,2021-10-19,0
CR103278,75.0,Female,Married,high school,Self-Employed,14.0,124978.73,1420.67,0.136,779.0,7,2,0,Rent,41188.87,12,Car,17.61,No,Central,02-02-2024,0
CR102736,51.0,Female,Divorced,,EMPLOYED,1.7,43289.03,277.51,0.077,601.0,17,0,No,Rent,10767.53,48,MEDICAL,27.49, No ,West,2021-01-03,0
CR101108,72.0,Female,Married,BACHELOR,Employed,9.6,16363.19,353.77,0.259,846.0,3,2,Yes,mortgage,1225.06,48,Home Improvement,28.36,No,Central,06-06-2022,0
CR102388,73.0,Female,Single,BACHELOR,Employed,5.3,35617.54,1331.42,0.449,731.0,19,0,No,Mortgage,46482.8,48,Debt Consolidation,20.2,No,south,2024-02-22,0
CR102286,70.0,Male,Single,Bachelor,Employed,8.8,26528.11,449.23,0.203,849.0,9,0,Yes,Rent,2725.92,60,Debt_Consolidation,5.1,No,South,2022-05-05,0
CR103177,35.0,Male,,Bachelor, Unemployed ,14.9,58230.01,1870.76,0.386,508.0,16,1,Yes,Own,51806.84,24,Home Improvement,13.45,Yes,South,06-18-2024,0
CR102422,,Male,Married,High School,Unemployed,12.5,41351.39,1864.26,0.541,679.0,0,0,No,Rent,46294.96,12,Education,9.49,No,West,03-14-2023,0
CR103078,29.0,Female,MARRIED,Master,self-employed,6.9,133084.68,3784.12,0.341,376.0,1,0,No,Own,54668.92,24,Car,5.19,Yes,East,05-19-2023,0
CR102047,48.0,Male,MARRIED,Master,Self-Employed,4.8,159113.74,4663.49,0.352,439.0,16,0,,Rent,5403.43,12,Other,15.85,No,South,09-05-2023,1
CR102139,41.0,MALE,Divorced,BACHELOR,Self-Employed,,50843.7,670.3,0.158,667.0,7,0,,Mortgage,9031.92,12,Other,16.88,No,East,02-20-2021,0
CR101962,26.0,Female, Married ,bachelor,Retired,0.0,49896.08,1971.98,0.474,497.0,8,0, Yes ,mortgage,27537.88,60,Business,22.7,Yes,North,2023-03-01,1
CR102031,28.0,Male,Widowed, Other ,Employed,13.6,164655.97,4006.67,0.292,303.0,11,1,no,OTHER,33138.28,12,Car,13.89,No,South,12-11-2024,0
CR101250,32.0,Male,Married,Bachelor,Self-Employed,7.3,41322.63,295.92,0.086,337.0,11,2,Yes,OWN,32385.25,60,Business,22.63,No,west,25/04/2022,0
CR100972,45.0,Female,Single,Bachelor,Unemployed,8.9,25319.09,473.73,0.225,467.0,12,1,NO,OWN,49291.13,24,Debt Consolidation,20.35,No,East,06-11-2021,1
CR100859,64.0,male,single,Bachelor,Employed,7.9,33400.32,373.57,0.134,726.0,6,2,No,Own,17803.07,48,debt consolidation,25.34,Yes,East,10-21-2023,1
CR101421,75.0,Female,Single,Master,Employed,3.3,24659.0,214.44,0.104,681.0,14,0,Yes,MORTGAGE,53823.97,24,Car,6.02,No, East ,2021-11-13,0
CR104105,44.0,Male,Divorced,,Self-Employed,8.0,40781.96,1027.5,0.302,542.0,8,0,No,Mortgage,58468.71,36,Debt Consolidation,19.82, No ,East,2021-05-20,0
CR102837,70.0,Male,Single,Bachelor,Employed,6.7,20723.61,710.03,0.411,,7,1,Yes,Mortgage,1762.63,36,Home Improvement,20.11,No,Central,12-04-2024,0
CR103509,38.0,male,MARRIED,Bachelor,RETIRED,,35971.22,1065.51,0.355,458.0,17,1,Yes,Rent,30557.98,12,MEDICAL,6.99,No,Central,2023-12-01,0
CR102467,57.0,female,Single, High School ,Employed,0.0,22414.69,197.36,0.106,675.0,10,1,No,RENT,17451.62,12,Business,20.58,No,south,2022-04-28,0
CR103268,25.0,Male, Divorced ,Master,Employed,17.7,70409.53,1919.23,0.327,628.0,14,1,NO,Own,53632.58,24,Medical,19.34,Yes,South,2022-07-25,0
CR101969,,Male,Married,Master,self-employed,,59255.77,440.63,0.089,849.0,15,0,y,Mortgage,20075.62,48,debt consolidation,7.1,No,West,2022-04-08,0
CR100858,56.0,Female,Married,Master,UNEMPLOYED,15.0,,427.95,0.287,369.0,17,0,No,Own,34453.48,60,Home Improvement,16.43,No,Central,11-14-2022,0
CR102891,50.0,female,Single,Master,Self-Employed,4.5,30271.86,324.3,0.129,446.0,5,0,No,Other,57730.35,48,Home Improvement,21.86,No, West ,24/11/2021,1
CR101544,31.0,female,Single,Master,Employed,8.3,37927.11,1537.78,0.487,,15,0,No,Mortgage,24681.57,48,Business,24.34,No,Central,2024-04-23,0
CR103450,45.0,Male, Single ,Bachelor,UNEMPLOYED,6.8,32542.17,85.51,0.032,426.0,6,1,N,Mortgage,28148.96,24, Car ,14.32,No,North,05-09-2022,1
CR102337,65.0,Male,Married,MASTER,Employed,2.2,45304.98,1590.61,0.421,428.0,11,1,No,Own,3556.68,60,Debt Consolidation,9.89,NO,East,13/09/2024,0
CR101880,40.0,Male,Single, Bachelor ,Retired,0.7,,3603.21,0.52,,0,0,No,Rent,36844.15,48,Car,22.87, Yes ,West,20/05/2024,1
CR101626,,Female,Married,Bachelor,Employed,6.5,61351.57,1960.85,0.384,447.0,15,0,Yes,Mortgage,19876.34,12,DEBT CONSOLIDATION,28.26,No,South,20/04/2023,0
CR103675,,FEMALE,Married,High School, Employed ,9.4,89293.39,4002.58,0.538,697.0,18,1,No,Rent,11152.12,36,Business,18.87,NO,North,10-04-2024,0
CR102490,37.0,Female,Single, Master ,Employed,0.4,31544.53,1364.78,0.519,502.0,8,0,no,Other,15369.93,36,Education,25.03,Yes, South ,05-07-2021,0
CR104400,39.0,Male,Married,High_School,Employed,10.0,37970.93,1180.09,0.373,526.0,3,0,NO,RENT,53677.52,24,Medical,20.42,NO,West,02/07/2023,1
CR100940,58.0,male,Single,High School,Unemployed,17.7,22873.24,948.86,0.498,697.0,10,0,No,Rent,3090.88,60,other,13.55,No,East,04-09-2021,1
CR101816,31.0,Female, Married ,Master,Employed,8.3,69161.16,2200.73,0.382,818.0,7,2,Y, Mortgage ,33487.57,48,Car,28.32,,East,23/09/2022,0
CR100082,27.0,Female,Divorced,High School,Employed,20.6,32841.05,345.82,0.126,814.0,19,0,1,Rent,31354.91,48,Business,14.94,Yes,North,2021-02-19,0
CR102569,71.0,Male, Divorced ,Bachelor,Employed,7.8,72726.36,563.58,0.093,577.0,7,0,Yes,Other,1467.54,36,Car,24.54,No,WEST,2023-07-27,0
CR104014,34.0,Male,Married,,Employed,0.1,24683.58,793.77,0.386,346.0,11,1,NO,Rent,50252.9,36,Debt Consolidation,11.73,No,Central,27/08/2024,0
CR102583,56.0, Female ,Married,Bachelor,Employed,7.8,30841.67,567.81,0.221,607.0,6,0,,Rent,59262.88,12,Business,16.27, Yes ,south,2022-09-15,0
CR103024,39.0,Female,Married,Bachelor,Self-Employed,12.3,47041.39,1567.55,0.4,369.0,7,1,Yes,Mortgage,38356.0,36, Business ,23.32,no,West,02-28-2023,0
CR104481,35.0,Male,Single,high school,Retired,13.4,34059.98,239.85,0.085,753.0,14,1,1,Own,59913.37,36,Car,12.96,no,East,12-17-2024,0
CR102010,46.0,MALE,Single,High School,EMPLOYED,16.8,27868.63,640.73,0.276,484.0,7,0,Yes,Own,48049.51,36,Car,6.89,No,west,01-16-2022,0
CR103641,71.0,Male,Single,Bachelor,unemployed,5.5,43490.56,548.49,0.151,744.0,1,1,No,Rent,7382.42,24,Car,13.58,No,west,03-01-2021,0
CR104515,64.0,Female,Single,bachelor,Employed,5.0,14288.75,596.58,0.501,543.0,17,2,No,Rent,7991.12,12,Home Improvement,14.2,Yes,East,2023-12-24,0
CR103576,55.0,female,Married,Master,Employed,1.2,34108.66,1060.85,0.373,387.0,1,0,No,Mortgage,50318.72,12,Medical,23.44,No,West,05-28-2021,0
CR103572,57.0,Male,Divorced,Bachelor,Self-Employed,6.4,79356.13,2935.97,0.444,832.0,3,1,No,Own,25240.85,12,Car,7.56,No,Central,17/01/2022,1
CR101311,38.0,MALE,Married,High School,Employed,2.8,20478.09,819.84,0.48,446.0,18,0,No,Mortgage,15762.17,36, Car ,21.88,No,South,20/09/2022,0
CR101359,39.0,Male,Married,BACHELOR,Employed,,22078.33,344.3,0.187,810.0,10,1,Yes,Mortgage,22696.83,48,Other,22.9,No,South,18/10/2023,0
CR103995,37.0,Female,married,Bachelor,Employed,8.1,73253.9,674.15,0.11,596.0,8,0,No,Rent,59037.45,24,Education,10.23,,North,11-25-2021,0
CR101007,47.0, Male ,Married,,Employed,1.5,35874.86,1035.23,0.346,301.0,4,1,Yes,Own,19395.66,12,Debt Consolidation,5.83,No,West,02-04-2024,1
CR100416,74.0,Female,Single,Bachelor,Employed,10.7,25686.08,738.93,,353.0,9,1, 0 ,Rent,19461.33,60,CAR,21.02, No ,North,2021-12-25,0
CR101321,33.0,Male,Single,High School,Self-Employed,6.8,23917.51,830.75,0.417,,2,0,,Rent,22681.67,12,Medical,9.89, No ,South,2024-11-27,0
CR103989,45.0,Female,Married,Bachelor,Employed,0.0,62511.48,114.88,0.022,718.0,14,1,Yes,Other,22191.97,48,BUSINESS,24.63,No,Central,12-28-2024,0
CR102217,75.0,Male,Single,Bachelor,Employed,16.6,54109.33,1957.33,0.434,781.0,17,2,No,Mortgage,10554.19,24,debt consolidation,26.79,No,East,06-10-2023,0
CR101016,40.0,Male,Single,Master,employed,0.8,31017.53,1154.09,0.446,368.0,0,1,0,Mortgage,56899.67,60,education,26.55,No,Central,2021-03-21,1
CR101273,57.0,Other,married,BACHELOR,Retired,9.0,26669.88,748.83,0.337,663.0,13,1,Yes,Rent,59390.82,12,Debt Consolidation,17.24,NO,south,02-18-2022,0
CR102799,41.0,Male,,Bachelor,Employed,,60882.79,2423.48,0.478,459.0,0,0,No,OTHER,26223.33,48,Education,17.19,No,South,2024-10-19,1
CR104259,19.0,Female,Single,Bachelor,Self-Employed,9.7,22490.16,631.65,0.337,333.0,5,0,No, Mortgage ,54157.56,48,Business,22.36,No,West,02-23-2023,1
CR104392,18.0,Female,Single,,unemployed,8.8,14751.09,167.65,,416.0,14,0,No,Own,20531.97,48,Debt Consolidation,28.62,Yes,Central,2023-07-28,1
CR100111,63.0,MALE,Single,High School,Employed,3.2,28755.61,556.8,0.232,328.0,19,0,Yes,,7605.3,48,Debt Consolidation,16.37,No,South,04/09/2024,1
CR101915,48.0,Female,Married, Bachelor ,Self-Employed,9.3,31620.53,543.71,0.206,587.0,11,2,,Mortgage,8236.28,60,Debt Consolidation,21.64,NO,Central,11-07-2022,0
CR102492,71.0, Male ,Divorced,Master,Employed,2.4,14307.84,220.88,,544.0,16,1,Yes,Rent,3733.5,24,Education,29.15,No, East ,2022-03-23,0
CR100919,54.0,Female,Single,Bachelor,Self-Employed,0.0,28984.91,94.92,0.039,493.0,16,0,No,mortgage,18866.83,48,Car,23.73,No,West,05/02/2022,0
CR101929,73.0,Male,Single,Bachelor,Employed,3.6,76607.9,365.39,0.057,,13,2,No,Own,32303.06,12,Education,20.52,No,NORTH,2024-10-11,0
CR101535,19.0,Male,,Bachelor,Employed,7.7,36385.49,1047.34,,678.0,9,1,No,Own,35017.63,24,OTHER,21.86,No,CENTRAL,2021-05-28,0
CR104288,62.0,Female,Married,Bachelor,Employed,8.6,33780.61,1101.96,0.391,790.0,0,0,Y,Rent,14126.31,24,Car,22.59,,NORTH,31/01/2023,0
CR103334,22.0,Female,Divorced,Bachelor,Employed,11.1,17896.37,62.0,0.042,349.0,12,0, Yes ,mortgage,20583.34,36,Debt Consolidation,29.19,no,West,19/11/2024,0
CR104024,44.0,Female,widowed,Bachelor,Self-Employed,16.7,86039.35,862.62,0.12,634.0,8,0,Yes,Mortgage,23377.06,60,Home Improvement,29.62,Yes,East,30/11/2021,0
CR102841,58.0,male,Single,Bachelor,Employed,8.0,23106.44,453.36,0.235,683.0,4,1,,Own,12721.73,60,Car,8.13,No,East,13/04/2023,0
CR104131,71.0,Male,Single,BACHELOR,Employed,7.9,36817.1,615.11,0.2,518.0,3,1,No,Rent,19300.77,36,Home_Improvement,8.47,Yes,Central,02-27-2024,1
CR100240,26.0,Female,Married,High School,Unemployed,9.5,26325.63,71.21,0.032,351.0,12,2,No,Own,33441.59,12,Debt Consolidation,28.24, No ,West,2021-06-23,0
CR103730,59.0,Female,Married,Master,employed,13.0,36223.13,1111.86,0.368,357.0,9,0,N,Own,49206.13,36,other,17.84,No,South,2021-10-01,0
CR103578,69.0,Female,Single, Bachelor ,Employed,7.7,47215.52,986.43,0.251,325.0,5,1,Yes,Other,23180.99,48, Debt Consolidation ,9.64,,Central,2023-06-11,0
CR102334,50.0,Female,Married, PhD ,Self-Employed,10.1,33041.58,1090.71,0.396,749.0,12,1,No,OTHER,10439.48,12,business,29.04,No,West,2021-03-29,0
CR103060,32.0,Female,WIDOWED,,Employed,11.2,45055.43,1156.34,,757.0,12,0,Yes,Own,25730.08,60,Debt Consolidation,7.48,No,West,11/03/2024,0
CR101312,63.0,Female,Divorced, High School , Employed ,2.3,24937.33,852.25,0.41,779.0,13,0,Yes,Rent,14911.82,48,Debt Consolidation,4.61,No,South,04/06/2023,0
CR104238,62.0,male,,high school,Employed,1.9,42900.27,689.62,0.193,714.0,7,1,No,Rent,17925.44,24,Debt Consolidation,18.58,No,East,2024-07-31,0
CR103551,48.0,Male,divorced, Bachelor ,Employed,,38934.24,1252.57,0.386,459.0,19,2,No,Other,51636.79,12,Debt Consolidation,21.17,No,North,2023-11-03,0
CR102340,42.0,Male,Married,Bachelor,Employed,4.5,70617.45,2397.14,0.407,530.0,16,1, Yes ,Own,29810.4,48,Education,12.94,No,North,19/01/2024,1
CR103699,62.0,female,Married,Bachelor,Employed,,56955.64,2361.39,0.498,771.0,12,1,Yes,mortgage,14966.69,12, Other ,28.44,,West,2024-05-30,0
CR103054,63.0,Male,Married,Bachelor,self-employed,2.9,15538.19,30.77,0.024,501.0,3,1,No,Other,58157.97,48,CAR,12.93, No , South ,2024-10-22,0
CR101550,34.0,Male,Single,Bachelor, Employed ,9.6,49482.29,2022.89,0.491,569.0,7,1,Yes,Mortgage,29784.31,48,Car,28.09,Yes,West,2023-12-27,1
CR100645,37.0,Male,Married,Other,Self-Employed,7.3,14776.72,172.26,0.14,365.0,4,1,1,rent,33808.91,12,Debt Consolidation,19.18,no,CENTRAL,07-13-2022,1
CR102638,26.0,Male, Married ,BACHELOR,employed,7.5,13506.79,516.41,0.459,356.0,7,0,No,Own,24596.08,24,Car,6.22,No,Central,2024-07-01,0
CR104269,47.0, Female ,Single, Master ,Unemployed,10.6,53788.3,206.13,0.046,762.0,9,0,Yes,Other,44890.72,36,Debt_Consolidation,11.18,No,West,03-25-2022,1
CR101259,64.0, Female ,Married,Master,Employed,12.3,19275.49,836.54,0.521,,10,0,0,,49796.3,36,Debt Consolidation,23.46,,North,2022-10-12,1
CR101689,23.0,Male,Married,Bachelor,Unemployed,3.7,98913.37,4297.6,0.521,664.0,2,0,No,RENT,14971.02,12,Debt Consolidation,23.54,No, East ,2023-11-18,1
CR104338,60.0,Male,Married,Bachelor,Self-Employed,0.6,24998.58,174.01,0.084,344.0,11,1,0,Rent,54137.96,36,Debt Consolidation,29.18,No,South,09/09/2021,0
CR102284,57.0,Female,Married,,EMPLOYED,7.4,16354.84,405.51,0.298,484.0,2,0,No,own,22149.49,60,debt consolidation,23.67,No,East,07/12/2022,1
CR100399,,Female,Single,Bachelor,Employed,,12688.2,467.47,0.442,602.0,16,0,0,Own,8687.83,60,Debt Consolidation,14.04,No,West,2022-08-21,0
CR103167,33.0,Female,Married,, Employed ,13.9,38458.77,1486.93,0.464,841.0,15,0,N,Own,54888.58,60,Car,28.35, Yes ,EAST,2024-11-06,0
CR102332,33.0, Male ,Divorced,HIGH SCHOOL,Retired,6.5,57719.95,291.73,0.061,535.0,9,0,yes,Mortgage,49406.42,12,Debt Consolidation,18.89,No,North,13/05/2021,1
CR100598,54.0,Other,Single,, Employed ,6.7,85825.78,409.13,0.057,578.0,19,0,No,Other,25690.71,60,Debt Consolidation,27.5,No,East,05-12-2021,0
CR101465,24.0,Male, Married ,High School,employed,0.0,34314.56,270.56,0.095,732.0,13,2,No,MORTGAGE,9681.98,24,CAR,11.95,No,Central,2021-10-05,0
CR101833,22.0,Male,Single,Bachelor,employed,5.3,70854.55,658.51,0.112,,8,1,No,Rent,36813.79,36,MEDICAL,13.17,NO,West,2024-10-07,0
CR100554,75.0,MALE,Married,Bachelor,Unemployed,,18873.88,217.15,0.138,730.0,6,0,No,Rent,24078.2,12,Car,25.71,No,West,07/09/2024,0
CR101700,33.0,Male,Single,BACHELOR,Employed,7.0,40370.27,388.86,0.116,756.0,2,0,No,Rent,8950.85,12,Debt Consolidation,16.73,No,NORTH,22/01/2022,0
CR103564,63.0,Male,Single,High School,employed,8.6,30534.31,116.39,0.046,742.0,8,0,No,RENT,15045.7,12,Business,22.42,No,central,2021-12-11,0
CR103724,18.0,Male,Married,MASTER,Unemployed,12.9,28099.26,718.8,0.307,603.0,12,1,No,Rent,58294.0,12,Car,21.61,Yes,East,28/02/2024,1
CR102203,37.0,Female, Widowed ,Other,Self-Employed,,61983.73,738.49,0.143,334.0,13,0,,Mortgage,7457.23,12,Home_Improvement,10.9,No,South,05/03/2023,0
CR101083,50.0,Female,Married,Master,Unemployed,6.3,18622.59,688.87,0.444,808.0,19,0,Y,Own,24069.12,48,Business,7.73,No,Central,11/03/2023,0
CR104219,27.0,Male,Single,bachelor,Self-Employed,3.5,111280.09,4685.3,0.505,383.0,10,0, No ,Mortgage,11662.92,12,Other,23.9,No,Central,22/10/2023,1
CR102525,36.0,Female,Married,PhD, Unemployed ,16.9,60286.12,2122.63,0.423,461.0,1,0,N, Rent ,52232.73,48,Car,20.74,no,North,14/12/2023,1
CR100198,37.0,Male,SINGLE,High School,Unemployed,1.7,43363.62,1841.38,0.51,833.0,0,0,No,mortgage,19966.32,12, Car ,11.85, No ,North,19/10/2021,1
CR103706,27.0,Female, Divorced ,,Employed,6.3,73527.09,1845.17,0.301,562.0,3,0, No ,Own,40661.86,60,Debt Consolidation,19.18,No,South,05-01-2024,1
CR104189,70.0,Male,MARRIED,Bachelor,Employed,16.9,42563.48,258.58,0.073,649.0,5,1,No,Own,13130.79,12,Home Improvement,11.44,No,West,13/03/2023,0
CR102735,,Female,SINGLE,,Retired,11.1,35553.94,1020.07,0.344,747.0,15,1,no,Mortgage,46223.8,36,Debt Consolidation,16.86,No,South,01/04/2021,0
CR102455,45.0,Male,SINGLE,PhD,Employed,13.0,25082.66,1013.89,0.485,482.0,15,0, No ,Own,25742.28,60,Debt Consolidation,13.95,No,North,11-18-2023,0
CR101125,66.0,Female,Widowed,BACHELOR,Employed,9.3,37039.52,187.21,,675.0,14,0,1,own,23156.99,36,Debt Consolidation,16.35,No,East,03-21-2024,0
CR100215,33.0,MALE,Single,master,Unemployed,5.7,23710.22,455.01,0.23,354.0,14,1,No,,28187.8,12,Debt Consolidation,14.82,No,East,26/11/2022,1
CR100748,36.0,Male,widowed,MASTER,Retired,11.7,8108.59,97.21,0.144,386.0,8,0,No,Mortgage,48520.11,48,business,23.08,No,Central,27/05/2022,0
CR100150,67.0,Female,Single,Bachelor,employed,9.6,16266.01,638.41,,361.0,9,0,No,Rent,50924.17,36,Business,23.68,No, Central ,2021-05-06,1
CR103027,61.0,Male,Married,,Employed,11.3,71935.77,2850.97,0.476,345.0,7,0,No,Rent,40025.74,36,Debt Consolidation,15.94,No,South,09-01-2023,1
CR102188,44.0,Female,Widowed,High School,Employed,0.0,27712.61,809.78,0.351,,14,0,No,Mortgage,29572.15,36,Medical,11.97,No,Central,2023-10-13,0
CR102043,61.0,Male,Single,Master,Employed,4.8,127326.98,5249.69,0.495,399.0,11,1,No,,55214.31,24,Debt Consolidation,9.48,No,CENTRAL,07-01-2022,1
CR103255,28.0,Female,Married,HIGH SCHOOL,Retired,9.7,22391.14,928.46,0.498,495.0,12,0,No,mortgage,58609.35,36,Business,5.35,no,Central,04-08-2024,0
CR102951,47.0,Female,SINGLE,High School,Retired,5.2,30140.6,1003.91,0.4,441.0,4,0,,Rent,2733.83,48,Education,17.67,No,North,09-17-2022,0
CR102958,47.0,FEMALE,Single,Master,Employed,,67973.75,2351.98,0.415,665.0,9,1,N,Mortgage,59822.63,60,Debt Consolidation,5.36,Yes,Central,08/07/2021,0
CR101606,26.0,Male,Married,,retired,6.5,18488.99,255.5,0.166,,11,0,Yes,Rent,49050.31,48,Debt Consolidation,26.24,, South ,01-02-2022,0
CR100759,60.0,Male,MARRIED,Other,Employed,8.2,28378.34,995.9,0.421,598.0,8,0,0,Rent,25546.32,48,Other,15.25,No,East,05-18-2022,0
CR100987,36.0,Male,Single,Bachelor,Employed,10.6,24972.05,1126.99,0.542,723.0,8,1,Yes,Other,10066.6,24,Home Improvement,29.89,No,North,08-01-2023,0
CR102458,45.0,male,Married,Bachelor,EMPLOYED,6.2,61711.83,1967.44,0.383,778.0,12,2,No,Own,29168.45,12,Debt Consolidation,6.07,No,NORTH,07/02/2024,0
CR102733,30.0,Male, Married ,Other,Employed,2.0,40699.09,833.47,0.246,849.0,3,0,No,,17577.6,60,Business,16.02,,West,2023-01-04,0
CR102350,49.0,Male,Divorced,Master,Unemployed,11.7,36571.67,182.38,0.06,491.0,16,0,Yes,Own,20372.73,12,Debt Consolidation,15.08,No,EAST,2023-06-04,0
CR102301,26.0,Female,Married,,Employed,12.2,46701.18,2110.83,0.542,764.0,4,1,N, Rent ,33793.13,12,Education,13.45,No, Central ,2022-11-05,0
CR101714,55.0,Male,Single,High School,Employed,9.7,21500.6,905.13,0.505,825.0,1,0,Yes,Mortgage,18023.94,24,Other,5.07,No,East,2022-04-28,0
CR102297,46.0,Female,,Master,Employed,5.6,35686.83,1585.9,0.533,590.0,9,1,Yes,Own,51217.45,24,Debt Consolidation,15.32,No,North,12-14-2022,0
CR101500,48.0,Female,Married,Bachelor,Unemployed,3.8,21694.75,592.02,0.327,630.0,18,0,1,Mortgage,13692.13,60,Debt Consolidation,21.93,No,North,2021-01-08,1
CR104433,24.0,Male,Single,MASTER,Self-Employed,1.0,33491.63,1444.44,0.518,611.0,1,0,Yes,Mortgage,48523.01,12,Business,25.09,No,central,02-03-2022,0
CR101031,28.0,Male, Single ,Bachelor,Employed,15.9,58553.23,1212.37,0.248,819.0,3,0,No, Mortgage ,3803.42,48,Car,9.72,No,CENTRAL,2023-12-06,0
CR104562,19.0, Female ,Single,Master,Employed,2.1,27439.82,777.31,0.34,463.0,1,1,No, Mortgage ,29195.72,48,Home Improvement,26.69,No,West,2024-04-21,0
CR102441,, Female ,Married,bachelor,Employed,,46672.92,829.25,0.213,403.0,19,0,No,Own,47294.6,24,Education,15.9,No,North,14/08/2023,0
CR103540,,Female,single,Bachelor,Employed,3.6,32784.65,271.96,0.1,554.0,11,0,No,RENT,56389.0,24, Other ,25.18,No,South,2024-11-13,0
CR104513,70.0,Male,Married,Master,SELF-EMPLOYED,7.6,69854.79,2353.9,0.404,698.0,2,0,Yes,Own,56198.53,12,Car,19.67,No,East,09-11-2022,0
CR103006,52.0,Male,Married,High School,employed,1.8,44312.41,575.42,0.156,777.0,4,1,no,mortgage,30052.08,12,BUSINESS,19.78,No,Central,03/11/2024,0
CR100088,62.0,Female,Single,HIGH SCHOOL,SELF-EMPLOYED,3.2,51999.87,1775.97,0.41,521.0,5,0,No,,36222.37,36,Business,28.26, No ,Central,07-09-2021,1
CR103314,41.0,Male,Divorced,Bachelor,Self-Employed,4.1,33618.92,498.97,0.178,330.0,16,0,No, Rent ,9714.84,24,Car,21.33,No,Central,07/01/2024,0
CR103080,43.0,Male, Single ,Bachelor,Employed,0.0,24210.83,990.62,0.491,383.0,5,0,NO,Rent,9360.65,60,Debt Consolidation,6.97,No,west,04/09/2023,0
CR104547,66.0,Female,MARRIED,High School,Employed,0.1,10003.57,194.51,0.233,748.0,8,0,No, Rent ,50011.62,36,DEBT CONSOLIDATION,12.89,no,East,04-09-2022,0
CR100910,62.0,FEMALE,Single,High School,Employed,5.1,30392.87,552.05,0.218,765.0,16,0,,,10792.66,48,HOME IMPROVEMENT,19.95,no,west,07/11/2021,0
CR103037,26.0,Female,Single,Bachelor,Employed,14.1,34586.01,178.37,0.062,807.0,12,0,No,,27194.2,36,Car,17.43,Yes,Central,2022-08-20,0
CR100782,25.0, Female ,married,Bachelor,Employed,1.3,49066.8,705.69,0.173,740.0,0,0,No,Rent,47517.02,12, Debt Consolidation ,13.48, No ,north,14/07/2022,0
CR101373,42.0,Male,Single,Bachelor,employed,11.5,35749.37,1121.17,0.376,,4,1,yes,Mortgage,6475.19,24,Home Improvement,15.99,No,west,05/07/2024,0
CR101537,24.0,MALE,Married,Bachelor,employed,12.5,18726.17,744.73,0.477,620.0,17,1,No,Own,1368.24,60,Debt Consolidation,28.16,NO,Central,11/09/2021,0
CR102015,36.0,Male,Single,PhD,retired,3.5,33271.91,188.26,0.068,538.0,3,1,,Mortgage,42974.69,48,Debt_Consolidation,6.68,,East,05-14-2022,1
CR101140,69.0,male,,BACHELOR,Employed,0.0,20301.6,669.1,0.395,520.0,8,2,Yes,Rent,14777.62,60,Debt_Consolidation,25.05,No,North,2021-08-25,0
CR100250,28.0,Female,Married,Bachelor,Unemployed,13.6,24424.64,844.93,0.415,311.0,1,1,No,Rent,12622.31,48,Debt Consolidation,4.73,No,East,26/10/2021,1
CR102147,72.0,Male,Single,Master,SELF-EMPLOYED,6.0,23669.17,239.93,0.122,690.0,1,1,No,,30720.24,48,Home_Improvement,28.95,No,South,11-06-2023,0
CR100585,71.0,Male,,High_School,EMPLOYED,13.4,54557.06,340.6,0.075,822.0,15,1,NO,own,31035.88,24,Debt Consolidation,8.97,No,West,05-20-2021,0
CR104329,69.0,Other,Married,,Employed,0.0,69168.46,2697.27,0.468,,1,1,No,Rent,46400.09,60,debt consolidation,4.68,No,East,09-07-2024,0
CR100488,62.0,Male,married, Other ,Employed,11.7,82240.54,2392.42,0.349,789.0,1,0,No,own,21629.48,24,Debt Consolidation,11.84,No,East,09/09/2022,0
CR101477,40.0,MALE,Married,Bachelor,Employed,2.3,84373.58,823.91,0.117,559.0,11,0,Yes,Other,38310.08,36,car,8.52,Yes,South,2021-09-26,1
CR101759,51.0,MALE,Married,HIGH SCHOOL,Employed,0.0,36904.73,1651.64,0.537,640.0,10,0,0,Rent,7633.35,48,Business,7.36,Yes,West,09-30-2023,1
CR104449,70.0,female,Married,Bachelor,Employed,0.0,27972.49,1153.03,0.495,457.0,15,1,Yes,Rent,40709.88,48,Debt Consolidation,9.89,No,West,08-23-2022,0
CR101410,21.0,Female,Single,Bachelor,Employed,6.9,39694.19,1361.13,0.411,312.0,17,1,No,Mortgage,54643.77,24,Car,21.06,No,West,12/11/2023,1
CR101811,55.0,Female,Married,Bachelor,Retired,0.4,81836.12,1079.9,0.158,410.0,3,0,Y,Own,40308.16,24,Debt Consolidation,22.26,No,South,11-18-2022,0
CR101078,42.0,Male,Married,Master,Unemployed,9.5,31497.13,1143.77,0.436,616.0,18,2,Yes,Mortgage,20077.02,12,Car,12.87,No,South,21/07/2021,0
CR103683,51.0,Female,,Bachelor,SELF-EMPLOYED,3.7,27209.57,632.46,0.279,319.0,12,0,No,Own,3977.99,60,HOME IMPROVEMENT,15.68,no,NORTH,27/09/2022,1
CR101086,64.0,Female,Divorced,,Unemployed,4.5,12036.37,431.6,0.43,701.0,8,0,Yes,Own,50640.01,48,education,17.09,No,Central,10-29-2024,0
CR101034,21.0,Female,single,High School,Employed,2.5,31733.23,187.38,0.071,471.0,11,0,0,Rent,44272.01,24,Debt Consolidation,9.78,No,Central,2022-12-28,0
CR103348,25.0,Female,Married,,Employed,3.8,25774.63,879.43,0.409,511.0,12,1,No,rent,57789.13,24,Business,6.85,No,West,12-04-2023,0
CR102241,56.0,Female,Married, Bachelor ,Employed,1.9,15677.54,161.85,0.124,666.0,3,0,No,Rent,32565.55,36,Other,23.53,No,North,05-15-2023,1
CR102563,41.0, Female ,SINGLE,Bachelor,Employed,6.3,,678.81,,412.0,15,1,Yes,Rent,40098.69,24,Car,5.2,No,East,08-05-2022,1
CR100293,37.0,Female,Single, Master ,Self-Employed,0.0,32201.25,1020.77,0.38,720.0,10,0,No,Rent,53908.63,60, Car ,22.48,,West,07/03/2024,1
CR100504,33.0,Male,Widowed,PhD,Employed,10.6,24637.78,285.05,0.139,,7,1,No, Own ,16329.63,12,Education,7.22,Yes,West,27/05/2021,1
CR104278,60.0,Male,Married,master,employed,0.0,44494.29,1968.07,0.531,338.0,16,0,Y,Mortgage,34215.69,12, Medical ,16.23,No, East ,22/12/2024,1
CR104023,34.0,Female,widowed, High School ,Self-Employed,2.9,400160.9067220733,4805.31,0.144,664.0,4,0,No,,38034.45,36,Debt Consolidation,15.96,,West,19/08/2021,0
CR102164,73.0,Female,Single,Bachelor,EMPLOYED,14.4,65609.83,2350.8,0.43,631.0,13,0,N, Rent ,18430.44,36,Business,22.98,No,Central,11-14-2022,0
CR100434,43.0,Female,Married,Master,Employed,4.6,21946.74,578.1,0.316,399.0,1,0,,Mortgage,14769.42,12,Debt_Consolidation,4.58,, East ,03-24-2022,1
CR104377,33.0,Female,married,Bachelor,Employed,9.8,133976.42,5344.91,0.479,,6,1,Yes,Rent,2492.82,60,car,6.15,no,North,2022-09-29,1
CR100443,46.0,Female,Single,High School,Self-Employed,5.4,12790.94,153.76,0.144,639.0,16,1,No,Own,54707.2,48, Car ,23.9,No,North,2023-03-12,0
CR101069,18.0,Female,Divorced,master,Employed,8.8,28520.32,115.68,0.049,,1,1,Yes,mortgage,50669.52,60,BUSINESS,13.8,,South,2023-04-29,0
CR101735,64.0,Female,Married,Bachelor,Self-Employed,0.0,54371.61,1572.26,0.347,306.0,14,1,No,Own,26873.71,24,Medical,9.11,no,East,02/01/2022,0
CR104035,19.0,Female,Married,High School,Self-Employed,2.5,28281.85,1250.01,0.53,485.0,12,0,No,Mortgage,55949.45,24,Home_Improvement,29.38, No ,WEST,2024-05-20,0
CR102793,49.0,Female,Married,High School, Employed ,7.7,22001.44,610.57,,421.0,3,0,No,Own,6535.16,60,Debt Consolidation,16.14,No,South,2023-05-29,1
CR100526,71.0,FEMALE,Married,Bachelor,Unemployed,17.1,57717.79,2115.05,0.44,722.0,0,2,No, Own ,34465.39,36,medical,6.52,No,East,04/11/2022,0
CR103309,72.0,Male,Married,bachelor,Retired,5.4,25826.52,246.4,0.114,,11,0,, Own ,31738.5,60,Debt Consolidation,10.7,no, South ,16/01/2024,1
CR104556,27.0,Female,Married,High School,Employed,0.0,111985.85,3305.59,0.354,421.0,10,0,No,Rent,50012.05,12,Home Improvement,23.17,No,Central,12-27-2022,1
CR103399,59.0,Male,Married,Master,Retired,5.5,19677.48,612.74,,339.0,15,1, N ,Mortgage,10141.29,36,HOME IMPROVEMENT,5.82,No,West,2022-07-25,1
CR100206,62.0,Female,Divorced,Master,Employed,2.6,24829.0,125.05,0.06,524.0,6,1,No,Mortgage,2428.89,60,debt consolidation,9.2,No,South,21/04/2024,0
CR101439,73.0,MALE,Divorced,Bachelor,Unemployed,15.0,27486.21,909.55,0.397,540.0,19,0,No,Mortgage,17771.07,60,Debt Consolidation,21.73,Yes,Central,02-28-2023,1
CR100053,45.0,Male,Single,High School,Self-Employed,0.4,36175.43,393.16,0.13,358.0,18,0, No ,Own,23373.33,36,Education,28.78,No,West,13/05/2022,0
CR103998,60.0,Male,MARRIED,High School,Unemployed,3.4,25739.91,303.72,0.142,844.0,9,1,No, Mortgage ,57743.27,60,Debt Consolidation,12.13,No,Central,12-12-2022,0
CR103635,45.0,Male,Single,Bachelor,Employed,0.9,69415.14,2475.09,0.428,510.0,8,0,Yes,OWN,21635.08,48,medical,20.71,Yes, East ,08-17-2024,1
CR103414,52.0,female,,Bachelor,Self-Employed,8.4,,494.92,0.306,714.0,4,0,No,own,35115.62,60,Debt Consolidation,24.58,No,South,01-20-2021,0
CR102180,58.0,Female,Married,High School,EMPLOYED,4.7,57115.16,749.71,0.158,799.0,0,0, Y ,,20883.07,48,Business,12.33,no,North,2021-12-31,0
CR103449,46.0,Female,Single,Master, Self-Employed ,11.8,17536.47,161.4,0.11,550.0,18,0,no,Other,55608.72,60,Debt Consolidation,27.41,no,EAST,2023-01-19,0
CR102405,66.0,male,Single,Bachelor,Employed,4.5,37463.77,1499.09,0.48,,12,1,No,Own,18852.98,36,Debt Consolidation,23.84,NO,West,07/09/2023,0
CR101860,60.0,FEMALE,Widowed,High School,Retired,16.6,20960.24,945.53,0.541,489.0,7,1,No,Mortgage,34892.73,36,medical,19.71,no,south,17/02/2024,1
CR100682,73.0,MALE,Divorced,Bachelor,Employed,13.2,,4172.78,0.474,472.0,2,0,N,Rent,23334.42,48,Business,29.01,no,South,2021-02-16,1
CR104059,52.0,Female,Single,High School,SELF-EMPLOYED,5.1,74199.46,1783.12,0.288,742.0,0,0,yes,rent,31947.36,48,car,11.67,No,East,11-02-2021,0
CR104122,75.0,Male,married,Master,Self-Employed,13.3,80196.8,658.92,0.099,322.0,8,0,Y,Mortgage,6014.97,60,Other,23.1,No,South,2021-06-22,0
CR101332,,Male,Married,PhD,Employed,14.9,43826.43,1397.8,0.383,696.0,18,1,No,Other,24750.85,24,Business,20.78,No,North,10-08-2024,0
CR103882,51.0,Male,MARRIED,Bachelor,Employed,4.4,9110.23,67.35,0.089,666.0,2,2,No,RENT,2455.26,36,car,12.79,No,EAST,09-20-2022,0
CR104214,57.0,Male,Divorced,,Employed,10.4,24871.5,1099.54,0.531,315.0,5,0,No,Mortgage,59812.67,24,Medical,10.43,No,West,12-22-2023,0
CR103267,58.0,Female,Single,Bachelor,Employed,14.0,57227.74,1585.41,0.332,589.0,3,1,No, Rent ,5756.46,24,Education,18.01,No,West,2021-12-08,0
CR102921,62.0,Male,Married,,Employed,4.2,89558.93,1523.25,0.204,752.0,14,0,Y,Rent,3722.67,48,Car,9.15,No,South,02-21-2023,0
CR103550,43.0,Male,Married,High School, Retired ,12.2,25286.43,817.0,0.388,680.0,13,0,no,rent,48185.88,12,Debt Consolidation,20.04,YES,South,14/04/2024,0
CR104339,47.0,Female, Divorced ,Master,Employed,2.7,30245.04,564.2,0.224,526.0,6,0,Yes,Mortgage,13572.06,24,debt consolidation,17.46,,East,02-07-2024,1
CR103695,55.0,Female,Married,Master,Employed,2.5,33003.14,1481.02,0.539,,6,1,No,Rent,55783.6,48,Debt Consolidation,8.71, No ,west,2024-03-30,0
CR103056,64.0,Male,, High School ,Self-Employed,7.7,45811.44,1872.46,0.49,475.0,9,0,No,Own,55867.1,24, Debt Consolidation ,29.47,No,Central,29/07/2024,0
CR102731,48.0,Male,,,Self-Employed,11.4,50736.92,373.15,0.088,637.0,8,0,No,Mortgage,3457.47,24,Medical,16.33, No ,South,05-22-2023,0
CR104596,70.0,Male,Single,PhD,RETIRED,22.6,69586.59,2569.4,0.443,,7,0,No,Rent,31027.54,12,Debt Consolidation,18.75,No,East,13/03/2024,0
CR100141,30.0,female,Single,bachelor,Employed,5.9,92057.17,2393.26,0.312,650.0,18,1,Yes,Rent,27763.2,60,Debt Consolidation,27.67,No,Central,09-27-2024,0
CR104015,26.0,Male, Married ,high school,Employed,10.9,48876.35,882.44,0.217,357.0,10,0,0,,17427.14,24,Medical,17.31,No,South,2022-09-11,0
CR100508,33.0,Male,Divorced,High_School,Employed,7.1,56956.22,1466.12,,568.0,5,0,Yes,Own,14373.53,60,Car,8.96,No, South ,05-14-2023,0
CR102953,43.0,Female,Single,Master,Employed,1.5,29813.92,78.58,0.032,761.0,0,0,No,RENT,20276.4,24,Car,24.55, No , Central ,2022-03-22,0
CR103940,49.0,Male,single,master,Employed,10.7,22771.35,559.1,0.295,307.0,19,0,Yes,Rent,19378.42,36,Debt Consolidation,22.3,No,North,2021-09-17,0
CR101015,66.0,FEMALE,Single,Bachelor,Employed,6.0,74409.79,1727.37,0.279,649.0,7,3,Yes,Other,42757.35,24,Car,16.09,No,CENTRAL,2023-01-20,0
CR103652,41.0,Other,Married,high school,Employed,0.9,32416.38,214.53,0.079,590.0,1,0,No,Mortgage,52023.78,24,Business,7.58,Yes,West,06-07-2024,0
CR103091,40.0,Male,Single,HIGH SCHOOL,Employed,12.9,17144.95,776.27,0.543,,4,0,Yes,Mortgage,42840.85,48,Medical,28.05,No,north,2023-09-30,1
CR103888,26.0,MALE,Single,PhD,Employed,14.0,43968.9,1360.28,0.371,797.0,11,0,NO,Mortgage,12305.0,36,Education,10.76,No, Central ,01/12/2024,1
CR103303,33.0,Female,Married,Master, Employed ,6.9,42828.09,1735.76,0.486,361.0,2,0,No,Other,54313.45,12, Business ,25.31,No,north,22/11/2021,1
CR102678,51.0,Male,Married,Bachelor,Employed,1.4,37831.28,77.42,0.025,596.0,5,0,No,Own,2636.42,36,Debt Consolidation,9.56,,South,09/02/2024,0
CR103219,43.0,Female,Divorced,Bachelor,Employed,13.5,152020.63,6637.9,0.524,703.0,11,0,No,Own,16654.07,48,Home Improvement,13.91,No,South,2023-05-31,0
CR101262,43.0,female,Single,Bachelor,EMPLOYED,1.4,63463.07,1950.32,0.369,573.0,19,0,No,RENT,38305.09,12,DEBT CONSOLIDATION,24.74,No,North,2024-03-02,0
CR101498,45.0,Female,Single,Master,Employed,2.9,63625.69,1060.64,0.2,616.0,12,0,,Rent,11366.97,36,Other,6.25,No,North,05-10-2024,1
CR102956,23.0,Male,SINGLE,,Employed,15.1,18911.35,854.85,0.542,622.0,18,0,No,RENT,8216.27,36,MEDICAL,17.07,,North,2023-05-13,0
CR100884,65.0, Male ,Married,BACHELOR,Self-Employed,10.3,16115.16,502.43,,713.0,1,1,No,Rent,24816.84,24,Car,13.53,No,East,02-23-2023,0
CR103061,35.0,Male,Married,Bachelor,Employed,8.4,21601.51,40.65,,576.0,9,0,no,Rent,38520.58,48, Debt Consolidation ,19.69, No ,South,2024-11-16,0
CR102694,72.0,Female,Single,Master,Self-Employed,3.0,23068.78,477.86,0.249,604.0,9,1,No,MORTGAGE,14069.02,24,Other,14.14,NO,North,2021-05-20,1
CR103095,61.0,Female,,Master,self-employed,0.0,90528.19,3273.99,0.434,580.0,4,0,No,Mortgage,3172.36,36,Car,9.92,No,South,06-22-2022,0
CR104325,40.0,Male,married,High School,Employed,5.6,36094.28,293.79,0.098,825.0,14,0,,Own,13566.99,36,Debt Consolidation,15.2,Yes,East,24/08/2023,0
CR102860,29.0,Male,Married,Master,Employed,8.5,50308.57,204.76,0.049,403.0,18,0,0,,30740.2,36, Home Improvement ,14.02,No,North,2022-06-06,0
CR104089,74.0,Female,Divorced,Bachelor,SELF-EMPLOYED,7.4,39802.58,745.41,0.225,639.0,12,0,0,Rent,44054.76,12,DEBT CONSOLIDATION,15.3,Yes,North,10-21-2024,1
CR103259,41.0,Male,Married,Bachelor,Unemployed,2.4,22073.93,517.68,0.281,324.0,14,0,No,Other,7284.92,36,Debt Consolidation,24.17,, West ,2022-06-05,1
CR100933,55.0,Female,,Master,Employed,13.4,15968.54,51.09,0.038,602.0,15,1,no,Rent,18915.23,36,Home Improvement,5.42,no,South,04-16-2023,0
CR103646,55.0,Female,Single,,Self-Employed,16.1,15646.47,491.72,0.377,421.0,0,1,Yes,Mortgage,25200.41,12,debt consolidation,21.31,No,West,2023-02-12,1
CR102140,58.0,Male,Married,PhD,Employed,15.1,57321.71,1643.86,0.344,,14,1,No,Mortgage,37117.31,60,Debt Consolidation,26.67,No,East,27/08/2021,0
CR104454,53.0,Male,Divorced,Bachelor,Employed,8.1,29900.27,434.77,0.174,563.0,18,0,No,Rent,29877.75,48,Education,8.66,No,East,06/01/2021,1
CR100712,60.0,Other,Single,PhD, Unemployed ,6.7,22958.59,985.74,0.515,593.0,0,0,No,Mortgage,17755.63,36,DEBT CONSOLIDATION,24.36,NO, West ,2023-01-22,0
CR100135,35.0,Male,Single, Bachelor ,Employed,13.6,30853.05,239.17,0.093,490.0,5,2,No,Rent,1534.22,60,Car,13.61, No ,Central,2024-07-31,0
CR103786,28.0,Male,MARRIED, Bachelor ,Retired,2.6,149993.66,1002.88,0.08,382.0,0,0,No,Mortgage,47231.84,24,Home Improvement,7.25,No,east,03/06/2021,0
CR104063,47.0,Female,Single,Bachelor,Unemployed,14.0,36078.0,883.45,0.294,462.0,16,0,No,Rent,33702.33,48, Education ,10.87,no, West ,01/02/2022,0
CR102675,,Male,Single,Bachelor,Employed,4.8,33778.53,613.65,0.218,312.0,4,0,No,MORTGAGE,6006.74,60,Business,29.81,No,South,16/04/2024,1
CR100156,25.0,male,Single,Bachelor,Self-Employed,5.2,25653.26,648.9,0.304,316.0,6,0,y,Rent,18728.23,60,Car,14.03,No,West,2024-06-03,0
CR103364,27.0,Male,Divorced, Bachelor , Self-Employed ,0.0,162480.58,7322.42,0.541,358.0,7,0,No, Mortgage ,31475.51,60,Car,14.85,No,West,2021-11-11,0
CR101384,40.0,male,MARRIED, Master ,Self-Employed,4.6,30387.22,1173.54,0.463,482.0,0,0,No,Mortgage,19668.3,12,Medical,25.01,No,South,26/04/2023,1
CR103876,58.0, Male ,Divorced,Other,Self-Employed,15.2,65953.79,2175.54,0.396,704.0,6,1,1,Rent,19169.27,60,Education,10.99,no,West,12/12/2024,0
CR100978,,Female,Single,Master,Employed,10.6,36165.39,1241.31,0.412,617.0,2,0,No,Mortgage,44653.39,24, Business ,21.09,,Central,2021-06-09,1
CR103288,28.0,Male,Single,,Unemployed,1.4,37340.05,1242.68,0.399,759.0,1,0,No,Rent,48892.12,36,Car,21.95,Yes,Central,09/12/2023,0
CR101326,57.0,Male,Single,High_School,Employed,18.6,51329.17,601.23,0.141,493.0,14,0,No,Rent,29295.68,48,Car,16.12,,Central,06-09-2021,1
CR101138,61.0,Male,Married,Other,Self-Employed,12.6,59883.88,794.29,0.159,734.0,14,3,,RENT,52422.2,36,Home Improvement,15.1, No ,North,11-28-2021,1
CR104270,64.0,Male,Married,PhD,Employed,10.0,66744.93,747.91,0.134,533.0,5,0,No, Other ,53317.02,36,Home Improvement,14.66,Yes,West,2021-11-18,0
CR104543,53.0,Male,Married,PhD,Unemployed,2.0,70648.03,1377.61,0.234,453.0,15,0,No,Rent,38520.54,60,Medical,17.65,No,North,09-12-2024,0
CR102113,70.0,Female,Single,High_School,Self-Employed,0.7,29964.17,223.15,0.089,,11,0,No,,17698.88,48,Debt Consolidation,16.7,No,South,2021-02-21,1
CR100292,73.0,Male,Married,Bachelor,Employed,3.3,31691.33,297.74,0.113,351.0,17,2,N,,22427.14,24,Education,18.9, No ,East,02/01/2023,0
CR100246,61.0,Female,Married,High School,Employed,21.5,33346.81,1060.73,0.382,436.0,19,0,No,Own,18457.59,60,Medical,17.93,No,NORTH,2022-06-23,0
CR101993,55.0,Female,Single,Master,EMPLOYED,10.9,45347.6,364.96,0.097,,7,0,N,Rent,25586.17,24,Other,14.85,No,North,04-23-2021,0
CR102597,59.0,Male,Single,,Employed,0.5,47850.93,1584.15,0.397,615.0,18,0,Yes,Rent,15650.88,24,Other,23.11,no,Central,2024-03-07,0
CR103768,64.0,Male,Divorced,Master,EMPLOYED,4.6,11774.12,519.65,0.53,,14,0,,Own,10305.98,12, Medical ,11.22,No, South ,05-20-2024,0
CR102632,70.0,Male,Single,Bachelor,Employed,6.1,37590.91,1452.16,0.464,511.0,0,0,Y,Mortgage,29106.97,12,Debt Consolidation,17.96,No,NORTH,2022-11-16,0
CR102060,69.0,Male,Married,bachelor,Employed,0.0,41590.44,122.58,0.035,631.0,2,0,Yes,Mortgage,35513.06,12,Business,8.42,No,East,02-24-2023,0
CR100735,,Male,MARRIED,high school,Self-Employed,0.0,50924.53,2063.19,0.486,612.0,5,2,No,Own,26113.24,60,Debt Consolidation,6.45,No,East,2023-07-19,0
CR104054,18.0, Male ,Married,Other,Self-Employed,2.1,44770.27,1630.15,,748.0,13,0,Yes,Mortgage,42011.46,12,Car,14.69,No,Central,2022-03-26,0
CR102723,39.0, Other ,Married,Bachelor,Employed,1.7,26090.21,874.66,0.402,597.0,1,2,0,Own,55197.21,12,Education,8.59,No,South,2023-02-16,1
CR100713,62.0,Female,Single, PhD ,Employed,10.7,17464.62,402.35,,421.0,3,0,Yes,Other,18925.61,48,Debt Consolidation,21.33,No,EAST,2024-01-19,1
CR103618,43.0,FEMALE,Divorced,Bachelor,Employed,6.2,51240.79,1481.0,0.347,634.0,2,1,No,Mortgage,17748.46,24,Other,5.24,No,North,11/04/2023,1
CR103452,44.0,Male,Married,High School,Unemployed,12.3,30776.14,1058.69,0.413,579.0,2,0, No ,Mortgage,41091.79,24,Home Improvement,7.13,No,South,30/01/2024,1
CR103504,19.0,Female,Single,high school,Self-Employed,1.6,26309.38,890.17,0.406,498.0,14,0,yes,Own,31399.27,12,Home_Improvement,24.16,No, South ,06-13-2022,0
CR103409,45.0, Female ,Divorced,,UNEMPLOYED,0.0,25893.25,363.68,0.169,571.0,5,1,No,Mortgage,58393.33,24,Education,22.05,No,South,09-28-2023,1
CR103541,51.0,Female,Married, High School ,Employed,17.0,27631.14,891.0,0.387,662.0,0,0, No , Other ,21815.55,48,Home Improvement,20.02,No,Central,2022-07-06,0
CR101100,45.0,Female, Divorced ,Master,Employed,7.1,18295.22,591.69,0.388,,12,0,No,MORTGAGE,9458.71,48,Car,14.35,No,NORTH,2024-02-17,1
CR102062,26.0,Female,,bachelor,Self-Employed,11.4,48509.51,2146.76,0.531,634.0,6,0,No,Mortgage,35098.59,36,Debt Consolidation,12.11,No,West,2023-06-16,1
CR103320,22.0,Female,Single,Bachelor,Employed,3.6,15318.74,107.97,0.085,541.0,7,1,NO,RENT,11316.24,12,Car,16.65,YES,west,06-30-2021,0
CR103105,35.0,Female,Single,Bachelor,Employed,15.4,33256.73,240.98,,419.0,1,0,No,Own,52093.8,36,Debt_Consolidation,13.44,No,North,08-15-2022,0
CR102676,73.0,Male,Married,PHD, Retired ,5.4,23835.95,451.27,0.227,376.0,17,0,No,Own,44238.25,36,Education,12.17,NO,Central,17/08/2024,0
CR102090,69.0,Female,Divorced,Bachelor,Employed,4.5,57276.68,610.24,0.128,812.0,17,0,NO, Mortgage ,55637.5,60,Debt Consolidation,7.71,No,south,2022-10-31,0
CR101336,55.0,Female,Married,Master,Self-Employed,,21990.64,994.9,0.543,604.0,15,1,,Rent,36897.44,60,Debt Consolidation,21.15,No, West ,09-15-2023,1
CR101718,,Male,Single,High School,Employed,7.9,60529.35,571.33,0.113,746.0,18,0,No,Mortgage,3099.37,36,Education,6.78,,Central,2024-05-26,0
CR103955,72.0,Female,Married,Master,Self-Employed,9.1,42607.51,684.76,0.193,828.0,1,0,Yes,Other,59770.7,12,Debt Consolidation,23.18,NO,South,2024-01-19,0
CR102056,60.0,Female,Married,Master,Unemployed,9.0,46674.61,693.79,0.178,348.0,9,1,no, Mortgage ,59729.51,60,Debt Consolidation,18.37,No,South,2022-05-15,0
CR103058,,Male,single,Master,Employed,8.1,18269.63,415.91,0.273,847.0,7,0,Yes,,42920.63,12,Debt Consolidation,25.16,No,South,15/11/2024,0
CR102789,,Female,Single,High School, Employed ,12.2,31891.21,376.02,0.141,485.0,17,0,No,Rent,49149.28,24,Debt Consolidation,12.32,No,North,13/10/2021,1
CR100868,43.0,Male,Married,Bachelor, Employed ,11.3,47363.29,252.19,0.064,741.0,17,0,,Mortgage,28796.95,12,Other,21.73,,EAST,04-19-2022,0
CR102401,50.0,Female,Married,Other,Employed,5.6,24344.0,650.16,0.32,652.0,10,0,No,Rent,22327.24,36,Other,21.25,NO,Central,24/05/2024,1
CR104527,23.0,Female,married,,employed,6.3,8102.11,355.72,0.527,608.0,14,1,Yes,mortgage,43276.13,60,Debt Consolidation,4.86,No,South,2024-03-11,0
CR104315,34.0,Female,Married,MASTER,Self-Employed,8.0,10819.62,167.49,0.186,320.0,16,0, Yes ,Rent,20014.8,24,Debt Consolidation,23.05,,east,2024-07-10,1
CR102023,52.0, Female ,Married,Master,Employed,0.0,60606.1,1284.41,0.254,672.0,7,0,Yes,Mortgage,50065.58,48,medical,14.68,NO, West ,27/01/2023,0
CR103366,54.0,Female,Married, Master ,Employed,1.8,60350.49,2627.81,0.523,827.0,4,0,Yes,mortgage,2202.92,24,Other,16.68,No,North,02/04/2021,0
CR102524,21.0,Male,Married,Other,Employed,0.0,53193.3,2162.97,0.488,554.0,2,2,YES,,35610.83,36,Debt Consolidation,27.64,,CENTRAL,05-02-2021,0
CR100487,48.0,Male,Single,Bachelor,Unemployed,5.0,34985.32,1483.96,0.509,378.0,17,0,No,Mortgage,23688.6,12,Other,8.44,Yes,central,2023-01-31,1
CR100569,51.0,Other,WIDOWED,High School,SELF-EMPLOYED,,90165.74,602.89,0.08,840.0,8,0,no,Rent,32512.08,24, Home Improvement ,7.67,No,North,2024-07-19,0
CR102547,51.0,female,Single,master, Employed ,10.7,39935.28,1689.43,0.508,479.0,0,1,Y,Own,52937.93,12,Debt Consolidation,8.83,No,West,2022-05-24,0
CR101245,75.0,Female,Widowed,Bachelor,Employed,15.4,54679.75,443.63,0.097,673.0,12,0,y,Mortgage,42662.27,24,Other,8.43,No,South,23/12/2022,0
CR100049,63.0,Male,Single, Other ,Employed,12.8,32748.89,88.91,0.033,596.0,0,2,0,Rent,22174.62,48,Education,5.96,,South,09/11/2024,1
CR100622,27.0,Male, Married ,bachelor,Employed,0.6,78145.57,1320.67,0.203,341.0,6,1, No ,Own,21775.18,48,Debt Consolidation,24.16,No,West,29/11/2023,1
CR102307,26.0,Male,Single,High School,Employed,9.9,18385.77,40.07,0.026,584.0,5,1,No,Rent,53852.67,12,Car,17.07,No,North,07-27-2021,0
CR100119,24.0,Male,Single,High School,Unemployed,4.9,17895.36,797.43,0.535,468.0,16,1,No, Rent ,55450.23,24,Education,6.8,No,North,04-22-2021,0
CR102336,44.0,Female,Single, Bachelor ,Unemployed,6.0,50068.29,1496.23,0.359,812.0,12,0,NO,Rent,7136.89,24,Debt Consolidation,7.86,No,West,31/07/2023,0
CR101847,49.0,Male,,Bachelor,Employed,13.6,53481.67,2149.5,0.482,829.0,7,0,0,RENT,53075.1,48,Debt Consolidation,23.86,,Central,2022-04-13,0
CR100430,22.0,Female,Widowed,High School,Self-Employed,12.0,47767.93,1433.11,0.36,562.0,15,0,No,,48500.87,12,Other,4.72,NO,Central,12/05/2024,1
CR101335,75.0,Male,Single,High School,Employed,0.3,52751.97,1499.9,0.341,680.0,9,0,No,Other,26547.58,12,Other,16.96,No,North,2023-06-28,0
CR102593,23.0,female,Divorced,High_School, Unemployed ,10.1,39221.2,314.23,0.096,486.0,0,0,No,Mortgage,32897.91,48,Other,23.23,No,South,10/09/2023,0
CR102855,22.0,Male,Married,Bachelor,Unemployed,,50505.07,152.13,0.036,444.0,2,0,1,Rent,56259.29,36,Debt Consolidation,9.25,No,South,2023-07-22,0
CR104424,36.0,Female,Married,High School,Employed,13.9,48159.92,1152.52,0.287,537.0,17,0,No,Rent,39147.11,36,Business,20.59,,Central,10-17-2021,1
CR100702,27.0,Male,Single,High School,Employed,,52712.6,2096.83,0.477,638.0,4,0,No,Own,49363.55,24,Medical,5.64,No,North,2024-10-05,0
CR102300,33.0,Female,,,Self-Employed,10.8,37412.98,1351.1,0.433,,7,0,No,Own,13180.52,24, Home Improvement ,11.15,No,North,2024-09-02,0
CR101482,34.0,MALE,Divorced,Bachelor,Employed,5.1,50288.12,2224.07,0.531,847.0,6,0,Yes,Mortgage,10487.66,36, Education ,19.75,Yes,East,12-22-2023,0
CR104343,32.0,Female,single,High School,Self-Employed,9.2,45265.6,1377.63,0.365,457.0,8,0,0,Rent,12522.55,48,Debt Consolidation,18.36,No,West,2024-07-05,0
CR101855,67.0,Other,Married,Master,Retired,8.5,27679.47,886.28,,306.0,14,1,no,Rent,1237.62,36,Home Improvement,22.26,Yes,East,10/02/2022,1
CR102308,35.0,Male,single,High School,Self-Employed,18.0,17785.27,141.08,0.095,773.0,11,0,No,Mortgage,6439.61,48,CAR,20.24,No,East,30/07/2021,0
CR102915,43.0,Male,Married,Bachelor,EMPLOYED,20.8,20064.21,718.95,0.43,596.0,7,1,No,Rent,40723.6,36,Car,18.81,no,East,2024-05-07,0
CR101571,38.0,Female,Divorced,master,Employed,4.5,22530.68,749.01,0.399,420.0,14,0,No, Rent ,35602.84,36,Home Improvement,27.33,, West ,09-07-2022,1
CR102399,-5.0,Female,Single,Bachelor,Employed,8.2,46496.51,1942.47,0.501,731.0,18,0,No,Own,24477.78,12, Debt Consolidation ,11.8,No,East,04/11/2021,0
CR100931,58.0,Female,Married,Master,Employed,12.3,16730.61,669.67,0.48,370.0,7,0,No,Rent,44072.74,36,Business,9.63, No ,North,12-30-2022,0
CR101087,75.0,Male,Married,Master,Self-Employed,4.8,30216.54,516.16,0.205,,7,0,No,Mortgage,23537.8,48,debt consolidation,9.42, No ,North,14/09/2022,0
CR103577,67.0,Male,Married,High School,SELF-EMPLOYED,10.3,44923.36,471.71,0.126,329.0,1,0,,Own,54011.86,36,Debt Consolidation,20.22,no,North,2021-06-11,0
CR101317,52.0,Female,Single,Other,Unemployed,8.0,43236.08,886.47,0.246,401.0,11,0,No,Own,23329.47,36, Home Improvement ,6.23, No , East ,2022-10-10,1
CR104265,75.0,Other,Married,Bachelor,Employed,11.6,34748.13,285.09,0.098,803.0,6,0,No,Own,5205.56,60,Home Improvement,15.58,no,East,15/09/2023,0
CR100457,,Male,Single, Master ,employed,0.8,23299.09,375.95,0.194,629.0,18,1,No,Own,9345.81,36,Medical,16.57,No, Central ,21/07/2024,1
CR100357,69.0,Male,Married,Bachelor,Employed,6.2,16173.5,588.32,0.437,345.0,14,0,,Own,36426.65,36,Business,10.64, No ,West,2024-09-21,1
CR100254,56.0,Female, Single ,High School,Employed,0.0,19370.69,116.7,0.072,757.0,3,0, Y ,,41207.91,60,Education,7.87,No,Central,15/09/2023,0
CR103188,21.0,Male,Single,High School,Employed,0.0,34287.17,970.49,0.34,767.0,11,0,No,Rent,47773.82,48,Business,19.39,Yes,central,20/01/2022,0
CR103286,25.0,Male,Single,Bachelor,Self-Employed,2.0,100135.79,3539.72,0.424,593.0,16,1,No,Rent,38497.29,24,Home Improvement,13.72,No,South,2021-06-25,1
CR104427,45.0,female,Widowed,Master,Retired,20.3,47461.28,813.46,0.206,834.0,8,0,Yes,Rent,20711.6,24,Business,25.24,No,South,08-14-2021,0
CR104000,36.0,Female,Married,Bachelor, Retired ,7.2,12785.22,27.74,0.026,682.0,19,1,No,Mortgage,13089.44,24,Debt Consolidation,24.27,No,West,02-23-2021,0
CR101944,,Male,Single,High School,employed,,15021.62,122.62,0.098,444.0,4,0,No,Rent,17399.95,48,Medical,14.47, No ,central,16/09/2024,0
CR101655,31.0,Male,Single,,Employed,14.1,17614.72,509.69,0.347,817.0,12,1,No,Own,28530.66,12, Car ,6.7,No,Central,12/09/2021,0
CR102345,32.0,Male,Divorced,Master,Employed,9.9,24482.3,439.18,0.215,,9,0,0,other,49067.93,36,Home Improvement,22.02,No,Central,06/08/2024,0
CR102533,,Female,single,high school,Employed,2.8,79641.18,2419.26,0.365,306.0,12,0,Yes,Rent,42452.83,36,Debt Consolidation,17.02, No ,north,25/10/2024,1
CR103864,,Female,MARRIED,High School,Self-Employed,10.0,18414.25,321.73,0.21,450.0,4,0,No,Rent,42425.94,36,Car,20.9,No,North,02-10-2023,0
CR102034,75.0,female,Married,Bachelor,Self-Employed,5.3,18388.06,498.54,0.325,411.0,15,0,Yes,Mortgage,39208.88,36,Debt Consolidation,9.25,NO,East,31/03/2023,0
CR100167,27.0,Female,SINGLE,Bachelor,Employed,15.8,78113.66,222.09,0.034,433.0,0,1,No,,16732.22,36, Business ,11.12,Yes,East,06/09/2022,0
CR102343,60.0,Male,Married,,Employed,1.3,11422.53,423.55,0.445,737.0,11,0,Yes, Mortgage ,31348.65,36,Debt Consolidation,9.72,No,East,10-11-2023,1
CR103614,61.0,Male,Married,HIGH SCHOOL,Self-Employed,3.2,73921.79,2585.75,0.42,,2,0,No,Mortgage,13637.98,12,Home Improvement,14.74,No,West,03-07-2022,1
CR101345,75.0,Male,Single,Bachelor,Employed,2.2,,586.93,0.319,560.0,16,0,No,Mortgage,48426.96,24,home improvement,25.12,No,NORTH,11/07/2021,0
CR103017,30.0,Male,Married,Master,Self-Employed,8.6,169110.0,5238.13,0.372,459.0,11,0,Yes,Mortgage,40307.54,60,Car,17.49,No,West,02-05-2021,0
CR102016,42.0,female,Married,high school,Employed,7.4,,74.55,0.067,709.0,3,0,Yes,Rent,14608.64,36,Debt Consolidation,26.72,No, Central ,08-25-2021,0
CR104196,50.0,Male,married,Bachelor,Employed,,48731.67,504.22,0.124,761.0,5,1, No ,Own,4874.29,60,Debt Consolidation,23.79,Yes,south,04-23-2021,1
CR104371,27.0,Female, Married ,Bachelor,Retired,8.3,21378.14,401.26,0.225,661.0,15,0,No,Own,10122.42,24,Debt Consolidation,5.91,NO,North,03/10/2023,0
CR103340,49.0,Female,Single,,Employed,18.6,30457.15,622.41,0.245,458.0,15,0,0, Rent ,50020.86,12,Car,25.9,no,South,01-20-2022,1
CR104043,24.0,Male,Single,MASTER,Self-Employed,12.1,57360.65,1111.3,0.232,692.0,11,0,0,rent,59370.01,12,Debt Consolidation,23.84, No ,West,01-06-2024,1
CR102567,,Other,Divorced,High School,Employed,12.7,16716.3,167.68,,673.0,16,0,yes,Own,59396.2,60,Debt Consolidation,8.71,YES,South,10-25-2023,1
CR103826,37.0,FEMALE,married,Bachelor, Employed ,5.1,45688.46,1135.65,0.298,480.0,11,0,no,,39368.47,36,Business,15.81,no, West ,03-29-2024,0
CR101744,30.0,Male,Married,Bachelor,Employed,12.4,12798.61,307.41,0.288,501.0,2,0,YES,Rent,57909.68,24,Car,4.72,No,west,11/12/2022,0
CR103741,35.0,Male,Married,High School,Retired,10.1,83507.71,980.03,0.141,670.0,13,1,0,Own,13418.35,12,Business,16.38,,West,05-04-2023,0
CR103207,65.0,FEMALE,Single, Bachelor ,Retired,6.0,25493.34,471.84,0.222,794.0,17,0,Yes,Mortgage,46025.61,36,Debt Consolidation,5.06,No,South,12-01-2023,0
CR104320,,Male,Married,Bachelor, Employed ,0.0,47891.02,1011.82,,682.0,9,0,No,Rent,27371.63,48,Debt Consolidation,11.22,,north,06-18-2023,0
CR100547,,Male,married,Bachelor,employed,13.4,76648.55,1483.96,0.232,498.0,9,0,Yes,Own,45646.02,48, Other ,14.99,No,North,23/03/2023,0
CR103839,73.0,Female,Married,bachelor,Employed,13.7,23679.57,439.05,0.222,536.0,14,0,1,Rent,49039.8,12,Debt Consolidation,6.14,No,North,05/10/2023,0
CR100878,49.0,FEMALE,Single, Bachelor ,Employed,8.4,14931.39,335.55,0.27,350.0,9,2,Yes,Rent,15212.86,36,Car,24.5,No, East ,05-29-2022,1
CR103844,71.0,Female,Single,MASTER,Self-Employed,1.8,24062.78,305.43,0.152,590.0,8,0,,Mortgage,19060.9,48,Home Improvement,25.85,Yes,North,09-21-2023,0
CR100726,,Female,Single, Bachelor ,Employed,20.1,85235.41,1157.14,0.163,789.0,9,1,No,rent,44787.38,24,Debt_Consolidation,8.21,No,Central,2024-01-28,0
CR103387,60.0,Female,SINGLE,Bachelor,Self-Employed,4.8,49965.38,1785.9,0.429,812.0,16,0,1,,1227.05,36,Business,25.48, No ,North,04-16-2024,0
CR101614,21.0,Male,Single,High School,Employed,7.4,55337.18,2334.15,0.506,746.0,10,1,No,Rent,23539.22,48,Car,16.36, Yes ,CENTRAL,2023-10-06,0
CR102692,70.0,Male,Single,bachelor,Employed,6.7,22888.35,786.32,0.412,452.0,7,0,No,Own,56619.1,60,Home Improvement,21.15,No, South ,2023-12-09,1
CR101623,18.0,Female,Married,High School,Self-Employed,12.8,27704.04,286.51,0.124,805.0,9,1, Yes ,Mortgage,23053.02,12,Debt Consolidation,20.57,,East,2022-10-14,0
CR102852,24.0,Male,,,Employed,16.5,32291.09,1201.31,0.446,,7,0,No,Rent,13397.09,36,Debt Consolidation,27.92,NO,West,05/03/2022,0
CR103965,67.0, Other ,,Bachelor,Employed,9.1,76281.65,591.24,0.093,637.0,16,0,0,Own,3828.82,60,Car,14.65,no,West,2023-02-21,0
CR101261,71.0,Female,Single,Bachelor,Unemployed,0.5,55066.49,1446.03,0.315,454.0,1,0,No, Mortgage ,28617.07,12,Business,29.42,, East ,10-05-2024,1
CR103180,30.0,Male,Divorced,,Unemployed,0.2,50889.15,611.04,0.144,712.0,17,0,No,Rent,23931.89,12,Home Improvement,21.4,No, North ,2021-04-10,0
CR100770,,female,Single, High School ,Employed,2.0,63077.1,186.01,0.035,626.0,10,1,N,Rent,10083.02,24,Other,16.23,No, West ,2022-05-27,1
CR102791,27.0,Female,Married,bachelor,SELF-EMPLOYED,23.3,83838.5,1156.23,0.165,784.0,6,0,No,Rent,1521.49,24,Business,18.36,NO,east,14/09/2022,0
CR104409,36.0,Female,Widowed,Bachelor,Employed,14.9,60616.7,2475.0,0.49,302.0,19,0,No,Own,12097.67,36,Debt Consolidation,27.63,Yes,West,02-06-2022,1
CR103400,65.0,male,Single,Bachelor,employed,2.2,52622.14,1411.55,0.322,645.0,14,1,YES,Rent,43646.31,48,EDUCATION,25.78,No, East ,12-21-2021,0
CR103930,59.0,Male,Married, Master ,Unemployed,7.3,20844.72,601.14,0.346,527.0,12,0,No,Mortgage,41326.4,60,Medical,8.26,No,North,27/11/2024,0
CR104272,72.0,Other,Married,Bachelor,Retired,1.8,18708.14,460.17,0.295,578.0,13,0,Yes,Rent,44875.74,36,education,6.37,Yes,East,18/12/2022,0
CR101974,50.0,Male,Single,,Employed,0.0,32324.21,1142.75,0.424,476.0,6,0,,Own,2291.65,48,Education,13.04,no,South,23/03/2021,1
CR102982,64.0,Male,Married,BACHELOR,Employed,5.1,49248.84,223.88,,814.0,5,1,No,,7009.51,12,Medical,18.51,,East,06-03-2022,0
CR103326,27.0,Male,Single,High School,retired,11.1,55991.28,1756.63,0.376,575.0,8,1,No,Mortgage,12960.55,12,Debt Consolidation,24.97,No,East,05-04-2024,0
CR101524,53.0,Female,Married,Bachelor,Employed,8.9,89920.07,2599.97,0.347,407.0,12,1,Y,,6380.26,24,business,5.77,Yes,CENTRAL,02/10/2022,0
CR104322,44.0, Female ,Divorced,PhD,Employed,1.4,41681.17,552.61,0.159,386.0,17,0,Y,Rent,56903.59,12,Car,6.97, Yes ,North,2023-10-12,1
CR101818,, Male ,Single,High School,Employed,8.5,37352.49,986.26,0.317,735.0,10,1,No,Rent,27651.03,12,DEBT CONSOLIDATION,7.34,no, East ,04-11-2023,0
CR101543,51.0,Male,Married,High School,Employed,17.4,68509.36,165.48,0.029,598.0,10,1,No,RENT,58160.27,24,Home Improvement,27.06,Yes,central,02-18-2024,1
CR103507,65.0,Female, Married ,Bachelor,SELF-EMPLOYED,6.7,20951.54,79.94,0.046,782.0,8,0,No, Mortgage ,46457.05,36,Business,15.29,No,East,2021-02-27,0
CR101793,34.0,Male,Single,,Employed,17.4,61292.32,413.05,0.081,709.0,10,2,No,Mortgage,8328.42,36,Business,28.61,no,EAST,05-09-2021,0
CR102231,,Female,Widowed,,Employed,0.0,28391.41,1105.98,0.467,596.0,14,1,no,Mortgage,20535.73,48,Debt Consolidation,12.06,No,West,2024-02-05,0
CR102565,43.0,Female,Married,High School,Self-Employed,14.1,32821.82,401.22,0.147,690.0,12,1,No,Rent,8659.83,48,Medical,26.23,No,South,01-14-2021,0
CR102998,43.0,Male,Single,Bachelor,Employed,12.9,48934.54,1278.12,0.313,555.0,4,0, No ,OWN,59154.65,24,Car,10.14,No,East,2023-01-04,0
CR102176,,Female,Married,HIGH SCHOOL,Unemployed,11.5,49209.79,565.96,0.138,,2,0,No,Rent,58854.77,48,Debt Consolidation,24.23,No,Central,02-07-2021,0
CR104010,38.0,female,Married,High School,Unemployed,9.9,52761.5,1370.33,0.312,425.0,13,0,No,rent,2594.48,48,Education,25.32,No, Central ,01/10/2022,0
CR101596,56.0, Female , Married ,,Employed,10.0,95909.0,1085.85,0.136,630.0,5,0,Yes,Rent,26268.06,24,Car,21.24,No,CENTRAL,10/02/2021,0
CR101403,36.0,female,Single,High School,Employed,12.8,28975.07,800.65,0.332,680.0,2,1,No,RENT,11847.07,24,Education,28.96,,Central,2022-12-28,0
CR101293,,Female,Single,Bachelor,Employed,10.4,29385.07,819.97,0.335,631.0,7,1,No,Mortgage,58445.04,48,Education,12.47,No,South,02-08-2022,0
CR100309,24.0,female,Single, High School ,Employed,5.8,29203.01,1148.0,0.472,843.0,5,0,Yes, Rent ,53894.45,36,Business,8.67,,South,02-27-2023,0
CR103651,22.0,Other,Single,Master,Self-Employed,2.5,11678.59,130.14,0.134,442.0,4,2,No,Rent,41317.15,12,Medical,11.39, No ,SOUTH,02/02/2024,0
CR101694,27.0,male,Married,PhD,Self-Employed,0.0,67319.87,2324.24,0.414,684.0,5,1,No,Rent,55744.09,12,Medical,5.81,NO,North,15/12/2023,0
CR102658,56.0,Female, Married ,BACHELOR,Employed,5.5,79702.2,2873.98,0.433,480.0,8,0, No ,rent,36310.23,12,Car,12.89,,East,23/01/2023,0
CR104411,52.0,Female,Single,Other,Employed,4.3,46878.2,1872.94,0.479,345.0,13,0,Yes,Mortgage,7171.53,60, Debt Consolidation ,5.58,Yes,SOUTH,06-29-2024,1
CR100466,27.0,Female,Single,PhD,Self-Employed,6.8,9877.25,286.93,,610.0,13,0,No,Mortgage,36788.02,24,Debt Consolidation,25.37,No,East,07-13-2024,0
CR103292,31.0,Female,Married,High School,Employed,0.0,23728.78,1001.49,0.506,543.0,14,0,Yes,Rent,24846.25,48, Education ,18.9,No,Central,06-23-2024,1
CR101868,19.0,male,Divorced,Master,Employed,17.4,53369.07,597.43,0.134,,4,0,1,Rent,20586.12,12,Business,26.69,No,South,2024-09-11,0
CR103470,30.0,Male,Married,High School,Employed,8.6,31966.08,790.81,0.297,,6,0,No,mortgage,5985.73,60,Debt Consolidation,15.31,No, West ,08-04-2024,0
CR100389,26.0,Male,Single,Master,Employed,3.6,49321.32,561.16,0.137,829.0,5,2,No,Mortgage,38011.33,60,Business,24.91,no,Central,26/04/2021,0
CR102146,28.0,other,Married, Bachelor ,employed,8.6,11956.55,371.47,0.373,,15,0,1,Mortgage,39925.7,48,Other,12.84,No,South,04-02-2021,0
CR102862,66.0,Male,married,,Unemployed,13.3,32680.54,247.09,0.091,729.0,7,0,Yes,Mortgage,48740.18,36,Business,28.91,No,South,2021-05-08,1
CR102207,,Female,married,PhD,Employed,7.0,54648.34,532.88,0.117,502.0,12,0,No,mortgage,24463.74,60,Home_Improvement,15.58,No,West,2023-06-28,0
CR101633,69.0,Female,,Master,Self-Employed,3.0,58294.13,2455.43,0.505,767.0,13,0,Yes,mortgage,34656.15,36,Business,27.74,Yes,North,2022-10-15,0
CR101648,,female,Married,,Retired,,29645.59,879.31,0.356,419.0,7,1,Yes,Rent,31369.33,36, Debt Consolidation ,20.62,No,South,2023-10-11,1
CR100790,23.0,Female,married,High School,Employed,18.6,28486.67,366.55,0.154,479.0,15,0,Yes,Rent,38850.23,12,Car,23.99, No ,East,2023-07-08,1
CR100166,36.0, Male ,,bachelor,Employed,17.0,31806.71,122.75,0.046,635.0,17,1,No,Rent,8713.31,24,Car,22.53,no,North,29/08/2022,0
CR104376,36.0,Female,Married,High School,Employed,2.9,36564.06,301.35,0.099,571.0,14,0, N ,Other,53414.76,48,Debt Consolidation,16.16,NO,Central,11-13-2022,0
CR104511,48.0,Other,Divorced,Bachelor,retired,14.5,72457.41,1017.6,0.169,375.0,12,2,Yes,Own,40909.67,24,Debt Consolidation,9.18,Yes,South,30/03/2024,1
CR103086,28.0,Male,Single,Master,Employed,7.3,53763.18,1879.13,0.419,327.0,9,0,No,Rent,25084.24,24,Business,8.47,No,Central,03/10/2023,0
CR104385,59.0,female,Divorced,high school,Employed,1.2,25158.95,190.06,0.091,666.0,9,2,Yes,Rent,42008.42,12,Education,12.59,No, East ,03/01/2023,0
CR102358,,female,Divorced,Bachelor,Self-Employed,3.6,43612.67,1679.23,,523.0,5,1,No,Rent,8724.7,12,Car,13.51,No,East,08/10/2021,0
CR101375,73.0,Male,Single,Bachelor,Self-Employed,8.0,52944.28,2347.77,0.532,826.0,8,1,Yes,Mortgage,42207.51,36,Business,5.18,Yes,north,01/09/2022,1
CR102742,47.0, Female ,Single, Bachelor ,Self-Employed,17.6,63793.68,2676.18,0.503,798.0,8,2,No,Rent,38825.2,60,CAR,13.0,Yes,South,2023-05-31,0
CR103093,31.0,Male,Single,High School,Retired,17.9,49245.38,191.06,0.047,535.0,2,0,1,Rent,33064.71,60,Debt Consolidation,9.5,No,South,24/11/2023,0
CR100627,39.0,female,single,Bachelor,EMPLOYED,6.4,,225.26,,418.0,10,0,No,Rent,13451.72,60,Business,6.17,No,East,08-16-2024,0
CR101480,26.0,Male,Married,Master,Employed,11.5,57971.22,2204.78,0.456,828.0,9,0,No,Mortgage,12266.84,36,Debt Consolidation,26.63,No,South,2022-04-11,0
CR102839,74.0,Female,Single,HIGH SCHOOL,Employed,15.4,17669.02,533.32,0.362,807.0,9,0,no,Rent,15565.22,12,Medical,26.49, No ,Central,2022-06-30,0
CR102642,29.0,Male,Married,high school,Employed,5.7,27104.9,1075.92,0.476,839.0,10,1,yes,Rent,9889.84,48,Debt Consolidation,4.77,No,Central,2022-01-29,0
CR104560,,Male,single,Bachelor,Employed,14.0,,1004.78,0.257,319.0,19,0,No,Own,21431.27,48,Car,5.0,NO,WEST,02-09-2024,1
CR100432,65.0,Female,Married,Master,Unemployed,10.3,26126.29,577.13,,,3,0,Yes,Rent,43166.66,12,Debt Consolidation,25.94,No,East,23/08/2022,0
CR103860,49.0,Female, Single , Master ,SELF-EMPLOYED,0.0,25901.67,768.64,0.356,650.0,17,0,No,rent,36192.17,60,Home Improvement,18.73,Yes,East,2022-07-09,1
CR101919,48.0,Female,Single,High School, Retired ,14.1,22716.1,515.69,0.272,788.0,16,2,Yes,Rent,8401.82,24,Car,16.43,No,Central,2024-10-23,0
CR100272,26.0,male,Married,,Employed,0.0,84321.93,532.35,0.076,547.0,12,1,Yes,Mortgage,19368.63,48,Medical,7.23,NO,central,02-09-2023,0
CR101052,47.0,Female,MARRIED,Bachelor,Employed,0.0,37561.8,946.39,0.302,344.0,18,0,Yes,Mortgage,46748.49,24,Debt Consolidation,18.72,Yes,West,02-01-2021,1
CR101188,50.0,Female,Single, Bachelor ,self-employed,15.2,39239.67,1182.58,0.362,596.0,10,1,1,,19507.87,24,CAR,23.54,,South,09-14-2024,0
CR101023,66.0,Female,Single,Master, Retired ,3.9,18511.2,43.55,0.028,627.0,16,0,yes,Rent,28048.76,60,Home Improvement,24.94,NO,North,30/11/2024,0
CR101898,61.0,Male,Single,Bachelor,Unemployed,1.7,16634.89,617.96,0.446,801.0,4,0,Y,Own,33214.39,60,Debt Consolidation,9.09,NO,West,12-27-2022,0
CR101121,22.0,Male,Married,High School,Self-Employed,0.0,66657.61,1917.28,0.345,433.0,2,1,No,Rent,19999.12,48,DEBT CONSOLIDATION,28.09,No,North,01-11-2024,0
CR103065,49.0,Male,Married,, Self-Employed ,,33829.47,276.57,0.098,335.0,17,0,N,,43173.86,36,Debt Consolidation,17.5,Yes,South,07-16-2024,1
CR100527,26.0,Male,Married,,Retired,0.5,28610.48,51.16,0.021,787.0,11,0, No ,,20777.71,12,Business,12.53,Yes,West,2024-11-06,0
CR102884,38.0,MALE,Married,Bachelor,Retired,3.7,16220.89,277.04,0.205,358.0,15,1, No ,Rent,38940.99,12,Other,15.21,No,South,01/01/2022,1
CR100402,36.0,Male, Married ,High School,Employed,12.5,26101.52,623.79,0.287,386.0,13,1,Yes,Mortgage,56178.07,12,Home Improvement,6.59, No ,West,2021-10-09,0
CR101391,48.0,Female,,,Employed,7.2,18192.2,710.12,0.468,314.0,15,1,,Rent,11095.51,48,home improvement,28.6,No,North,03-26-2022,1
CR101120,18.0,male,Divorced,Bachelor,Employed,5.6,66235.91,853.78,0.155,720.0,14,1,Yes,Rent,18636.72,24,Education,15.27,No,South,02-27-2021,0
CR102833,49.0,Male,married,,Self-Employed,2.7,56072.65,534.16,0.114,762.0,9,0,No,Rent,17512.76,60,HOME IMPROVEMENT,22.18,No,Central,2024-05-07,0
CR102991,55.0,Female,Single,Bachelor,Employed,6.1,31728.4,798.83,,334.0,9,0,Yes,mortgage,30255.22,60,Home Improvement,28.42,NO,central,02/05/2022,0
CR101687,41.0, Female ,single,PhD,Self-Employed,3.9,20600.19,476.22,0.277,412.0,4,1,0,,31113.3,60,Home Improvement,17.61,No, East ,2024-12-02,1
CR104256,36.0,OTHER,Divorced,Bachelor,Employed,7.5,35646.33,1593.09,0.536,727.0,9,0,No,Mortgage,21409.01,60,Business,12.02,No,North,03-07-2023,0
CR103534,23.0,Female,Married,,Self-Employed,4.2,,1423.38,0.533,471.0,19,0, Yes ,own,15786.93,24,Debt Consolidation,17.73,No,West,05-13-2022,0
CR102962,74.0,Male,Single,, Unemployed ,3.4,22173.01,260.83,0.141,464.0,4,0,no,Rent,9832.87,60,Medical,25.2,No,Central,03/01/2021,0
CR101134,53.0,Female,Married,High School,Employed,13.0,66003.44,1260.09,0.229,442.0,0,0,N,,49628.62,48,Debt Consolidation,14.64,no,North,07-03-2024,0
CR101751,69.0,Male,Single,High School,Employed,8.0,61179.25,1836.32,0.36,507.0,15,0,Yes,Rent,33087.59,48,Education,26.89,No,Central,2023-01-11,0
CR102069,42.0,Female,Single,Bachelor,Employed,9.5,45299.25,1205.47,0.319,417.0,14,0,Yes,Other,41045.57,60,Home Improvement,11.43,No,North,2022-05-21,0
CR103242,70.0,FEMALE,Single,High School,Employed,7.3,27755.54,97.47,0.042,835.0,10,0,, Rent ,45497.13,60,Medical,29.02,No,Central,2021-04-22,0
CR104466,64.0,Female,Single,High School,Employed,15.9,16156.77,591.33,0.439,778.0,2,0,No,,55587.05,12,Home Improvement,22.92,No,Central,2021-10-31,0
CR101584,54.0,Female,Married,Master,Employed,0.0,27935.27,760.04,0.326,789.0,1,2,NO,Own,15627.87,12,Debt Consolidation,9.89,Yes, West ,24/07/2022,0
CR101096,66.0, Male ,Single,High School,Employed,17.4,45788.17,1214.5,0.318,404.0,7,0,No,Rent,33356.81,12,Debt Consolidation,26.8,No,North,2023-02-21,0
CR101417,,Male,,Bachelor,Self-Employed,11.1,21388.74,99.99,0.056,709.0,18,1,Y,rent,7613.78,60,Debt Consolidation,15.7,No,North,29/05/2024,0
CR101415,63.0,Female, Single ,Bachelor,Employed,,30664.76,621.78,0.243,478.0,2,0,,Own,4603.38,60,other,20.15,Yes,East,2021-03-11,0
CR101473,30.0,Female,married,BACHELOR,Employed,3.2,28694.49,1108.57,0.464,335.0,1,0,Yes,Own,56556.16,48,car,16.87,No,east,27/12/2024,1
CR101239,20.0,Female,MARRIED,Bachelor,Employed,2.2,31190.21,916.32,,669.0,5,1,NO,Own,34923.66,36,Home Improvement,21.47,,central,2021-03-01,0
CR100340,54.0,male,Married,Master,Employed,0.0,19960.01,439.21,0.264,465.0,6,0,Yes,Own,28718.45,48,Debt_Consolidation,22.65,No,North,2023-10-25,1
CR101721,61.0,Female,Single, High School ,Employed,18.1,44943.61,955.98,0.255,636.0,15,2,no,Mortgage,12033.39,60,EDUCATION,7.88,No, Central ,01/06/2022,0
CR104201,61.0, Male ,Single,Master,Employed,8.3,30510.66,610.92,0.24,559.0,10,0,yes,Rent,54001.57,24,Home Improvement,11.53,No,North,03-17-2023,0
CR100522,29.0,Male,Single,High School,Self-Employed,0.0,58480.04,2648.72,0.544,380.0,14,1,Yes,Mortgage,42470.46,60,Medical,28.56,No,South,24/05/2022,0
CR101864,66.0,Male,Married,High School,Employed,6.2,42597.06,1479.25,0.417,575.0,9,0,,Rent,46603.06,36,Debt Consolidation,15.36,No,North,19/03/2021,0
CR101672,33.0,Male,single,Bachelor,SELF-EMPLOYED,0.0,19906.03,157.18,0.095,369.0,18,1,NO,,40655.14,36,Education,22.01,NO,east,19/08/2024,0
CR103638,22.0,MALE,Single,High School,Self-Employed,11.8,42449.57,1481.65,0.419,771.0,5,1,1,Rent,51144.29,60,Debt Consolidation,27.45,,West,08-18-2023,0
CR104187,30.0,Female,Single,High School, Employed ,7.2,41854.72,1443.04,0.414,376.0,4,0,No,Other,7887.69,24,other,24.68,Yes,North,01-21-2021,0
CR100740,65.0,Male,MARRIED,,EMPLOYED,10.5,47365.79,1320.35,0.335,617.0,14,1,No,Rent,16153.78,36,debt consolidation,25.52,No,North,08-16-2023,1
CR103462,68.0,Male,Married,Master,Employed,17.5,53078.68,374.59,0.085,384.0,0,0,No,Other,39207.87,24,MEDICAL,16.45,No,East,30/10/2022,1
CR101267,39.0,Male,Married,HIGH SCHOOL,RETIRED,6.2,26947.74,309.1,0.138,754.0,2,0,No,Own,3401.58,60,Education,6.01,,West,2021-01-05,0
CR102901,64.0,Male,MARRIED,phd,employed,5.1,47312.41,1008.05,0.256,464.0,15,1,,Rent,21048.84,36,Home Improvement,17.52,Yes,North,08/11/2021,1
CR103329,71.0,Male,Widowed,,EMPLOYED,11.6,15464.59,408.4,0.317,622.0,17,0,No,Mortgage,35181.64,24,BUSINESS,20.9,Yes,Central,21/12/2022,0
CR103973,32.0,Female,widowed,Bachelor,Employed,5.2,52329.07,1764.35,0.405,850.0,1,1,No,RENT,28119.65,12,Debt_Consolidation,24.11,,West,08-16-2024,1
CR100826,57.0,Female,Single, PhD ,Employed,6.2,73521.18,747.54,0.122,601.0,11,1,N,Rent,17629.27,60,Other,20.69,No,south,11-08-2021,0
CR100000,23.0,Male,Married,,Employed,1.9,51976.67,438.94,0.101,314.0,10,1,N,Mortgage,21984.71,60,Home Improvement,13.12,No,east,06/06/2023,0
CR103271,41.0,Male,married,Master,employed,11.8,51330.29,1526.33,0.357,323.0,5,0,Yes,Mortgage,29426.14,48, Business ,25.42,No, North ,05-14-2024,0
CR102545,41.0,Male,married,Master,Unemployed,7.3,36100.94,1550.45,0.515,382.0,1,1,No,Own,52600.29,48,Business,11.61,No,Central,06-25-2023,0
CR100086,23.0,Male,Single,High School,SELF-EMPLOYED,1.1,29007.83,244.8,0.101,,1,0,no, Rent ,26839.9,36,Medical,10.71,No,North,12-12-2022,0
CR102305,23.0, Male ,Married,Bachelor,Retired,20.4,45123.23,1579.52,,461.0,2,0,No,Rent,1524.89,48, Medical ,14.8,No,east,07-01-2023,0
CR100849,53.0,Female,Single,high school,Retired,5.1,13943.37,151.13,0.13,614.0,14,0,Yes,Mortgage,48658.8,24,Debt Consolidation,12.31,No,West,24/08/2023,0
CR101908,20.0,Other,Single,Other,Employed,9.6,102651.1,444.52,0.052,534.0,6,0,No,mortgage,53670.76,12,Car,26.55,Yes,West,22/02/2021,0
CR100128,51.0,Female,widowed,Bachelor,Employed,7.4,12717.02,108.13,0.102,738.0,8,0,no,Mortgage,36273.99,48,Debt Consolidation,8.09, Yes ,East,2022-11-22,0
CR104007,17.0,Male,,HIGH SCHOOL,Employed,14.4,32939.47,1046.0,0.381,552.0,1,0,No,Rent,6922.71,36,Car,19.35,No,Central,03/03/2022,0
CR102106,62.0,Male,, Master ,Employed,3.8,41609.34,1840.28,0.531,,11,1,Yes,Rent,1556.39,36,Debt Consolidation,8.99,No,South,19/04/2021,0
CR103076,,Female, Single ,Bachelor,SELF-EMPLOYED,8.5,18668.5,90.96,,747.0,3,1,No,Mortgage,22494.78,24,Education,5.36,no,East,2022-08-07,0
CR103310,47.0,Male,Single,master, Employed ,7.2,39773.45,1457.08,0.44,587.0,0,0,Yes,Own,25584.6,60,Home Improvement,9.98,No,Central,25/02/2022,0
CR101424,32.0,Male,Married,High School,Employed,3.9,25737.28,677.34,0.316,510.0,2,0,No, Mortgage ,56654.78,36, Car ,17.82,No, South ,02-26-2021,0
CR104526,19.0,male,married, PhD ,Employed,6.6,86225.42,2960.63,,362.0,10,0,No,,35235.52,36,Car,10.86,No,East,2021-12-04,0
CR103552,72.0,Male,Single,Bachelor,Self-Employed,9.8,12183.07,379.82,0.374,592.0,14,0,, Rent ,43309.63,24,Medical,21.14,No,North,06/04/2024,0
CR101490,33.0,Female,Married,Other, Employed ,7.7,60397.34,639.33,,392.0,5,2,Y,Mortgage,52347.6,36,Other,6.6,No,CENTRAL,06-24-2023,1
CR103384,64.0,Female,Married, Bachelor ,Self-Employed,9.5,59527.48,731.5,0.147,650.0,13,0,No,RENT,23306.97,60,Car,24.88,No,WEST,2024-02-10,0
CR103402,27.0,Female,Single,High School,Unemployed,5.2,37093.43,1098.84,0.355,449.0,4,1,No,Own,32238.75,12,Medical,6.39, No ,South,2021-07-05,1
CR100478,56.0,OTHER,Married, Bachelor ,Employed,7.7,30264.37,85.92,0.034,613.0,3,1,No,rent,23437.97,48,EDUCATION,16.01,No,East,2023-03-30,0
CR103049,59.0,Other, Single , Bachelor ,self-employed,10.9,44943.46,612.02,0.163,518.0,14,1,Yes,Mortgage,35960.12,60,Car,12.56,No,South,2024-12-11,1
CR100503,68.0,Female,single,, Self-Employed ,8.1,24540.08,60.55,0.03,672.0,13,1,No,own,51653.62,48,Business,22.65,Yes,West,27/01/2024,1
CR100765,,Male,Married,Master,unemployed,0.0,79431.59,556.97,0.084,483.0,2,0,0,Own,3051.58,48, Debt Consolidation ,14.88,no, East ,2021-01-27,0
CR100070,64.0,Male,Divorced,PhD, Retired ,6.5,39456.76,715.0,0.217,850.0,14,0,0,Rent,55762.47,36,DEBT CONSOLIDATION,21.66,No,Central,05-21-2022,0
CR101895,67.0,Male,Married,Bachelor,Employed,0.9,22186.78,229.35,0.124,819.0,3,1,Yes,Rent,11808.95,60,HOME IMPROVEMENT,4.92,No,North,06/01/2021,0
CR101677,42.0,Male,Single,Bachelor,self-employed,9.7,63342.01,2067.86,0.392,318.0,10,0,Yes,Own,41077.4,24,Car,21.15,,South,01-01-2022,0
CR103388,34.0,Female,Single,High School,Employed,4.4,18033.57,301.25,0.2,848.0,19,1,Y,Mortgage,50170.01,36,Business,24.01,No, South ,2023-06-06,0
CR102776,48.0,Female,Single,High School,Retired,17.1,33524.57,1328.21,0.475,751.0,9,0,No,OTHER,44387.48,48,Business,23.02,No,Central,2021-07-02,0
CR101922,65.0,Female,Married,Bachelor,Unemployed,5.9,23358.36,920.13,0.473,802.0,4,1,N,Own,25966.53,12,Home Improvement,18.31,No,East,04/08/2023,0
CR103419,34.0,female, Widowed ,PhD,Self-Employed,19.9,35866.41,826.64,0.277,636.0,3,0,Yes,MORTGAGE,30052.66,48,Debt Consolidation,13.37,No, South ,23/10/2022,0
CR102202,20.0,Female,Divorced,Master,Employed,8.0,18571.15,412.92,0.267,580.0,16,0,No,Own,18493.29,60,Education,7.24,No,West,08/04/2021,1
CR103190,18.0, Male ,Single, PhD ,Self-Employed,7.4,46147.78,1344.31,0.35,451.0,0,0,,Rent,9461.75,24,Medical,26.63,,east,2024-05-26,0
CR100154,43.0, Male , Single ,,Employed,4.3,43284.83,1698.46,0.471,677.0,16,0,,Own,14767.16,48,Home Improvement,22.86,No,West,20/03/2021,0
CR103272,55.0,Female,Single,Bachelor,Employed,6.5,36353.5,1548.02,0.511,648.0,2,0,No,Rent,4350.36,48,Medical,24.23,No,West,10-12-2023,1
CR104544,43.0,Female, Married ,High_School,Retired,10.7,35671.49,1079.51,0.363,482.0,0,1,No,Mortgage,4786.19,60,Business,13.52,Yes, Central ,22/05/2023,1
CR101512,61.0, Male ,,High School,Retired,10.2,78597.68,3120.79,0.476,440.0,13,0,No,Mortgage,8373.52,24,Debt Consolidation,15.79,No,West,2021-03-31,1
CR104146,41.0,Female,Single,High School,EMPLOYED,,25414.77,935.83,0.442,376.0,8,1,Yes,OWN,59756.43,48,Debt Consolidation,20.92,No,NORTH,2024-07-14,0
CR100656,62.0,Female,Single,Bachelor,Employed,6.2,51004.37,1777.16,0.418,464.0,1,0,1,Mortgage,57740.4,12,Car,12.89,No,West,08/08/2023,1
CR102805,74.0, Male ,Single,High School,Employed,6.8,48379.45,1597.0,0.396,754.0,13,0,NO,Own,32236.98,60,Debt Consolidation,14.2,No,West,08/02/2022,1
CR100098,54.0,Male,Widowed,Master,Employed,,33473.64,1021.87,0.366,617.0,16,0,No,Rent,39879.99,24,Business,5.56,No,Central,04-02-2022,0
CR103739,66.0,Male,Married,phd,Employed,5.3,53718.72,929.37,0.208,774.0,17,0,Yes,Rent,34407.86,48,Debt Consolidation,24.23,No, West ,15/12/2024,0
CR103750,51.0,Male,,high school,self-employed,13.7,21521.39,735.88,0.41,735.0,7,0, No ,Rent,37958.42,60,Debt Consolidation,28.9,No,East,2021-04-02,0
CR100451,71.0,Male,Divorced,bachelor,Employed,7.7,18149.41,643.02,0.425,585.0,10,0,Yes,Mortgage,50317.93,24,other,9.61,No,West,04-07-2021,1
CR100583,21.0,Female,Married,BACHELOR,employed,3.1,35602.63,897.84,0.303,526.0,7,0,N,,59203.5,12,Education,9.57,no,West,30/01/2024,0
CR103454,65.0,Female,Married,Bachelor,Self-Employed,15.4,56428.48,1840.06,0.391,638.0,9,0,Yes,,11096.55,12,Other,13.34,No,West,02/04/2022,0
CR104157,35.0,Male,Married,Master,Unemployed,3.7,23723.83,366.15,,,15,0,No,Other,4452.36,12,Car,4.58,No,Central,15/11/2022,0
CR100400,75.0,Male,Single,,Unemployed,5.3,24485.5,822.45,0.403,603.0,8,0,Yes,Rent,21227.56,36,Education,27.26,NO,North,11-19-2023,1
CR103733,72.0,Male,SINGLE,High School,Employed,19.8,52969.09,2415.4,0.547,326.0,2,1,No,,41069.45,12,Car,19.97,No,West,02-09-2023,0
CR104258,53.0,Female,single,,Employed,0.0,78626.86,1932.76,,763.0,10,0,No,Rent,16936.57,60,Medical,14.42,No,East,02/07/2023,0
CR101785,32.0,Female,Single,High School,Self-Employed,,28837.39,1062.06,0.442,415.0,5,2, No ,RENT,27313.42,24,Education,24.76,no,Central,2021-10-31,1
CR100059,57.0,Male,Widowed,Master,Self-Employed,0.0,46182.41,1771.16,0.46,847.0,12,0,NO,RENT,23601.52,60,Car,18.18,no,West,05-28-2021,0
CR102354,35.0,male,Divorced,High School,Retired,0.5,27500.37,430.31,0.188,,9,0,no,Mortgage,40514.78,36,Home Improvement,16.88,No,West,11-24-2023,1
CR101027,34.0,Male,Divorced,,Employed,0.0,27334.41,686.32,0.301,586.0,3,0,No,Mortgage,7718.37,48,Education,25.45,NO,South,2022-04-10,0
CR100316,60.0,Female,Married,Bachelor,Employed,8.5,37829.92,848.59,0.269,514.0,5,0,,Rent,25051.23,60,Medical,23.09,no,South,20/03/2023,0
CR102807,36.0,Other,Divorced,High School,Employed,12.5,59461.42,2488.28,0.502,,7,0,No,Rent,36856.02,60,Other,11.14,No,WEST,17/03/2023,0
CR103974,23.0,Female,Single,Master,unemployed,1.7,41058.94,1316.34,0.385,775.0,1,0,No,Mortgage,45644.94,48,Business,6.38, No ,South,2022-07-10,0
CR101354,30.0,Male, Married ,Master,Self-Employed,11.4,73936.97,3198.96,0.519,461.0,12,0,Yes,rent,18648.59,60,Home Improvement,28.53,no,North,04-01-2023,0
CR100651,55.0,Female,Single,Bachelor,Employed,10.5,56463.06,356.03,0.076,637.0,15,0, No ,,54507.07,12,Medical,27.13,NO,North,06/01/2021,0
CR102258,18.0,Female,MARRIED,Bachelor,Employed,2.8,76189.93,137.68,0.022,519.0,10,0,No,MORTGAGE,46572.15,24,Car,9.65, No ,North,05-28-2022,0
CR100509,31.0,Male, Married ,Bachelor,Employed,10.5,41728.79,286.6,0.082,560.0,11,0,0,,49945.94,24,Car,27.86,Yes,East,09-28-2023,0
CR103969,53.0,Female,Single,High School,Self-Employed,13.9,72344.74,2541.42,0.422,737.0,12,0,No, Rent ,26565.31,48,Home Improvement,20.91,no,South,11-01-2023,0
CR100523,65.0,Female,Married,Master,Employed,3.2,123041.62,5248.21,0.512,544.0,14,2,Yes,Rent,55150.19,24,Car,11.55,No,West,03-28-2021,0
CR101271,,Male, Divorced ,,Employed,16.5,72614.2,1495.91,0.247,587.0,1,1,Yes,Rent,56656.43,24,Home Improvement,6.98,No,South,02-26-2023,0
CR100570,73.0,Female,Married,high school, Employed ,11.6,42200.46,1471.22,0.418,747.0,8,2,YES,Rent,38529.89,24, Business ,21.29,No,Central,01-08-2023,0
CR100540,59.0,Male,Single,Master,Employed,13.3,57371.48,430.53,0.09,339.0,4,0,, Mortgage ,47730.54,24,Debt Consolidation,16.7,,East,2022-07-08,1
CR100129,54.0,Female,Single,Bachelor,Self-Employed,3.2,19536.25,453.42,0.279,515.0,15,1,NO,,37645.08,12,car,9.91,no,East,2022-09-29,0
CR103901,73.0,Male,,High School,Employed,8.0,18513.31,543.88,0.353,623.0,1,0,No,rent,32557.15,60,Debt Consolidation,15.63,No,Central,01/08/2023,1
CR104070,23.0,Male,Married, Bachelor ,Self-Employed,4.1,42581.79,458.5,0.129,355.0,10,1,1,Other,48414.18,24,Car,5.26,No,South,2021-01-04,0
CR102129,36.0,Other,Married,High School,Employed,1.3,32894.78,417.72,0.152,696.0,15,0,1,Rent,19346.14,60,Business,19.7,No,East,2023-09-18,0
CR101460,63.0,Female,Single,Master,Employed,11.8,25590.22,48.57,0.023,613.0,14,1,Y,RENT,49190.87,12,Car,11.74,No,West,2023-04-04,0
CR100888,18.0,Male, Single ,Bachelor,Employed,1.1,117290.48,4186.22,,806.0,16,1,0,Own,47827.64,12, Debt Consolidation ,11.2, No ,North,2024-03-06,1
CR104110,18.0,Male,Widowed,HIGH SCHOOL,Self-Employed,13.8,71566.79,184.05,0.031,841.0,8,0,Yes,Mortgage,40601.09,12,Other,6.3,No,East,2024-05-05,0
CR103890,50.0,Male,Single, Master ,Employed,9.2,41515.98,643.03,0.186,820.0,18,1,No,Rent,49107.66,60,Education,13.07,No,East,27/12/2023,0
CR103362,20.0,Male,Single,Master,Employed,0.0,23508.0,793.48,0.405,802.0,16,0,, Rent ,48598.15,12,Business,29.55,No,East,22/08/2024,0
CR100620,43.0,Female,Married,Master,Unemployed,12.8,29096.88,911.99,0.376,344.0,18,1,No,Mortgage,30181.3,36,Debt Consolidation,24.62,No,South,11-17-2021,0
CR103022,40.0,Male,Single, High School ,self-employed,12.0,59424.71,1141.25,0.23,516.0,4,0,No,Rent,18968.02,48,Car,18.18, No ,CENTRAL,12-28-2021,0
CR101603,36.0,Female,Divorced,High School,Self-Employed,999.0,17190.02,62.59,0.044,353.0,18,0, No ,Rent,17883.62,48,Debt_Consolidation,10.26,No,East,10-10-2022,0
CR104207,72.0,Male,Married,Other,Unemployed,10.2,57329.55,1470.46,0.308,312.0,13,0,yes,Rent,56443.25,48,Debt Consolidation,17.88,no,North,09-19-2024,1
CR100677,22.0,Male,Married,Master,Employed,13.9,47278.71,652.37,0.166,628.0,13,1,Yes,Own,7239.56,48, Home Improvement ,21.81,No, West ,08/01/2023,1
CR101135,21.0,Female,,,Employed,0.0,31565.62,451.83,0.172,,12,0,Yes,Rent,11299.54,12,Education,29.58,No,South,2024-06-07,1
CR100468,28.0,Female,Single,PhD,Unemployed,9.4,41370.1,391.76,0.114,601.0,14,1,No,Rent,46112.07,24,Education,21.12,No,South,03-03-2023,0
CR102262,19.0,Female,Married,Master, Employed ,8.3,42270.47,223.87,0.064,664.0,18,0,No,rent,30064.99,36,Medical,8.89,Yes,South,09-02-2022,0
CR102391,29.0,Female,MARRIED,HIGH SCHOOL,Employed,2.2,51735.18,640.57,0.149,,17,0,No,Mortgage,55025.46,12,Home Improvement,14.38,No,South,2021-01-01,0
CR100160,75.0,Male, Married ,Master,Employed,0.0,36746.07,613.81,0.2,347.0,10,0,Yes,Mortgage,46128.29,48,Home_Improvement,21.37,No,North,2024-09-27,1
CR104098,64.0,Male,Married,Master,Employed,8.6,52751.83,580.49,0.132,671.0,7,0,No,Mortgage,16619.58,12,Business,6.69,No,NORTH,12-27-2022,0
CR100026,41.0,Male,Married,High School,Employed,6.3,45676.66,2016.5,0.53,474.0,12,0,No,Rent,50237.48,12,Debt Consolidation,7.1,No,West,2023-04-22,0
CR101577,64.0,Male,single,bachelor,Employed,0.8,82011.71,3578.86,0.524,469.0,1,1,Yes,Own,2497.3,48,Business,14.46,no,Central,21/10/2023,0
CR103922,45.0,male,Single, PhD ,Employed,9.6,32056.13,862.0,,481.0,14,0,No,Rent,19624.22,48,Car,25.05,No,North,18/10/2022,0
CR103087,28.0,FEMALE,Single,Other,Retired,20.5,14405.63,93.79,0.078,566.0,4,0,Yes,Mortgage,34159.19,36,Other,21.01,No,Central,2021-03-08,0
CR103714,60.0,female,Widowed,Bachelor,Retired,5.4,9829.25,162.08,0.198,828.0,19,0,Yes,Mortgage,9373.2,36,Car,18.7, No ,north,07-25-2023,0
CR104058,29.0,Female,Single,High School,employed,13.9,,420.16,0.275,637.0,13,0,No,Rent,29294.31,24,Debt Consolidation,26.88,Yes,West,09-30-2022,0
CR102086,60.0,Female,,Bachelor,Employed,10.7,40007.31,311.38,0.093,520.0,2,0,No,Rent,36669.63,48,education,20.49,No,south,01-07-2024,0
CR100848,,Other,Single,,Self-Employed,2.9,31855.94,1029.22,0.388,702.0,18,0,Yes,Rent,35186.63,24,Other,16.43,No,Central,06-18-2023,0
CR100975,31.0,Female,Single,Bachelor,employed,7.3,36976.02,1164.18,0.378,707.0,4,0, No ,Mortgage,35992.49,24,Home Improvement,13.86,No,West,07-13-2023,1
CR104111,45.0,Female,Married,Master,Employed,5.1,23173.71,610.47,0.316,765.0,6,1,No,Rent,25466.07,60,Medical,24.03,No,Central,05-07-2022,0
CR102430,25.0,MALE,Single,PhD,Employed,1.7,52164.61,2347.6,0.54,843.0,0,0, Yes , Rent ,24858.42,48,Home_Improvement,24.97,No,South,23/09/2022,0
CR100465,74.0,Female,Single,High_School,Retired,,55133.65,727.52,0.158,512.0,18,0,Yes,Own,39357.29,12,Home Improvement,16.15, No ,Central,01-21-2022,0
CR101233,61.0,Female,Widowed,Master,retired,5.6,32639.7,1227.89,0.451,303.0,11,0, Yes ,Mortgage,31171.73,36,Medical,24.8,No,East,27/08/2024,0
CR100671,53.0,Female,Married,BACHELOR,Employed,1.6,20109.89,836.7,0.499,646.0,13,1,No,Own,12986.57,36,Debt Consolidation,14.78,no,West,09-24-2023,0
CR102114,61.0,Female,DIVORCED,High School,Self-Employed,14.8,74460.09,672.82,0.108,799.0,16,0,No,Rent,45753.54,24,Debt Consolidation,16.31,No,South,2023-12-04,0
CR101229,34.0,Female,Married,High School,Employed,4.5,84021.92,2471.63,0.353,505.0,12,0,Yes,Rent,56876.09,48,Debt Consolidation,7.87,No,Central,31/01/2021,1
CR103566,42.0,Female,widowed,high school,Employed,0.6,45733.7,457.28,0.12,602.0,8,1,1,Own,20222.71,60,Home Improvement,27.38,NO,south,2021-02-25,0
CR102028,48.0,Male,Single,High School,Self-Employed,12.8,124509.63,1657.33,0.16,766.0,8,1,No,Mortgage,48805.7,12,Debt Consolidation,15.08,No,North,13/02/2023,0
CR103298,49.0,MALE,Married,High School,Unemployed,2.0,22258.81,571.54,0.308,377.0,6,2,Yes,Rent,27795.23,36,Education,22.48,No,east,12-26-2022,1
CR101505,32.0,Male,, Bachelor ,Unemployed,16.6,46848.41,667.14,0.171,743.0,0,0,Yes,rent,28278.02,24,Debt Consolidation,10.74,Yes,West,2022-03-20,0
CR100289,,Female,Married,Bachelor,Self-Employed,,36885.47,153.65,0.05,339.0,17,0,YES,OWN,59577.58,60,Business,8.23, No ,West,2022-10-04,0
CR102481,67.0,Male,Married,High School,Self-Employed,0.0,26463.17,296.47,0.134,517.0,19,0,No,,29187.35,24,Education,22.79,,East,30/06/2022,1
CR101325,28.0,Male,Single,Master,Employed,8.5,54260.44,333.15,0.074,461.0,14,1,Yes,rent,48135.34,48,Other,25.87,No,West,2023-01-04,1
CR100227,51.0,Male,Married, Master ,Employed,9.0,29658.83,1114.53,0.451,682.0,6,1,Y,Rent,32557.67,12,Medical,28.67,No,South,03/04/2021,0
CR102197,,Male,Divorced,HIGH SCHOOL,Employed,10.7,19258.2,443.38,0.276,549.0,16,0,Yes,Own,49201.13,12,Debt Consolidation,14.52,No,North,08-10-2024,0
CR103284,42.0,Male,MARRIED,BACHELOR,Unemployed,0.0,,582.06,0.359,506.0,2,0,1,Own,8443.16,24,Debt Consolidation,26.72,No,north,2023-09-30,1
CR102058,40.0,female,Married,Bachelor,Employed,5.3,48162.3,1698.56,0.423,548.0,12,0,No,rent,5100.72,12,debt consolidation,27.65,No,East,01-09-2022,0
CR101310,48.0,Female,Divorced,High School,Employed,12.0,46272.41,1006.48,0.261,480.0,9,1,No,Rent,27815.69,60,Debt Consolidation,17.79,Yes,North,02-29-2024,1
CR100587,23.0,female,Married,High School,Employed,1.8,15511.03,84.72,0.066,,12,0,No,Rent,20237.04,12,Education,24.26,Yes,Central,07-02-2024,0
CR103404,40.0, Female ,SINGLE,Bachelor,Employed,0.5,73891.04,861.14,0.14,,13,1,Yes,Mortgage,27139.7,12,Education,20.11,No,Central,10-10-2024,0
CR102608,48.0,FEMALE,Married,,Unemployed,7.5,35665.09,644.05,0.217,759.0,9,0,No,Mortgage,24364.51,48,education,22.56,No, South ,2024-01-15,0
CR100659,34.0,Male,Divorced,Master,Unemployed,3.7,24409.02,231.8,0.114,765.0,9,0,Yes,Mortgage,4542.18,12,Home Improvement,14.85,No,Central,2024-11-23,0
CR101047,52.0,male,Single,Bachelor,Employed,0.0,62296.02,252.07,0.049,839.0,13,1,0,Mortgage,39090.34,12,Debt Consolidation,16.97,No,south,2022-11-14,0
CR101386,50.0,Male,Single,Bachelor,Self-Employed,5.5,44739.63,1233.82,0.331,481.0,7,0,Y,rent,18266.51,24,Car,11.37,No,East,14/05/2022,0
CR104209,53.0,Other,,Bachelor,Employed,4.1,10212.07,386.63,0.454,808.0,12,2,No,Rent,7375.81,48,Car,17.43,No,Central,09/09/2022,0
CR101968,66.0,Male,married,High_School,Self-Employed,7.0,,1273.6,0.227,421.0,9,0,No, Own ,21017.99,36,Debt Consolidation,7.51,no,South,2022-07-20,0
CR102873,30.0,Other,MARRIED,High School,unemployed,10.4,33459.71,199.47,0.072,730.0,16,0,Yes,Mortgage,31071.23,48,Business,23.9,,North,05-18-2023,1
CR102356,41.0,Male,single,Master,Self-Employed,9.7,57211.15,2016.56,0.423,307.0,13,0,yes,Mortgage,17174.75,48,MEDICAL,8.5,no,North,2021-06-21,0
CR104379,,Female,Widowed, Bachelor ,Employed,8.4,34079.96,218.41,0.077,741.0,12,1,No,Mortgage,33971.37,24,Debt Consolidation,19.76,No,West,04-25-2024,0
CR104361,63.0,Female,Single,Master,Employed,7.8,16004.38,635.75,0.477,312.0,0,0,No,Rent,18076.45,60,Debt Consolidation,17.85,No,EAST,27/09/2023,1
CR104416,45.0,Female,Married,Master,Employed,0.0,21621.73,897.52,0.498,305.0,3,0,no,,27740.95,12,education,14.37, No ,north,2022-12-26,0
CR101389,70.0,female,Single,,EMPLOYED,14.7,21885.03,425.16,0.233,745.0,16,0, Yes ,Mortgage,44218.18,48,home improvement,17.71, No ,Central,2024-05-23,0
CR100560,49.0,Female,Married,,Employed,4.7,45498.24,1971.18,0.52,681.0,2,0,1, Other ,21490.08,48,Home Improvement,7.45,No,Central,04-16-2024,0
CR103950,39.0,Female,,Bachelor,Employed,12.6,14148.59,392.81,0.333,611.0,8,0,,Rent,26639.04,12,Car,22.16, No ,East,2022-01-16,0
CR103622,37.0,Male,Single,Bachelor,Employed,4.7,41940.0,801.82,0.229,825.0,8,0,No,OWN,12588.63,24,Home Improvement,26.12,No,Central,24/04/2023,0
CR101897,68.0,Female, Divorced ,,Employed,11.9,78714.09,712.67,0.109,805.0,19,0,Yes,RENT,31723.65,12,Debt Consolidation,23.11,No,Central,04-19-2022,0
CR103257,29.0,Female,Married, High School ,Self-Employed,1.3,92379.34,1466.93,0.191,,4,0,No,Other,51531.89,60,DEBT CONSOLIDATION,21.91,,CENTRAL,03-07-2023,0
CR103494,71.0,Male,Married,Bachelor,Unemployed,12.4,34379.41,583.49,0.204,661.0,16,1,Yes,Other,44977.05,60,Other,20.64,Yes,West,2023-08-08,0
CR103961,67.0,Male,Divorced,High School,Employed,6.5,53783.18,629.84,0.141,491.0,0,1,No,Own,18534.09,36,Medical,13.37,Yes,EAST,05/08/2023,1
CR103754,20.0,Female,Married,High School,Retired,5.8,48499.26,1228.82,0.304,,8,1,No,Rent,51127.75,12,Home Improvement,20.51,No,East,02-19-2022,1
CR103915,22.0,Female,Married, Bachelor ,Employed,2.3,47486.45,886.52,0.224,583.0,5,2, No ,Mortgage,3484.91,12,Home Improvement,12.61,YES,South,03-16-2021,0
CR100063,74.0,Female,MARRIED,Other,EMPLOYED,8.1,72589.68,1071.83,0.177,580.0,14,0,1,Mortgage,8325.8,24,MEDICAL,23.51,NO,South,03-17-2024,0
CR100889,33.0,Female,Married,Master,EMPLOYED,7.2,65411.21,2491.99,0.457,334.0,16,0,Yes,rent,13877.65,60,Education,23.34,No,east,06-08-2021,0
CR100144,75.0,Female,Married,Master,Self-Employed,0.0,56325.17,1284.91,0.274,451.0,12,0,NO,Mortgage,34373.8,24,Car,29.8,,East,03-07-2022,0
CR102267,60.0,Female,, Bachelor ,Unemployed,11.5,25261.68,1135.43,0.539,442.0,0,0,1,Mortgage,9628.41,36,Debt Consolidation,17.17,No,West,2022-01-23,0
CR102885,26.0,Female,Single,Bachelor,Employed,0.6,95753.4,3080.58,0.386,794.0,14,0,No,Mortgage,56894.34,48,Home Improvement,5.25,,East,2022-03-14,0
CR102698,25.0,Female,Single,,Employed,12.7,68084.9,1782.65,0.314,483.0,2,0,,other,1101.58,36,medical,13.65,No,West,14/12/2021,0
CR103532,21.0,Male,Single,master,Employed,1.7,13114.58,434.79,0.398,326.0,7,0, No , Rent ,45047.3,60,Debt Consolidation,7.07,No,East,25/03/2024,1
CR100058,61.0,Female,Widowed,Bachelor,RETIRED,8.8,29869.82,435.74,0.175,685.0,7,0,No,rent,8874.9,48,Car,11.6,No,South,2023-09-19,0
CR104098,64.0,Male,Married,Master,Employed,8.6,52751.83,580.49,0.132,671.0,7,0,No,Mortgage,16619.58,12,Business,6.69,No,NORTH,12-27-2022,0
CR100208,33.0,Female,married,,EMPLOYED,4.2,35279.53,471.05,0.16,711.0,15,2,Yes,OTHER,14836.93,24,Car,16.23,No,Central,02-17-2024,0
CR100938,44.0,Male,Married, Master ,Retired,0.0,58365.73,1370.59,0.282,447.0,9,0,No,,9325.26,12,car,18.85,Yes,SOUTH,12/12/2023,1
CR100251,46.0,FEMALE,Married,Bachelor,Self-Employed,9.3,55271.05,2262.88,0.491,809.0,8,1,No,own,32274.13,12,Education,26.48,No,north,01-28-2022,0
CR100391,28.0,male,,High School,Self-Employed,7.2,40285.54,1375.46,0.41,783.0,2,3,Y,,46220.05,24,Business,25.68,No,West,2023-12-21,0
CR103712,64.0,Other,Married,High School,Unemployed,7.2,26136.63,115.54,,372.0,4,0,No,Mortgage,9626.26,36,Debt Consolidation,28.29,,West,2021-12-05,1
CR101299,19.0,Male,Married,HIGH SCHOOL,Self-Employed,0.0,65361.85,2975.75,0.546,819.0,19,0,No,Other,25736.0,12,Home_Improvement,22.72,No,South,18/10/2024,0
CR103178,30.0,MALE,Widowed,Other,Self-Employed,0.0,,2810.73,0.384,474.0,10,1,NO,Own,33352.46,24,Debt Consolidation,21.31,Yes,Central,2022-02-09,0
CR100541,21.0,Male,Divorced,Master, Employed ,3.5,53426.65,1140.09,,666.0,5,0,No,Other,25881.41,60,Debt Consolidation,17.35,No,North,17/06/2024,0
CR104561,42.0,Female,Married,Master,Self-Employed,11.9,28807.84,60.54,0.025,403.0,0,1,Yes,MORTGAGE,21611.82,48,Business,29.67, No ,West,01-17-2022,1
CR101222,73.0,Male,Married,Master,Employed,3.0,24309.21,759.02,0.375,445.0,13,1,Yes,Own,33128.59,60,Car,28.34, No ,West,03/04/2021,0
CR103899,71.0,male, Single ,High School,Unemployed,8.2,22301.44,994.73,0.535,737.0,13,0,No,Mortgage,42544.28,12,Car,7.88,No,West,10-28-2022,0
CR102065,47.0,Male,Widowed,Master,Employed,9.3,29258.51,905.48,0.371,702.0,6,0, No ,own,51363.35,60,Other,21.12,No,North,09-08-2024,0
CR100575,39.0,male,Married,High School,Employed,6.5,31707.41,235.23,0.089,842.0,19,0,No,Other,40829.88,48, Car ,6.48,No,South,10-04-2024,0
CR101280,60.0,Female,Single,High School,Employed,9.8,58136.91,477.51,0.099,527.0,9,0,NO,Rent,23274.19,60,Debt Consolidation,12.13,No,North,01-07-2024,0
CR101660,53.0,Female,,High School,employed,8.8,26729.83,871.54,0.391,782.0,0,1,Yes,Mortgage,20855.06,48,Education,26.45,No,Central,08-13-2021,0
CR103161,69.0,Male,widowed,Master,Employed,14.3,23650.69,841.6,0.427,833.0,3,1,Yes,Own,46652.51,36,Business,18.74,Yes,Central,05/03/2023,1
CR103604,71.0,Female,Widowed,Master,Self-Employed,7.2,57282.12,1034.87,0.217,849.0,13,0,,Mortgage,59511.22,60,education,11.98,No,South,11-26-2024,0
CR104283,43.0,Male,Single, Master ,Retired,,74222.36,463.12,0.075,401.0,13,0,0,Mortgage,59032.59,48,Other,23.68,Yes,South,11/06/2023,0
CR100207,74.0,Female,SINGLE,High School,Employed,5.0,15228.95,129.74,0.102,469.0,3,1,No,Mortgage,14676.83,36,Debt Consolidation,7.27,No,South,2023-02-17,0
CR101958,56.0,Male, Married ,Bachelor,Unemployed,0.0,24590.26,321.21,0.157,431.0,1,0,Yes,MORTGAGE,41359.63,12,Business,13.72,yes,North,06-25-2021,1
CR103808,48.0,Male,Married,MASTER,Retired,1.4,14315.31,133.85,0.112,714.0,2,0,No,Rent,39775.19,36,Home_Improvement,18.76,,Central,20/01/2021,0
CR100927,35.0,Male,Married,Bachelor,Employed,11.9,28503.68,1212.39,0.51,676.0,13,0,,Own,33517.93,36,Car,18.27,No,Central,2021-10-05,0
CR102940,,Male,Single,Bachelor,Employed,9.7,48338.7,1241.39,0.308,337.0,13,0,Yes,Rent,45897.19,36,Car,9.76,,Central,25/04/2023,1
CR100269,52.0,Female,Single,Bachelor,Retired,7.9,34238.34,1456.12,0.51,536.0,14,0,NO, Mortgage ,2641.56,12,Business,7.95,No,East,2024-10-09,0
CR102044,,Male,Married,Bachelor,Retired,,32980.49,456.76,0.166,479.0,12,2,No,Rent,42788.56,48,Medical,14.73,No,West,04-28-2021,0
CR101514,32.0,Female,Married,PhD, Employed ,6.5,55725.08,260.54,0.056,713.0,15,1,No,Mortgage,55341.24,12,CAR,20.02,NO,South,12/03/2021,0
CR104384,40.0,Male,,Bachelor,Employed,0.0,28965.65,1251.93,0.519,778.0,0,0,1,Own,5505.92,12,Debt Consolidation,15.47,No,North,2023-05-06,0
CR101621,18.0,Female,Widowed,Master, Unemployed ,11.2,27187.12,1207.06,0.533,731.0,8,1,Yes,Rent,11265.09,36, Education ,13.56,No,North,04-12-2024,0
CR103323,55.0,Male,,High_School,Employed,5.4,36397.04,930.5,0.307,769.0,2,0,Yes,Mortgage,46442.72,60,Business,6.86,No,North,2022-07-27,0
CR102442,18.0,Male,Married,Master,Employed,5.9,21104.46,610.53,0.347,,4,0,No,own,53227.89,48, Debt Consolidation ,27.56,,West,11/12/2024,1
CR100297,43.0,Female,Single,, Employed ,8.8,,438.21,0.421,528.0,7,0,No,Own,4362.69,48,Debt Consolidation,26.87,,South,2022-01-30,1
CR103026,24.0,Female,Married,High School,Employed,7.2,53352.81,1508.5,0.339,307.0,8,0,No,Rent,30127.16,24,debt consolidation,25.7, Yes ,West,2024-05-14,0
CR100310,56.0,FEMALE,Single,Bachelor,Unemployed,9.8,29271.32,715.68,0.293,699.0,0,0,N,Rent,8958.96,12,Debt_Consolidation,22.2,No,West,08-26-2024,1
CR102761,43.0,Male,Single,Bachelor,Employed,19.1,36687.11,1313.29,0.43,354.0,13,1,yes,Mortgage,57587.35,12,Debt Consolidation,21.64,Yes,West,18/07/2022,1
CR102835,49.0,Female,Married,Other,Employed,0.0,14580.29,443.95,0.365,652.0,9,0,0,rent,28252.74,36,Debt Consolidation,26.79,No,South,04-01-2021,0
CR100644,62.0,Male,SINGLE,Bachelor,Employed,19.2,81323.73,2905.53,0.429,,8,0,YES, Mortgage ,24506.66,24,education,25.11,,South,2023-10-25,1
CR102762,39.0,Female,Single,,Employed,,52884.97,2142.72,0.486,756.0,1,0,No, Rent ,25642.08,60,Debt Consolidation,7.2,No, North ,2024-03-23,0
CR104094,73.0,Male,Married,Other,RETIRED,9.0,36516.69,85.3,0.028,,9,0,Yes,OWN,58728.6,36,Car,9.18,Yes,South,07-22-2021,1
CR103984,67.0,Female,Married,PHD,Employed,5.5,16787.52,124.54,0.089,,13,0,No,,11450.2,60,Education,15.78,Yes,West,22/04/2023,1
CR104285,62.0,male,Married,High School, Self-Employed ,13.1,28336.33,258.54,0.109,415.0,11,1,No,,27152.81,12,Debt_Consolidation,17.53,No,South,2021-02-14,0
CR102053,72.0,male,Single,Master,employed,11.6,19754.02,508.63,0.309,344.0,6,0,Yes,RENT,23444.24,12,Debt Consolidation,9.74,No,North,2023-05-25,0
CR103732,41.0,Male,single,High School,EMPLOYED,6.3,61854.45,702.92,0.136,390.0,16,1,0,mortgage,49452.3,24,Medical,23.9,No,east,18/01/2021,0
CR101587,22.0,Female,Divorced,High School,Self-Employed,9.0,46914.68,881.11,,446.0,16,0,No,OWN,56605.04,24,Debt Consolidation,11.87,No,North,06-18-2023,0
CR104529,50.0,Male,Widowed,Bachelor,Employed,9.3,15672.46,324.93,0.249,819.0,6,1,No,OWN,52551.07,48,Medical,25.0,no,East,12-25-2022,0
CR100925,72.0,Female,SINGLE,Bachelor,Unemployed,1.8,51700.33,95.88,0.022,483.0,10,1,No,Mortgage,53181.86,12,Business,21.32,No,West,01-19-2023,0
CR101169,71.0,Male,Single,Bachelor,Employed,6.4,58361.93,760.47,0.156,308.0,16,0,,Rent,42045.85,12,Debt Consolidation,5.62, No ,South,01-03-2024,0
CR101495,43.0, Male ,Divorced,Bachelor,Employed,17.9,43579.26,752.05,0.207,455.0,12,1,No,Rent,27260.43,12,Medical,9.6,No,west,11-25-2022,0
CR101228,26.0,Female,Married,PhD,Employed,3.0,37361.59,306.5,0.098,549.0,16,0,0,Own,34790.66,12,Car,18.32,No,North,01-10-2024,0
CR102874,40.0,Male,Single,Bachelor,Employed,2.5,87525.92,868.53,0.119,702.0,17,0,NO,Rent,37834.84,60,Debt Consolidation,9.48, No ,South,07-15-2021,0
CR101340,48.0,Female,Divorced,High School,Retired,12.8,46219.92,1831.96,0.476,681.0,12,0,No,mortgage,33326.68,36, Other ,7.5,No,West,11-20-2023,0
CR104528,43.0,OTHER,Divorced,Master,Employed,4.6,25952.95,981.57,0.454,334.0,1,0,Yes,Own,11853.6,36,Business,9.88,No,Central,2024-12-01,1
CR100453,19.0,Male,Single,High School,Employed,13.4,33209.38,1395.76,0.504,838.0,19,0,No,mortgage,19717.16,36,home improvement,12.88,No,Central,01/01/2023,0
CR103605,25.0,Female,married,High School,Employed,7.6,36548.26,1549.64,0.509,354.0,3,0,Yes,MORTGAGE,15567.61,36,Home Improvement,26.53,NO,West,04/07/2022,0
CR102895,49.0,Male,Single,MASTER,employed,3.2,67165.35,982.82,0.176,829.0,2,0,No, Rent ,2902.23,24,Other,22.44,No,Central,01-24-2021,0
CR102410,48.0,Male,Single,Bachelor,Employed,0.7,59369.37,734.55,0.148,360.0,12,1,No,Rent,58017.69,24,Home Improvement,5.44,No,North,25/02/2024,0
CR101230,65.0,Male,MARRIED,Bachelor,EMPLOYED,1.0,25066.34,892.11,0.427,444.0,14,0,Yes,,45146.11,24,car,7.89,No,East,28/12/2023,0
CR101304,53.0,Female, Married ,Master,Employed,5.5,11323.05,442.02,0.468,768.0,13,0,Yes,Own,5013.19,60,Other,7.91,No,West,06-24-2022,0
CR104223,48.0,Female,MARRIED,High School,Unemployed,2.9,33109.79,423.08,0.153,,8,0,1, Other ,36208.43,60,HOME IMPROVEMENT,10.48,No, West ,10-04-2021,0
CR102609,65.0,Female,,,Employed,,68290.34,816.66,0.144,679.0,2,1,NO,RENT,5426.08,60,Debt Consolidation,20.66,Yes, North ,11-30-2022,0
CR104305,62.0,Female,Married,Master, Unemployed ,0.0,58643.51,1345.9,0.275,389.0,9,0,NO,Rent,20451.3,24,Debt Consolidation,22.51,No,North,03-02-2023,1
CR100314,32.0,Male,SINGLE,Bachelor,Employed,5.1,45025.89,1257.75,0.335,548.0,0,1,0,Own,56494.75,12,Debt Consolidation,26.48,Yes,EAST,26/05/2021,1
CR103495,48.0,Male,,master,Employed,12.2,25436.19,793.54,0.374,423.0,14,0,no,Rent,48665.54,36,Debt Consolidation,22.04,No,West,08/03/2023,1
CR102854,59.0,Male,Single,High School,Employed,,50036.46,1238.3,0.297,497.0,6,0,No,Mortgage,8116.1,36, Debt Consolidation ,18.53,No, North ,26/10/2023,1
CR104464,43.0,Male,Single,Master,Employed,5.8,37960.02,1600.43,0.506,588.0,10,0,Yes,Rent,32623.81,24,Debt Consolidation,7.86,,North,06/08/2021,1
CR103628,67.0,Male,Divorced,High School,Employed,8.4,73657.0,2543.9,0.414,526.0,3,0,1,Rent,9710.02,48,home improvement,5.0,No,East,08-23-2023,0
CR100902,30.0,male,Widowed,,Employed,15.6,29738.44,267.01,0.108,623.0,17,0, No ,RENT,14075.73,60,Medical,27.1,No,south,11/06/2024,0
CR104213,59.0,Male,Divorced,MASTER,Self-Employed,19.2,20661.27,873.23,0.507,689.0,16,1,No,Rent,41541.04,24,Home Improvement,5.27,No,West,31/08/2024,0
CR102604,61.0,Male,Married,bachelor,Self-Employed,0.0,53330.3,639.8,0.144,814.0,9,1,Yes,Mortgage,50409.92,12,Home Improvement,23.14,No,West,05-30-2024,0
CR100118,32.0,Other,,master,Employed,4.3,24012.13,146.12,0.073,589.0,3,0,Yes,Rent,6224.3,12,Home Improvement,14.84,YES,West,01-17-2023,0
CR103884,27.0,Male,Single,High School,Self-Employed,4.8,68732.86,2543.65,0.444,666.0,13,0,No, Mortgage ,32279.48,24,DEBT CONSOLIDATION,18.98,No,SOUTH,01-02-2021,0
CR101926,38.0,Male,Married,Master,Self-Employed,6.9,20560.29,910.5,0.531,301.0,5,0,1, Mortgage ,21173.85,60,Education,23.0,No,West,10/10/2023,1
CR100055,,FEMALE,Single,High School,Self-Employed,0.8,21020.42,673.75,0.385,728.0,19,0,No,Mortgage,33766.26,60,Other,6.3,No,South,31/05/2024,0
CR101127,54.0,Female,Married,,Unemployed,0.0,95227.28,1065.29,0.134,660.0,13,1,1,Mortgage,31546.81,24,Home Improvement,6.89,NO,east,02-04-2021,0
CR102520,43.0,Male,Married,Master,Self-Employed,6.3,19926.39,544.13,0.328,742.0,16,0,no,Rent,32618.47,12,Debt_Consolidation,15.56,No,Central,2021-06-12,0
CR104551,20.0,MALE,Single,Bachelor,Employed,4.1,33945.36,228.59,0.081,561.0,10,0,No,,42202.1,12,Education,12.45,No,East,10/11/2023,0
CR103749,70.0,Male,Married,,employed,0.0,17263.37,174.19,0.121,767.0,12,0, No ,Rent,37930.17,36,Home Improvement,29.0,NO,South,11-04-2021,1
CR102765,49.0,Male,Divorced,High School,Employed,1.0,42289.1,1191.86,0.338,847.0,19,0,No,OTHER,39231.87,12,Other,19.79,No,West,05/01/2023,0
CR100875,47.0,Male,DIVORCED,Bachelor,Self-Employed,11.8,40692.65,942.02,0.278,409.0,7,0,0,Own,13925.98,24,Home Improvement,8.73,Yes,South,29/09/2024,0
CR103457,19.0,male,Single,Bachelor,Employed,4.2,,1625.67,0.288,688.0,4,0,y,Own,31040.95,36,Home Improvement,22.02,No,EAST,12-18-2022,0
CR103568,61.0,OTHER,Single,Bachelor,Self-Employed,0.0,,1259.99,0.385,687.0,12,0,Y,Rent,44704.12,48,Business,17.89,No,North,2022-08-09,0
CR101458,33.0,MALE,Married, High School ,Employed,2.2,25715.94,1024.76,,534.0,17,0,No, Rent ,29007.21,36,medical,16.49,No,South,20/08/2022,1
CR103448,53.0,Female,Single,Master,Retired,,16014.18,599.35,0.449,,3,0,No,Own,34557.99,48,Home Improvement,12.04,No,East,12-04-2022,1
CR101210,54.0,MALE,Married,High School,Employed,10.2,44982.66,1917.19,0.511,664.0,12,0,YES,Rent,28074.5,36,Medical,4.89,No,South,2022-09-28,1
CR103158,56.0,Male,Married,master,Employed,3.1,21261.87,698.28,0.394,391.0,2,0,No,,55606.82,36,Car,13.4,No,South,05-20-2023,0
CR104446,35.0, Female ,Married,High School,Self-Employed,5.1,31231.7,122.73,0.047,741.0,7,1,YES, Own ,44118.86,60,Car,27.46,No,West,02-28-2021,0
CR101527,26.0,male,Married,High School,Self-Employed,5.2,71883.03,1834.17,0.306,764.0,10,0,,Rent,1941.16,48,Debt Consolidation,23.48,No,Central,15/06/2023,0
CR104142,27.0,Female,Single,HIGH SCHOOL, Self-Employed ,9.9,56690.3,1565.5,0.331,527.0,7,0,0,Mortgage,37744.46,60,MEDICAL,9.42,No,East,08-08-2022,1
CR101834,41.0,Female, Single ,,Self-Employed,5.2,24269.68,423.62,0.209,,3,0,1,Rent,56769.95,48,Car,20.0,, Central ,09/09/2021,1
CR104590,58.0,Female,married,Master,Employed,2.3,36360.63,630.25,0.208,304.0,16,0,no,Rent,58307.65,36,Home Improvement,10.4,No,West,2024-01-14,0
CR104436,55.0,Male,Single,High School,Self-Employed,0.0,35868.7,84.34,0.028,375.0,3,0,No,Own,10121.38,60,Home Improvement,27.65,No,North,31/01/2024,0
CR102269,74.0,Female,Single,Master,Employed,14.6,9486.31,200.7,0.254,375.0,17,2,No,Rent,54626.81,60,Other,10.13,no,North,02-17-2021,1
CR104532,58.0,Male,Married,Bachelor,Employed,13.5,27104.71,394.14,0.174,669.0,8,0,No,,7386.03,24,DEBT CONSOLIDATION,15.61,No,South,30/06/2021,0
CR103531,22.0,Male,Single,Bachelor, Retired ,4.5,35143.82,1267.11,0.433,421.0,12,0,No, Mortgage ,33377.19,60,OTHER,14.98,,South,2024-06-15,0
CR101965,61.0,Male,Married,High_School, Unemployed ,16.5,19813.46,161.57,0.098,665.0,10,0,Yes,Mortgage,41430.19,12,Other,6.1,,West,2024-01-04,0
CR103562,42.0,Female,Single, Bachelor ,Employed,9.8,30503.92,850.02,0.334,570.0,8,0,No,Own,7318.73,36,EDUCATION,14.3,no,EAST,30/11/2024,0
CR103775,28.0,Female,Married,high school,Employed,4.4,40466.79,1416.43,0.42,829.0,8,0,Yes,Own,38285.6,36,Debt Consolidation,22.44,,North,2024-08-27,0
CR104033,34.0,Female,Widowed,Bachelor,Unemployed,3.7,35425.08,572.13,0.194,833.0,8,1,No,Own,23766.38,24,Debt Consolidation,18.22,NO,Central,08-01-2024,0
CR102306,36.0,Male,,Bachelor,Employed,0.0,80418.25,2258.69,0.337,524.0,11,0,,Mortgage,57812.1,36,Medical,23.93,No,West,2021-08-26,0
CR102185,34.0,Male,MARRIED,BACHELOR,Employed,0.0,64876.64,430.98,0.08,690.0,15,1,No,Own,26236.28,60,Car,7.04,No,west,02-15-2023,0
CR104472,46.0,Female,divorced,Bachelor,Employed,9.3,18516.75,135.2,0.088,418.0,18,0,YES,Mortgage,37675.8,48,Education,23.06,No,South,2021-05-10,0
CR101006,67.0,Female,Single,bachelor,Employed,,23809.64,320.93,0.162,,6,2,No,Mortgage,14369.12,12,DEBT CONSOLIDATION,8.4,No,Central,2024-07-06,0
CR101204,55.0,Male,Single,Master,Unemployed,9.0,39062.65,1430.02,0.439,693.0,19,1,Yes,RENT,11512.23,24,Business,6.54,NO,North,10/03/2024,0
CR103843,35.0,Female,Single,Master,Self-Employed,11.9,31053.54,63.7,0.025,668.0,8,0,No,Rent,32757.66,12,Car,13.7,No,Central,2023-03-01,0
CR102080,65.0,MALE,married,,employed,17.3,125347.31,3947.28,0.378,756.0,9,1,No,Other,46911.67,48,Debt Consolidation,20.8, No ,SOUTH,05-12-2021,0
CR104246,33.0, Female ,Married,Bachelor,Retired,0.0,34285.88,1008.97,0.353,370.0,7,1,No,Rent,13376.73,48,Education,27.87,No,Central,03/06/2023,0
CR104199,31.0,Male,Married,High School,Unemployed,2.1,27286.94,1238.81,0.545,539.0,3,1,Y,,30835.66,24,Other,29.39,no,West,09/12/2021,0
CR104443,44.0, Female ,Divorced,Master,Employed,5.8,33731.26,1240.7,0.441,838.0,10,0,Yes,Mortgage,16292.85,36,Debt Consolidation,29.06,No,South,15/01/2022,0
CR100551,40.0,Male,Married,High School,Employed,10.3,36944.4,204.16,0.066,634.0,18,0,No,Mortgage,9094.54,48,Other,8.39,No, East ,17/09/2023,0
CR101374,69.0,Male,Married,High School,retired,14.8,40358.85,1595.64,0.474,562.0,6,0,No,rent,13994.78,24,Education,4.8,NO, Central ,2024-01-05,0
CR102564,43.0,Male,,high school, Employed ,10.2,36441.07,1562.7,,567.0,7,1,0,Mortgage,37889.75,60,Education,11.72,No, East ,10-12-2022,0
CR102977,70.0,Male,Divorced,PhD,Employed,10.8,,45.14,0.026,341.0,14,1,Yes,rent,4535.32,24,Medical,29.1,No,West,01-02-2022,1
CR103753,33.0,Female,Married,Master,Self-Employed,9.5,63449.48,521.72,0.099,,1,1,Yes,Mortgage,36893.0,60,Education,16.33,Yes,north,29/03/2022,0
CR104030,49.0,Female,Single,Bachelor,Unemployed,3.7,24320.34,995.54,0.491,385.0,13,0,Yes,Own,25357.86,24,Debt Consolidation,15.06,no,West,07/07/2024,0
CR103737,48.0,Female,Married,High School,Employed,7.9,50701.11,1706.05,0.404,361.0,11,0,Yes,Mortgage,26578.26,24,education,8.69,No,Central,10-16-2023,1
CR100985,55.0,Male,Divorced, Bachelor ,Employed,5.4,22800.74,310.11,0.163,311.0,17,1,Yes,Mortgage,48896.78,24,debt consolidation,24.88,No,North,2022-06-14,0
CR101279,68.0,Male,Widowed,Bachelor, Self-Employed ,5.5,32467.97,989.77,0.366,382.0,16,0,No,Own,34736.27,48,Debt Consolidation,29.51,No,West,14/07/2022,0
CR100412,34.0,MALE,SINGLE,Master,Employed,19.7,76435.64,809.32,0.127,632.0,16,0,No,Rent,38280.15,48,Car,21.1,No,West,08-31-2024,0
CR102376,67.0,Female,Married,Bachelor,Retired,1.7,24954.73,188.55,0.091,530.0,16,0,No,Rent,11724.32,48,Business,21.32,No,North,10-08-2021,1
CR104442,57.0,MALE,MARRIED,Bachelor,Unemployed,9.8,86724.75,3955.99,0.547,613.0,5,0,Yes,Rent,31737.26,12,Car,17.06,No,East,12-06-2021,1
CR103819,69.0,Male,Married,Other,Self-Employed,9.6,26902.1,916.41,0.409,808.0,10,1,No,,38207.11,24,Other,18.17,No,South,2022-07-11,0
CR103429,35.0,MALE,married,Master,Employed,7.3,25942.5,664.99,0.308,609.0,9,1,No,Rent,57533.34,12,Education,12.4,No,Central,06/01/2024,0
CR101765,72.0,Female,,OTHER,Self-Employed,12.2,48080.99,1453.73,0.363,450.0,1,0,,Rent,36146.28,48,Debt Consolidation,18.99,No,Central,20/01/2024,0
CR102784,70.0,Male,MARRIED,High_School,Employed,1.0,35125.57,1133.15,0.387,706.0,17,0,Yes,Rent,39542.13,48,Car,19.56,No,West,12-02-2024,1
CR103755,36.0,Male,Married,master,Self-Employed,9.1,81616.72,1132.37,0.166,708.0,12,0,1,Own,2503.25,60,Debt Consolidation,16.33,No,North,12-01-2022,0
CR102655,50.0,Male,Married,Master, Employed ,,,1382.34,0.387,817.0,15,1,No,Mortgage,33091.77,12,Education,5.64,No,East,28/03/2021,0
CR103851,20.0,Male,Married,Bachelor,Self-Employed,14.8,72164.61,2024.95,0.337,728.0,8,1,No,,39361.58,24,Home Improvement,4.84,No,North,18/07/2022,0
CR103493,61.0,Female,Widowed, Master ,Employed,9.4,19774.02,678.33,0.412,349.0,9,2,Yes,Rent,19720.21,24,Business,17.27,NO,SOUTH,06-20-2023,0
CR103542,22.0,Female,SINGLE,Bachelor,Employed,8.4,27779.24,563.16,0.243,460.0,13,0,0,Mortgage,39924.51,48,Home Improvement,20.12,No,West,08/10/2024,1
CR102033,,female,Single,,Employed,12.8,46981.51,1609.93,0.411,419.0,15,0,No,Rent,3921.8,48, Home Improvement ,19.71,No,West,04-03-2021,0
CR100459,24.0,Male,Single,High School,Unemployed,0.0,10862.23,269.44,0.298,671.0,13,0, No ,Other,1184.35,60,Business,11.03,No,SOUTH,10-20-2022,0
CR101397,55.0, Male ,Married,Bachelor,Unemployed,15.1,,1030.71,0.199,492.0,17,1,Yes,Own,37704.33,24,Debt Consolidation,16.43, Yes ,South,28/04/2021,1
CR101072,61.0,FEMALE,Single,bachelor,Employed,13.4,8000.0,259.43,0.389,344.0,2,0, 1 ,Rent,8488.09,24,Home Improvement,28.67,No,Central,21/07/2022,1
CR100506,48.0,Female,Married,,Employed,,46298.24,790.21,0.205,476.0,6,0,No,Rent,45386.74,48,Other,10.06,NO,north,2022-06-19,1
CR101613,58.0, Male ,single,PhD,retired,14.1,22986.63,639.87,0.334,380.0,16,0,No,Own,13267.16,60,Debt Consolidation,28.83,Yes,East,26/07/2021,0
CR103830,70.0,Male,Married,Master, Employed ,19.6,64716.56,538.63,,,9,0,No,Own,41653.71,48,Debt Consolidation,5.85,Yes,north,08/05/2023,0
CR102110,34.0,Female,Single,PhD,Self-Employed,0.0,48725.15,1373.65,0.338,399.0,5,0,Yes,Mortgage,50019.69,12,Car,5.13,No,West,10-18-2021,0
CR101106,32.0,Female,Widowed,High School,Retired,,11742.95,153.32,0.157,,0,0,No,RENT,24258.31,48,Education,6.23,Yes,West,2022-07-11,0
CR104451,32.0,OTHER,,Bachelor,SELF-EMPLOYED,7.5,38380.28,503.71,0.157,612.0,14,0,Yes,Rent,31056.75,36,Car,9.11, No ,North,14/11/2021,0
CR104542,71.0,Female,Divorced, Bachelor ,Retired,0.0,80440.01,2317.4,0.346,441.0,5,0,No,Own,13529.36,24,EDUCATION,18.5,no, South ,03-27-2023,1
CR103906,59.0,Male,Married,High School,Self-Employed,7.8,17527.23,509.4,,824.0,18,1,No,Mortgage,45902.54,48,Debt Consolidation,7.32,Yes,West,2023-10-31,0
CR103680,59.0, Female ,Divorced, Bachelor ,Employed,15.3,46085.51,2067.48,0.538,450.0,9,2, Yes ,Rent,20682.51,60,Car,21.85,No,Central,2021-10-14,0
CR100534,51.0, Female ,Married, Bachelor ,EMPLOYED,2.4,54092.22,1837.88,0.408,341.0,0,1,No, Rent ,50586.92,60,Car,15.19,,Central,27/02/2023,0
CR102814,29.0,Male,Single,,Employed,4.5,24700.52,960.51,0.467,789.0,1,0,NO,Own,2315.12,12,Debt Consolidation,29.62,no,South,05/10/2022,0
CR104476,72.0,Female,Single,,Self-Employed,1.2,27008.12,881.99,0.392,413.0,9,0,YES,,43688.78,48,Home Improvement,5.66,, West ,2024-01-20,1
CR101780,20.0,Female,Single,Other,Retired,5.1,26174.59,587.63,0.269,803.0,1,0,No, Rent ,35694.96,24,Car,6.33,No,West,22/06/2022,1
CR101984,54.0,Female,Single,High School, Employed ,0.0,33949.83,256.66,0.091,500.0,8,0,No, Mortgage ,59946.37,60,Medical,21.78,No,South,26/04/2022,0
CR104297,62.0,Male,Married,Master,RETIRED,16.2,19503.29,873.45,0.537,830.0,3,0,No,,30655.14,48,debt consolidation,20.03,,North,2024-03-06,0
CR103216,18.0,Male,Single,Bachelor,unemployed,,18297.0,577.88,0.379,790.0,14,0,Yes,MORTGAGE,15603.6,48,Medical,7.6,No,East,2021-06-16,1
CR101020,21.0,male, Married ,,employed,10.4,,4284.53,0.518,337.0,0,1,Yes, Mortgage ,9617.28,36,Home Improvement,18.18,No,West,2021-12-24,1
CR100401,63.0,Male,divorced,Master,Employed,3.5,24237.86,281.15,0.139,728.0,3,0,No,Rent,18313.49,12,Car,10.92,No,East,27/03/2023,0
CR100286,27.0,Female, Single ,High School,Self-Employed,7.6,145252.73,4822.41,0.398,401.0,11,0,1,Rent,22663.46,12,Business,25.77,Yes,south,29/10/2022,1
CR101522,29.0,FEMALE,DIVORCED,Other,Employed,10.9,25907.28,902.18,0.418,839.0,10,2,No,Rent,11669.7,60,DEBT CONSOLIDATION,18.22, No ,Central,2024-09-11,0
CR104364,51.0,Female,Widowed,PhD,Retired,8.7,72647.25,2132.37,0.352,548.0,8,0,No,Mortgage,12644.64,48,Medical,16.73,No,West,01-24-2022,0
CR103488,43.0,Female, Married ,High School,Employed,0.0,27612.14,688.39,,796.0,5,0,0,Rent,44500.43,60,car,18.82,No,East,2023-04-24,0
CR100921,51.0,Male,Married,High School,Employed,9.5,39575.35,417.46,0.127,492.0,13,1,yes,Mortgage,24731.39,36,Business,28.99,No,South,05/12/2023,1
CR103125,69.0,Male,Married, Master ,Employed,13.2,89413.26,1283.64,0.172,521.0,5,1,No,Mortgage,31680.29,12,Car,8.95,No,WEST,2023-06-12,0
CR101103,26.0,Female,Married,Bachelor,Employed,0.0,48329.7,1028.4,0.255,665.0,6,1,Yes,Rent,52403.87,24,Home Improvement,23.25,No,Central,07-09-2022,0
CR103123,53.0,Male,Married,phd,Employed,0.6,19749.29,680.78,,770.0,18,0,Yes,Mortgage,18840.1,24,Business,17.43,,North,2024-08-18,0
CR101362,38.0,Male,Single,PhD,Retired,5.5,303847.6306374044,9450.78,0.373,502.0,14,0,No,,29410.22,12,education,19.67,No,East,08-06-2024,1
CR102845,44.0,Female,Married,PhD,Employed,5.0,114933.59,2268.47,0.237,318.0,4,0,Yes,RENT,19607.85,24,Debt Consolidation,6.02,No,South,08/02/2023,0
CR101539,53.0,Male,Married,PhD,Employed,13.6,16087.95,47.26,0.035,687.0,15,0,Yes,Mortgage,12093.17,48,Home Improvement,22.84,No, South ,06-25-2024,0
CR100914,52.0,female, Single ,High_School,Retired,6.9,43023.37,1633.56,0.456,699.0,2,0,Yes,Other,30835.96,48,Debt Consolidation,27.59, No ,North,02-21-2023,0
CR104057,48.0,MALE, Married ,Bachelor,Self-Employed,4.0,40511.81,1605.72,0.476,,6,0,Y,,55458.9,60,Debt Consolidation,7.89,No,Central,05/05/2021,0
CR102605,61.0,Female,SINGLE,Bachelor,EMPLOYED,4.9,28764.05,899.43,0.375,369.0,19,0,No,Rent,12577.49,24,Debt Consolidation,14.99,No,Central,12-05-2021,1
CR102866,36.0,Female,Single,Bachelor,Employed,16.4,22076.54,797.05,0.433,370.0,17,0,Yes,Mortgage,58546.99,60,Debt Consolidation,22.85,,Central,04-04-2022,1
CR102797,50.0,female,Single,Bachelor,Employed,11.7,61577.57,2221.72,0.433,421.0,18,1,,Other,3075.66,12,Medical,19.18, No ,North,2023-07-31,0
CR103626,62.0,Male,Married,Bachelor,Employed,20.5,33873.02,1483.5,0.526,679.0,15,0,Yes, Rent ,39362.62,12,Home_Improvement,8.45,no,West,29/07/2023,0
CR100232,19.0,Male,,Bachelor,Self-Employed,8.5,12671.28,211.81,0.201,341.0,1,1,No,Rent,37234.84,36,Other,17.02,No,East,2021-05-18,0
CR102412,71.0,Female,MARRIED,,Employed,9.7,37971.28,527.73,0.167,302.0,15,1,No,Mortgage,48570.58,12, Education ,17.35,No,West,15/12/2021,1
CR101526,36.0,Male,Single,Other,Employed,4.3,53645.38,143.88,0.032,747.0,5,0,,Rent,53015.42,24,Home Improvement,24.94,,Central,2021-11-15,0
CR100062,39.0,Male,Single,Master,Employed,5.3,33751.53,356.95,0.127,625.0,1,0,No,Rent,47784.71,12,Debt Consolidation,28.76,,East,2022-02-12,0
CR104576,22.0,Female,,Bachelor, Retired ,,23107.09,110.74,0.058,702.0,17,1,,Mortgage,30719.35,12,debt consolidation,6.54,No,East,02-04-2021,0
CR101547,67.0,Male,Single,Bachelor,Self-Employed,7.0,47281.87,531.94,0.135,,11,0,no,Mortgage,10810.27,36,Business,6.27,No,West,2023-09-28,0
CR102710,21.0,Male,Single,Master,Unemployed,15.0,43063.18,1365.62,0.381,451.0,7,1,NO,Own,43250.46,36,Debt Consolidation,15.02,No,West,12-09-2021,1
CR102645,18.0,Male,Married,Master,Unemployed,0.0,,910.64,0.222,824.0,9,0,Yes,RENT,38135.66,48,Other,16.28,No,South,11/04/2023,1
CR101270,39.0,Female,Single,bachelor,employed,8.1,27086.21,931.66,0.413,583.0,3,0,No, Rent ,32378.49,36,Debt Consolidation,6.06,NO,Central,2023-03-25,0
CR102182,53.0,Male,Married,High School,Self-Employed,2.5,52373.17,430.32,0.099,498.0,6,1,yes,Rent,35057.62,12,Debt Consolidation,21.22,No,SOUTH,06-03-2023,0
CR103069,22.0,male,SINGLE,Other,Employed,6.5,39135.28,207.46,0.064,533.0,15,0,No,Rent,34684.72,36,Medical,17.64,No,East,06-29-2023,0
CR102703,66.0,Female,,Other,employed,7.4,22308.66,619.25,0.333,451.0,6,0,no,Mortgage,57610.03,12,Debt Consolidation,13.03, No ,Central,01-03-2023,1
CR100360,67.0,Male,Single,Bachelor,Employed,7.6,28043.12,69.41,0.03,336.0,18,0,Yes, Mortgage ,24008.59,24,Home Improvement,10.56,,East,2021-12-29,0
CR102338,20.0,Female,widowed,Bachelor,employed,3.3,33338.76,845.79,0.304,688.0,14,1,no,Mortgage,7394.15,48,Medical,21.15,NO,East,2022-07-31,0
CR101388,69.0,Female,divorced,Bachelor, Unemployed ,15.1,152348.62,5691.99,,630.0,11,0,Yes,Rent,29480.04,60,business,8.91,NO,South,2023-02-14,0
CR101842,65.0,Female,Single,Bachelor,EMPLOYED,6.8,26177.23,673.99,0.309,790.0,7,0,Yes,Rent,4641.71,24,Other,25.27,No,Central,04-08-2021,0
CR102119,58.0,Male,Single,master,EMPLOYED,9.0,38437.88,1298.9,0.406,462.0,3,1,no,Mortgage,56217.13,60,Business,17.93,no,East,04-03-2022,1
CR102052,38.0,Female,Single,bachelor,Employed,0.0,31690.27,607.76,0.23,523.0,17,2,No,Own,16051.41,48,Education,7.71,No,North,03-14-2021,1
CR102693,42.0,Male,Married,BACHELOR,RETIRED,1.9,21655.96,277.5,0.154,727.0,3,0,No,Own,1434.86,60,Debt Consolidation,11.65,No,South,11-04-2024,1
CR100044,21.0,Male,married,Bachelor,Employed,1.4,52518.64,2219.75,0.507,315.0,16,0,No,MORTGAGE,51562.54,36,Debt Consolidation,15.62,,South,02-08-2022,0
CR102810,47.0,Male,,High School,Employed,10.0,34977.49,341.97,0.117,545.0,17,2,,Rent,45524.44,12,Home Improvement,15.03, Yes ,West,09/02/2022,0
CR100796,74.0,Male,Married,Bachelor,employed,11.9,49962.69,198.53,0.048,771.0,4,0,No,own,46948.86,60, Business ,29.49,No,East,01-01-2024,0
CR101159,37.0,Female,Married,BACHELOR,Retired,,61001.46,1708.42,0.336,727.0,6,1,Yes,Own,3822.06,12,Home Improvement,11.73,No,North,2021-11-27,1
CR101454,51.0,FEMALE,Married,Bachelor,Unemployed,5.9,28449.57,210.35,0.089,477.0,1,2,yes,Other,26304.32,48,Car,12.6,NO,North,09/12/2022,1
CR101681,18.0,Male,Widowed,High School,Self-Employed,0.9,96816.86,3179.13,0.394,516.0,1,0,No,Mortgage,51246.73,48,Debt Consolidation,13.05,No,South,2021-07-13,1
CR101990,48.0,Male,Married,Master,SELF-EMPLOYED,3.2,43942.08,1185.75,0.324,711.0,13,0,YES,Rent,21278.39,12, Debt Consolidation ,27.08,No,East,12/04/2024,0
CR100630,60.0,Male,SINGLE,Master,Employed,0.8,22427.47,948.5,0.508,523.0,3,1,no,Rent,21898.88,48,Business,12.8,Yes,North,2024-04-11,0
CR103536,19.0,Female,Single,Master,Employed,,12640.91,51.5,0.049,573.0,11,0,No,Rent,53288.27,12,Debt Consolidation,21.65,No, South ,03-20-2021,0
CR101185,, Female ,DIVORCED,High School,Retired,8.2,28328.76,360.6,0.153,428.0,17,0,0,Mortgage,21121.2,60,Debt Consolidation,6.33,yes,West,24/05/2023,1
CR104491,,Male,Married,High School,Employed,9.9,80138.49,444.33,,568.0,18,1,No,Own,9639.49,48,Home Improvement,5.94,Yes,West,05-09-2024,0
CR102808,,Male,Single,High School,Unemployed,,,1481.7,0.391,,16,0,Yes,Own,38221.41,12,Other,14.27,Yes,Central,12-05-2022,0
CR102654,67.0,MALE,SINGLE,Bachelor,Employed,9.3,,242.15,0.09,323.0,13,0,No,RENT,39746.75,12,Debt Consolidation,9.11,NO,east,03-29-2024,0
CR102454,,Male,Widowed,High School,self-employed,3.4,47061.19,871.96,0.222,468.0,10,0,Yes,Own,23737.26,36,medical,18.24,No,South,08-13-2022,0
CR100561,20.0,Male,Married,Bachelor,Self-Employed,4.2,15493.27,458.68,0.355,707.0,2,1,Yes,Own,13967.78,24, Business ,29.53,Yes,South,2022-03-04,1
CR100093,40.0,Male,Widowed,High_School,Self-Employed,13.1,27198.46,738.82,0.326,,15,0,Y, Mortgage ,5951.46,12,Debt Consolidation,20.33,No,Central,13/01/2023,0
CR103602,26.0,Female,Divorced,Bachelor,Employed,16.8,35480.71,604.55,0.204,697.0,10,0,1,Rent,49361.58,48,Business,27.2,No,SOUTH,2024-08-04,0
CR100283,46.0,Male,Single,BACHELOR,Employed,2.9,13591.93,196.24,0.173,492.0,1,1,No,Rent,23364.88,48,Education,22.37,No,South,18/06/2023,0
CR101828,53.0,Male,Married,Master,Retired,2.3,60471.64,1328.37,0.264,662.0,10,0,Y,Mortgage,27946.58,48,Debt Consolidation,16.32,No,West,07-16-2023,0
CR102700,69.0,Female,Divorced,Master,Unemployed,8.0,52539.35,261.61,,528.0,16,1,No,OTHER,52993.8,36, Car ,13.27,No,North,2024-05-04,0
CR100089,66.0,Other,widowed,Bachelor,Employed,4.0,12715.36,342.58,0.323,,8,0,No,Rent,51436.59,60,Car,11.92,No,East,13/05/2021,1
CR103870,20.0,Male,Married,Master,Self-Employed,0.0,,548.6,0.143,664.0,16,1,Y,Rent,53701.24,48,Debt_Consolidation,8.57,No,WEST,09-12-2024,0
CR101366,35.0,Female,Single,,Employed,4.0,14882.27,292.81,0.236,,6,2,,Rent,1061.4,60,Debt Consolidation,10.01,NO,West,2023-10-03,0
CR103932,58.0,Female,Divorced,High School,Unemployed,2.8,36645.43,80.89,0.026,,16,1,No,Mortgage,52329.69,48,Car,7.75,No,West,2021-02-15,0
CR100653,64.0,Female,Widowed,Bachelor,Unemployed,9.3,29102.5,318.96,0.132,825.0,16,1,No,Mortgage,31154.28,60, Education ,10.13,yes,East,09-03-2024,1
CR101406,38.0,Female,Married,High School,Employed,1.8,44639.96,1083.18,0.291,697.0,17,0,no,Own,29183.71,48,Car,11.25, No ,North,19/11/2022,0
CR100409,18.0,Male,Divorced, Bachelor ,Employed,10.2,29514.05,992.96,0.404,308.0,5,1,1,Own,4548.29,24,Business,15.14,No,Central,02-18-2023,0
CR104109,,Male,Single,Bachelor,Unemployed,,32928.07,1116.84,0.407,831.0,15,0,1,Mortgage,27084.16,48,Medical,22.36,,West,17/06/2021,1
CR104173,38.0,Male,Married,Master,Employed,13.6,36738.11,625.04,0.204,695.0,8,1,1,,38011.51,12,HOME IMPROVEMENT,29.06,No,East,26/09/2021,0
CR103126,66.0,female,Widowed,Master,Self-Employed,20.3,58597.66,1165.18,0.239,659.0,8,0,No,,6241.51,12, Car ,17.19,No, West ,23/06/2021,0
CR100974,26.0,Female, Married ,Bachelor,Employed,12.7,32249.17,1057.04,0.393,482.0,19,1,,Mortgage,16553.38,24,Debt Consolidation,23.38,No,east,11/10/2024,0
CR100574,18.0,Other,Single, Bachelor ,Employed,10.9,41117.38,1554.72,0.454,842.0,1,0,No,Rent,52758.42,48, Debt Consolidation ,19.47,Yes,West,04-16-2021,0
CR103435,53.0,female,Married,Bachelor,Unemployed,4.0,43878.43,1604.23,0.439,,0,0,Yes, Other ,27756.44,24,Other,25.46,Yes,North,27/02/2022,0
CR103416,53.0,Female,Single,Master, Employed ,15.1,48404.0,1774.71,0.44,,1,0,Yes,Mortgage,2415.21,24,Debt Consolidation,26.16,No, East ,14/04/2022,0
CR102102,27.0,Female,Married,, Employed ,5.7,20698.82,217.38,0.126,660.0,3,2,,Mortgage,29384.24,12,Debt Consolidation,10.08,no,WEST,04-06-2024,0
CR102443,30.0,Male,Single,other,Employed,15.2,20144.53,212.31,0.126,625.0,6,0,Yes,Rent,47101.24,48,Debt Consolidation,27.0,no,North,18/12/2023,0
CR100239,54.0,Female,married,Bachelor,Employed,2.3,49148.22,679.37,0.166,657.0,17,0,1,Mortgage,50534.3,12,Home Improvement,16.44,No, North ,20/07/2024,0
CR104452,45.0,Female,Single,Bachelor,Employed,0.0,38546.61,465.85,0.145,683.0,6,0,Yes,,14996.19,60,Debt Consolidation,12.46,No,West,2021-05-18,0
CR102550,55.0,FEMALE,SINGLE, Bachelor ,Employed,7.7,30798.95,677.22,0.264,585.0,2,2,, Rent ,54711.04,12,Business,27.49,No,South,05-26-2024,0
CR104136,,Female,Divorced,Bachelor,Employed,4.3,40359.43,531.28,0.158,,12,1,Yes,Mortgage,10240.92,36,Education,6.5,No,East,18/05/2021,1
CR101097,61.0,Female,Married, Other ,EMPLOYED,9.0,27993.18,812.56,0.348,839.0,1,0,yes,Rent,15591.04,24,Home Improvement,24.35,No,East,18/07/2024,0
CR101032,60.0,Female,Divorced,phd,Retired,7.0,27825.79,572.68,0.247,632.0,0,0,No,Other,27798.58,48,home improvement,8.73,No,South,2022-07-31,0
CR102042,61.0,Female,Single,Bachelor,Employed,6.1,95467.5,910.12,0.114,767.0,9,1,Yes,MORTGAGE,14394.38,24,Medical,22.94,No,central,2023-02-02,0
CR101949,36.0,Male,Divorced,Master,Retired,19.8,51545.39,1902.31,0.443,849.0,17,0,YES,Own,2871.79,60,Car,22.12,No,West,13/10/2021,0
CR101520,68.0,Female,Single,high school,Employed,0.0,52027.4,2291.16,0.528,736.0,14,0,No,Rent,37254.97,48,Medical,7.64,No,West,07/04/2024,1
CR102009,54.0,female,Single, High School ,Employed,6.4,29099.4,873.42,0.36,637.0,8,1,No,,33993.25,12,Debt Consolidation,20.2,No,West,09-28-2021,0
CR101180,53.0,Male,Married,Bachelor,EMPLOYED,5.6,36677.32,1241.12,0.406,396.0,0,1, No ,Other,5833.04,60,Medical,24.37,Yes,north,2024-08-07,1
CR103441,19.0,Female,Married,,Employed,7.8,46624.67,1006.97,0.259,,18,2,No,Mortgage,48365.36,36,Medical,14.94, Yes ,East,2023-03-15,1
CR101344,28.0,male,Divorced,High School,Employed,8.3,,162.71,0.071,669.0,11,2,0,rent,17656.59,60, Home Improvement ,22.23,no,Central,11-08-2024,0
CR101765,72.0,Female,,OTHER,Self-Employed,12.2,48080.99,1453.73,0.363,450.0,1,0,,Rent,36146.28,48,Debt Consolidation,18.99,No,Central,20/01/2024,0
CR101289,54.0,Male,Widowed,Bachelor,RETIRED,5.9,35699.21,824.51,0.277,573.0,0,0,No,OTHER,35750.77,36,Medical,5.24,No, Central ,02-08-2024,0
